"code","country"
"0011210007703","Argentina"
"0013000001243","Argentina"
"0038000845260","Argentina"
"0041224722002","Argentina"
"0041789002991","Argentina"
"0076625212074","Argentina"
"0617308824117","Argentina"
"0617395129607","Argentina"
"0634240334733","Argentina"
"0656750783924","Argentina"
"0656750783931","Argentina"
"0681170300208","Argentina"
"0724373732787","Argentina"
"0736684208707","Argentina"
"0736684208714","Argentina"
"0745760017751","Argentina"
"0790757847354","Argentina"
"2800000707019","Argentina"
"3017620429484","Argentina"
"3502490088836","Argentina"
"3760999400478","Argentina"
"4009900545402","Argentina"
"4820156635590","Argentina"
"4823077608810","Argentina"
"4823077627200","Argentina"
"4823077635670","Argentina"
"4823077636073","Argentina"
"4823077636110","Argentina"
"4823077636943","Argentina"
"4823077640988","Argentina"
"4823077641268","Argentina"
"4823077641312","Argentina"
"4823077641329","Argentina"
"4823077642401","Argentina"
"5000267023601","Argentina"
"5281010941445","Argentina"
"5711953175954","Argentina"
"6111245344133","Argentina"
"6130413004914","Argentina"
"6130760004513","Argentina"
"6132516860060","Argentina"
"6133136000386","Argentina"
"6134261001255","Argentina"
"6135345000010","Argentina"
"6135345000041","Argentina"
"6224008082019","Argentina"
"6281004135934","Argentina"
"6281011701870","Argentina"
"6281039163216","Argentina"
"6281057005093","Argentina"
"6281057012237","Argentina"
"6281100720317","Argentina"
"6287041920083","Argentina"
"6294001800279","Argentina"
"75032715","Argentina"
"7613035494800","Argentina"
"7622201385255","Argentina"
"7622201385316","Argentina"
"7622201710989","Argentina"
"7622201808884","Argentina"
"7702020212052","Argentina"
"7702025149605","Argentina"
"7730116242164","Argentina"
"7790040003569","Argentina"
"7790040003606","Argentina"
"7790040116610","Argentina"
"7790040126817","Argentina"
"7790040132689","Argentina"
"7790040133259","Argentina"
"7790040133266","Argentina"
"7790040133488","Argentina"
"7790040135765","Argentina"
"7790040137813","Argentina"
"7790040140912","Argentina"
"7790040140943","Argentina"
"7790040142992","Argentina"
"7790040143227","Argentina"
"7790040143234","Argentina"
"7790040143364","Argentina"
"7790040143531","Argentina"
"7790040143807","Argentina"
"7790040143937","Argentina"
"7790040143944","Argentina"
"7790040147775","Argentina"
"7790040377707","Argentina"
"7790040377806","Argentina"
"7790040613706","Argentina"
"7790040704800","Argentina"
"7790040704909","Argentina"
"7790040719804","Argentina"
"7790040882102","Argentina"
"7790040946200","Argentina"
"7790045000846","Argentina"
"7790045001188","Argentina"
"7790045001195","Argentina"
"7790045001584","Argentina"
"7790045001607","Argentina"
"7790045823568","Argentina"
"7790045823575","Argentina"
"7790045823865","Argentina"
"7790045824886","Argentina"
"7790045824893","Argentina"
"7790045825395","Argentina"
"7790045825791","Argentina"
"7790045826200","Argentina"
"7790045826224","Argentina"
"7790045826309","Argentina"
"7790045826637","Argentina"
"7790045827559","Argentina"
"7790070012050","Argentina"
"7790070035967","Argentina"
"7790070231864","Argentina"
"7790070231871","Argentina"
"7790070265487","Argentina"
"7790070318343","Argentina"
"7790070335975","Argentina"
"7790070336026","Argentina"
"7790070336118","Argentina"
"7790070336149","Argentina"
"7790070336217","Argentina"
"7790070336316","Argentina"
"7790070336965","Argentina"
"7790070337016","Argentina"
"7790070418425","Argentina"
"7790070418449","Argentina"
"7790070431516","Argentina"
"7790070433091","Argentina"
"7790070507341","Argentina"
"7790070508621","Argentina"
"7790070562258","Argentina"
"7790070622075","Argentina"
"7790070936479","Argentina"
"7790079010828","Argentina"
"7790080065145","Argentina"
"7790127780987","Argentina"
"7790150161128","Argentina"
"7790170903920","Argentina"
"7790170903937","Argentina"
"7790174001318","Argentina"
"7790199000013","Argentina"
"7790199604587","Argentina"
"7790199604594","Argentina"
"7790244001064","Argentina"
"7790263119634","Argentina"
"7790263119658","Argentina"
"7790272001005","Argentina"
"7790272001029","Argentina"
"7790310920398","Argentina"
"7790310985403","Argentina"
"7790310985618","Argentina"
"7790310985656","Argentina"
"7790360720115","Argentina"
"7790360720382","Argentina"
"77903860","Argentina"
"7790387014419","Argentina"
"7790387113242","Argentina"
"7790398000265","Argentina"
"7790398100132","Argentina"
"7790407031013","Argentina"
"7790411000012","Argentina"
"7790411000029","Argentina"
"7790411000050","Argentina"
"7790411001613","Argentina"
"7790412000295","Argentina"
"7790412001629","Argentina"
"7790503000326","Argentina"
"7790503198689","Argentina"
"7790503198696","Argentina"
"7790503199082","Argentina"
"7790538010321","Argentina"
"7790550022258","Argentina"
"77905734","Argentina"
"77905741","Argentina"
"7790580056001","Argentina"
"7790580105822","Argentina"
"7790580109882","Argentina"
"7790580111243","Argentina"
"7790580120092","Argentina"
"7790580123741","Argentina"
"7790580124397","Argentina"
"7790580129347","Argentina"
"7790580132224","Argentina"
"7790580132392","Argentina"
"7790580132477","Argentina"
"7790580133177","Argentina"
"7790580134440","Argentina"
"7790580138721","Argentina"
"7790580138738","Argentina"
"7790580141844","Argentina"
"7790580142995","Argentina"
"7790580146115","Argentina"
"7790580199913","Argentina"
"7790580504809","Argentina"
"7790580567903","Argentina"
"7790580602000","Argentina"
"7790616080116","Argentina"
"7790639003437","Argentina"
"7790710334535","Argentina"
"7790710334603","Argentina"
"7790742140609","Argentina"
"7790742141705","Argentina"
"7790742172204","Argentina"
"7790742223104","Argentina"
"7790742321800","Argentina"
"7790742324108","Argentina"
"7790742333605","Argentina"
"7790742335500","Argentina"
"7790742335609","Argentina"
"7790742340108","Argentina"
"7790742348005","Argentina"
"7790742348302","Argentina"
"7790742358400","Argentina"
"7790742358509","Argentina"
"7790742358608","Argentina"
"7790742363107","Argentina"
"7790742373205","Argentina"
"7790742373304","Argentina"
"7790742373908","Argentina"
"7790742436108","Argentina"
"7790742625205","Argentina"
"7790742625304","Argentina"
"77907509","Argentina"
"7790787153664","Argentina"
"7790787960651","Argentina"
"7790790120257","Argentina"
"7790813130140","Argentina"
"7790847060680","Argentina"
"7790873000025","Argentina"
"7790895000218","Argentina"
"7790895000232","Argentina"
"7790895000829","Argentina"
"7790895000997","Argentina"
"7790895003035","Argentina"
"7790895005794","Argentina"
"7790895009815","Argentina"
"7790895012259","Argentina"
"7790895067556","Argentina"
"7790895067617","Argentina"
"7790895640025","Argentina"
"7790895640445","Argentina"
"7790895643835","Argentina"
"7790895648441","Argentina"
"7790895649806","Argentina"
"77909053","Argentina"
"7791058790359","Argentina"
"7791078023376","Argentina"
"7791118000503","Argentina"
"7791120098093","Argentina"
"7791120098888","Argentina"
"7791120102769","Argentina"
"7791120103148","Argentina"
"7791273000707","Argentina"
"7791324157046","Argentina"
"7791324157466","Argentina"
"7791337006355","Argentina"
"7791337007208","Argentina"
"7791337007253","Argentina"
"7791337007901","Argentina"
"7791337007932","Argentina"
"7791337007949","Argentina"
"7791337009660","Argentina"
"7791337009677","Argentina"
"7791337009783","Argentina"
"7791337009820","Argentina"
"7791337010017","Argentina"
"7791337060944","Argentina"
"7791337061385","Argentina"
"7791337061491","Argentina"
"7791337939813","Argentina"
"77915818","Argentina"
"77916525","Argentina"
"7791708001484","Argentina"
"7791720025291","Argentina"
"7791720026564","Argentina"
"7791720028773","Argentina"
"7791720029404","Argentina"
"7791720029473","Argentina"
"7791720030004","Argentina"
"7791720037003","Argentina"
"7791813421382","Argentina"
"7791813777021","Argentina"
"7791866000558","Argentina"
"7791866001197","Argentina"
"7791866001203","Argentina"
"7791866001357","Argentina"
"7791866004211","Argentina"
"7791875000020","Argentina"
"7791875000334","Argentina"
"7791875000471","Argentina"
"7791875005353","Argentina"
"7791875101956","Argentina"
"7791954004109","Argentina"
"7792170042258","Argentina"
"7792170052271","Argentina"
"7792170555345","Argentina"
"7792170555420","Argentina"
"7792180001665","Argentina"
"7792180004567","Argentina"
"7792180005182","Argentina"
"7792180007315","Argentina"
"7792180137111","Argentina"
"7792200000159","Argentina"
"7792200000319","Argentina"
"7792200001125","Argentina"
"77922120","Argentina"
"7792290000398","Argentina"
"7792350067019","Argentina"
"7792360071365","Argentina"
"7792360072447","Argentina"
"7792360094968","Argentina"
"7792360096818","Argentina"
"7792540260138","Argentina"
"7792540294607","Argentina"
"7792590001064","Argentina"
"7792710000090","Argentina"
"7792710000151","Argentina"
"7792710000182","Argentina"
"7792799000011","Argentina"
"7793046007722","Argentina"
"7793046007791","Argentina"
"7793046008415","Argentina"
"7793323004789","Argentina"
"7793323004802","Argentina"
"7793360000157","Argentina"
"7793360103018","Argentina"
"7793360131516","Argentina"
"7793450000159","Argentina"
"7793704000225","Argentina"
"7793704000911","Argentina"
"7793704000928","Argentina"
"7793750000057","Argentina"
"7793890258264","Argentina"
"7793890258271","Argentina"
"7793890258431","Argentina"
"7793890258752","Argentina"
"7793890258806","Argentina"
"7793890259001","Argentina"
"7793890260892","Argentina"
"7793890261196","Argentina"
"7793890261226","Argentina"
"7793890261486","Argentina"
"7793890261493","Argentina"
"7793913001822","Argentina"
"7793913002423","Argentina"
"7793913013443","Argentina"
"7793913013535","Argentina"
"7793913013689","Argentina"
"7793913013726","Argentina"
"7793913013986","Argentina"
"7793913013993","Argentina"
"77939234","Argentina"
"7793940044007","Argentina"
"7793940054006","Argentina"
"7794000006072","Argentina"
"7794000006164","Argentina"
"7794000007093","Argentina"
"7794000007109","Argentina"
"77940131","Argentina"
"77940148","Argentina"
"7794820000885","Argentina"
"7794820902721","Argentina"
"7794820903292","Argentina"
"7794870000330","Argentina"
"7794940000796","Argentina"
"7794990879656","Argentina"
"7794990879663","Argentina"
"7795293601869","Argentina"
"77953124","Argentina"
"7795735000328","Argentina"
"7795735000342","Argentina"
"7795735600917","Argentina"
"7795735600924","Argentina"
"7795735601228","Argentina"
"7795933204023","Argentina"
"7796373002682","Argentina"
"77965370","Argentina"
"7797470199121","Argentina"
"77976291","Argentina"
"77976307","Argentina"
"7798005750169","Argentina"
"77980212","Argentina"
"77980229","Argentina"
"77980236","Argentina"
"77980274","Argentina"
"7798031470833","Argentina"
"7798033333891","Argentina"
"7798033333907","Argentina"
"7798039850026","Argentina"
"7798048720150","Argentina"
"7798048720938","Argentina"
"7798048730876","Argentina"
"7798054490603","Argentina"
"7798059750252","Argentina"
"7798060850019","Argentina"
"7798060852822","Argentina"
"7798065733454","Argentina"
"7798085681568","Argentina"
"7798085681841","Argentina"
"7798085681957","Argentina"
"7798088960059","Argentina"
"7798094220956","Argentina"
"7798094225616","Argentina"
"7798094340555","Argentina"
"7798096031079","Argentina"
"7798096031086","Argentina"
"7798101202562","Argentina"
"7798108347891","Argentina"
"7798108349161","Argentina"
"7798113300270","Argentina"
"7798119220015","Argentina"
"7798119220183","Argentina"
"7798127670161","Argentina"
"7798128000677","Argentina"
"7798128002138","Argentina"
"7798134780235","Argentina"
"7798136870606","Argentina"
"7798136870743","Argentina"
"7798141711031","Argentina"
"7798141972388","Argentina"
"7798142880019","Argentina"
"7798147783223","Argentina"
"7798151952332","Argentina"
"7798151952356","Argentina"
"7798151953117","Argentina"
"7798151953254","Argentina"
"7798151953346","Argentina"
"7798151953360","Argentina"
"7798165593347","Argentina"
"7798171730095","Argentina"
"7798171730392","Argentina"
"7798174970016","Argentina"
"7798181510212","Argentina"
"7798183771918","Argentina"
"7798184451031","Argentina"
"7798187211830","Argentina"
"7798188380177","Argentina"
"7798228640902","Argentina"
"7798233800704","Argentina"
"7798267200754","Argentina"
"7798310270048","Argentina"
"7798333090067","Argentina"
"7798333090142","Argentina"
"7798338290035","Argentina"
"7798338291575","Argentina"
"7798342151810","Argentina"
"7798342151827","Argentina"
"7798343750999","Argentina"
"7798343751002","Argentina"
"7798343751026","Argentina"
"7798343751088","Argentina"
"7798343751118","Argentina"
"7798343751422","Argentina"
"7798343751507","Argentina"
"7798343751521","Argentina"
"7798355480013","Argentina"
"7798355480044","Argentina"
"7798359560445","Argentina"
"7798359560469","Argentina"
"7798397444202","Argentina"
"7798417060085","Argentina"
"7798419670022","Argentina"
"7798419670091","Argentina"
"7798422620021","Argentina"
"77984395","Argentina"
"7799120000863","Argentina"
"7799155000852","Argentina"
"7799155000982","Argentina"
"77995681","Argentina"
"7802225640770","Argentina"
"7802920005782","Argentina"
"7803525999544","Argentina"
"7891000248799","Argentina"
"7891000249239","Argentina"
"7891000331613","Argentina"
"7891167011724","Argentina"
"7891167011779","Argentina"
"7891330020010","Argentina"
"7891962027395","Argentina"
"7891962032283","Argentina"
"7891962032290","Argentina"
"7891962036915","Argentina"
"7896004004983","Argentina"
"7896041156010","Argentina"
"7896423414783","Argentina"
"7896423438130","Argentina"
"7898024394181","Argentina"
"8000500024041","Argentina"
"8005121000061","Argentina"
"8005121000078","Argentina"
"8005121000085","Argentina"
"8005121000092","Argentina"
"8005121000122","Argentina"
"8005121000146","Argentina"
"8005121000276","Argentina"
"8005121000405","Argentina"
"8005121000535","Argentina"
"8005121000900","Argentina"
"8005121000917","Argentina"
"8005121050851","Argentina"
"80838999","Argentina"
"8410076601797","Argentina"
"8434165653061","Argentina"
"8437027509643","Argentina"
"8445290615961","Argentina"
"8445291053151","Argentina"
"8445291121843","Argentina"
"8445291121881","Argentina"
"8445291389021","Argentina"
"8480000154361","Argentina"
"8480017006080","Argentina"
"8480017129512","Argentina"
"8480017233905","Argentina"
"8480017301888","Argentina"
"8480017316318","Argentina"
"8480017598943","Argentina"
"8683923556117","Argentina"
"8690146145875","Argentina"
"8690158120143","Argentina"
"8690526063386","Argentina"
"8690526093642","Argentina"
"8690632020433","Argentina"
"8690632047775","Argentina"
"8699141058340","Argentina"
"8712000056544","Argentina"
"8906038788601","Argentina"
"8906038788625","Argentina"
"8906038788649","Argentina"
"0009542009984","Australia"
"0009542045371","Australia"
"0011152463292","Australia"
"0011210000872","Australia"
"0011210006508","Australia"
"0013409341155","Australia"
"0034000003129","Australia"
"0037600293525","Australia"
"0037600293532","Australia"
"0039047001152","Australia"
"0040600029780","Australia"
"0044738018371","Australia"
"0050255224003","Australia"
"0062020000248","Australia"
"0066613004026","Australia"
"0073390000165","Australia"
"0074410741860","Australia"
"0076808009330","Australia"
"0077521941013","Australia"
"0078895126389","Australia"
"0078895126396","Australia"
"0078895300024","Australia"
"0078895770018","Australia"
"0078935005117","Australia"
"0084380957444","Australia"
"0097923002365","Australia"
"0097923543301","Australia"
"01777116","Australia"
"0613008730710","Australia"
"0613008730734","Australia"
"0631656710519","Australia"
"0682430400102","Australia"
"0682430611751","Australia"
"0711844110083","Australia"
"0720516022234","Australia"
"0720516023095","Australia"
"0720516025730","Australia"
"0722252100900","Australia"
"0722252101204","Australia"
"0722252101808","Australia"
"0722252102003","Australia"
"0722252161093","Australia"
"0722252601414","Australia"
"0722252601421","Australia"
"0722252601445","Australia"
"0734756000020","Australia"
"0736211362315","Australia"
"0764218608372","Australia"
"0782733000013","Australia"
"0782733000020","Australia"
"0789673000042","Australia"
"0789673000080","Australia"
"0818562022893","Australia"
"0837328000005","Australia"
"0837328000029","Australia"
"0837328000050","Australia"
"0842234000520","Australia"
"0842234000971","Australia"
"0842234001664","Australia"
"0850004207789","Australia"
"0852629004583","Australia"
"0887267000031","Australia"
"0891756000167","Australia"
"0894700010014","Australia"
"0897580000106","Australia"
"13006339","Australia"
"13396879","Australia"
"19015958","Australia"
"20083892","Australia"
"26001029","Australia"
"26004105","Australia"
"26006017","Australia"
"26006079","Australia"
"26007120","Australia"
"26038551","Australia"
"26042855","Australia"
"3035542004206","Australia"
"3045320016055","Australia"
"3046920010047","Australia"
"3046920010382","Australia"
"3046920010603","Australia"
"3046920011013","Australia"
"3046920028004","Australia"
"3046920028363","Australia"
"3046920028721","Australia"
"3046920028752","Australia"
"3046920029698","Australia"
"3046920045308","Australia"
"3046920045315","Australia"
"3046920084000","Australia"
"3046920090018","Australia"
"3068320111919","Australia"
"3073780574242","Australia"
"3073780810661","Australia"
"3073780963893","Australia"
"3147690051206","Australia"
"3147690061007","Australia"
"3161712996108","Australia"
"3379140600775","Australia"
"3514120107107","Australia"
"3664346350549","Australia"
"3800205872924","Australia"
"4000161060116","Australia"
"4000417019004","Australia"
"4000417023001","Australia"
"4000539363108","Australia"
"4000539669804","Australia"
"4000539670008","Australia"
"4000539670503","Australia"
"4000539670602","Australia"
"4000607854705","Australia"
"4001686372586","Australia"
"4001724819103","Australia"
"4006381333627","Australia"
"4006381333641","Australia"
"4008100173460","Australia"
"4014400900897","Australia"
"4037719068539","Australia"
"4061461431198","Australia"
"4061462095320","Australia"
"4061462110801","Australia"
"4061462754753","Australia"
"4061463713841","Australia"
"4061464242937","Australia"
"4067700011015","Australia"
"40804613","Australia"
"4088700000465","Australia"
"4088700042700","Australia"
"4088700054901","Australia"
"4088700057254","Australia"
"4088700062357","Australia"
"4088700067840","Australia"
"4088700067857","Australia"
"4088700072677","Australia"
"4088700082904","Australia"
"4088700085127","Australia"
"4088700091197","Australia"
"4088700091982","Australia"
"4088700093214","Australia"
"4088700109267","Australia"
"4088700118603","Australia"
"4088700126837","Australia"
"4088700141854","Australia"
"4088700145968","Australia"
"4088700164204","Australia"
"4088700178621","Australia"
"4088700190241","Australia"
"4088700238455","Australia"
"4088700354506","Australia"
"4088700354551","Australia"
"4088700354698","Australia"
"4088700354759","Australia"
"4710144101216","Australia"
"4711931005106","Australia"
"4711931005113","Australia"
"4711931007292","Australia"
"4901002141714","Australia"
"4901002141738","Australia"
"4902663007524","Australia"
"49645309","Australia"
"49814521","Australia"
"5000111001007","Australia"
"5000111045414","Australia"
"5000137001968","Australia"
"5000158063938","Australia"
"5000159483063","Australia"
"5000159509633","Australia"
"5000171010025","Australia"
"5000184321064","Australia"
"5000184321842","Australia"
"5000197520973","Australia"
"5000267014203","Australia"
"5000267102566","Australia"
"5000281021621","Australia"
"5000354800931","Australia"
"5000354909702","Australia"
"5000396053821","Australia"
"5000396053845","Australia"
"5000396054798","Australia"
"5000396054859","Australia"
"5000396056266","Australia"
"5010102100015","Australia"
"5010103800259","Australia"
"5010477341273","Australia"
"5010477349651","Australia"
"5010775200661","Australia"
"5010975030020","Australia"
"5010975070095","Australia"
"5011007003005","Australia"
"5011007003227","Australia"
"5011013100118","Australia"
"5011013100156","Australia"
"5011157888101","Australia"
"5011157888132","Australia"
"5011157888224","Australia"
"5011157888316","Australia"
"5011308000307","Australia"
"5011308000314","Australia"
"5011308000994","Australia"
"5011308001922","Australia"
"5011308002400","Australia"
"5011308953009","Australia"
"5011428100048","Australia"
"5011428300035","Australia"
"50147311","Australia"
"5016084504582","Australia"
"5021476000825","Australia"
"5021812000656","Australia"
"5022019010110","Australia"
"5022019010202","Australia"
"5022019090204","Australia"
"5022019560202","Australia"
"5022019590209","Australia"
"5027324001839","Australia"
"5027324001860","Australia"
"5032722306523","Australia"
"5034660522775","Australia"
"5050665005945","Australia"
"5052675000200","Australia"
"5052675000224","Australia"
"5052675000958","Australia"
"5052675000972","Australia"
"5052675000989","Australia"
"5052675030009","Australia"
"5052675040206","Australia"
"5052675060204","Australia"
"5059319023472","Australia"
"5060002043752","Australia"
"5060045388384","Australia"
"5060054134033","Australia"
"5060108450010","Australia"
"5060108450096","Australia"
"5060108450263","Australia"
"5060108450287","Australia"
"5060108450324","Australia"
"5060108450508","Australia"
"5060108450546","Australia"
"5060108450959","Australia"
"5060108450966","Australia"
"5060108451697","Australia"
"5060221201391","Australia"
"5060221203753","Australia"
"5060321390315","Australia"
"5060489730732","Australia"
"5060605060552","Australia"
"5060605060576","Australia"
"5060811380901","Australia"
"5201051001076","Australia"
"5201051002219","Australia"
"5201119000164","Australia"
"5201168215298","Australia"
"5201168215649","Australia"
"5202413007019","Australia"
"5202853502013","Australia"
"5281117002223","Australia"
"5281117003336","Australia"
"5281117011775","Australia"
"5281117012536","Australia"
"5290093000659","Australia"
"5310146002635","Australia"
"5391528181070","Australia"
"5410126006339","Australia"
"5410126006360","Australia"
"5410126116953","Australia"
"5410126146943","Australia"
"5410126146950","Australia"
"5410126716016","Australia"
"5410976080428","Australia"
"5410976140122","Australia"
"5413548040479","Australia"
"5740200001012","Australia"
"5740900400894","Australia"
"5740900401099","Australia"
"5740900403604","Australia"
"5740900404601","Australia"
"5740902895803","Australia"
"5760466738040","Australia"
"5900397734272","Australia"
"6001056662000","Australia"
"6001092500052","Australia"
"6001108028044","Australia"
"6003770000168","Australia"
"6003770000519","Australia"
"6003770000953","Australia"
"6003770008867","Australia"
"6003770009123","Australia"
"6003770009260","Australia"
"6003770009680","Australia"
"6009522301262","Australia"
"6194049100044","Australia"
"6921180820087","Australia"
"6921804700054","Australia"
"6921804700269","Australia"
"6921804700788","Australia"
"6921804720410","Australia"
"7290000572109","Australia"
"7312040017034","Australia"
"7312040017683","Australia"
"7312930002201","Australia"
"75032715","Australia"
"7610062000073","Australia"
"7610400013840","Australia"
"7610400013857","Australia"
"7610400013864","Australia"
"7610400014632","Australia"
"7610400014649","Australia"
"7610400070577","Australia"
"7613035419056","Australia"
"7614500010013","Australia"
"7614500035788","Australia"
"76145513","Australia"
"7622200007332","Australia"
"7622210106421","Australia"
"7622300617820","Australia"
"7622300743536","Australia"
"7622300992798","Australia"
"7630486400884","Australia"
"8000070025066","Australia"
"8000070053472","Australia"
"8000070053526","Australia"
"8000070053564","Australia"
"8000070053625","Australia"
"8000300389067","Australia"
"8000350000462","Australia"
"8000380005598","Australia"
"8000380007264","Australia"
"8000500023624","Australia"
"8000500026731","Australia"
"8000500032237","Australia"
"8000500157985","Australia"
"8000500328750","Australia"
"8001060003316","Australia"
"8001060375109","Australia"
"8001585001040","Australia"
"8001585001224","Australia"
"8001585001330","Australia"
"8001876020019","Australia"
"8002590055417","Australia"
"8002710402008","Australia"
"8003753918198","Australia"
"80042563","Australia"
"8004690311547","Australia"
"8004690950111","Australia"
"8004690950128","Australia"
"80050094","Australia"
"80050278","Australia"
"8005110000454","Australia"
"8005110002083","Australia"
"8005110060007","Australia"
"8005110060083","Australia"
"8005110080005","Australia"
"8005110170423","Australia"
"8005110170461","Australia"
"8005110171710","Australia"
"8005110172106","Australia"
"8005110413520","Australia"
"8005110413544","Australia"
"8005110550508","Australia"
"8005110630408","Australia"
"8005121000085","Australia"
"8005121000146","Australia"
"8005121000177","Australia"
"8005121000405","Australia"
"8005121000740","Australia"
"80052760","Australia"
"8005510008852","Australia"
"8006050099294","Australia"
"80067955","Australia"
"80067986","Australia"
"8007900000255","Australia"
"80177609","Australia"
"8076800195033","Australia"
"8076800195057","Australia"
"8076800315264","Australia"
"8076802085738","Australia"
"8076802085899","Australia"
"8076802085981","Australia"
"8076808060654","Australia"
"8076808150072","Australia"
"8076809513388","Australia"
"8076809513456","Australia"
"8076809513654","Australia"
"8076809513692","Australia"
"8076809513739","Australia"
"8076809513753","Australia"
"8076809519977","Australia"
"8076809521543","Australia"
"8076809545396","Australia"
"8410036009090","Australia"
"8410076421777","Australia"
"8410076601636","Australia"
"8410076601643","Australia"
"8410076801104","Australia"
"8410113004406","Australia"
"8411037800037","Australia"
"8411037892308","Australia"
"84196842","Australia"
"8435185944009","Australia"
"8690504011408","Australia"
"8711000302118","Australia"
"8711000684733","Australia"
"8712000900663","Australia"
"8714100536186","Australia"
"8714100658499","Australia"
"8714100897935","Australia"
"8718692615779","Australia"
"8718692616066","Australia"
"8718692616301","Australia"
"8719128117232","Australia"
"8722700479475","Australia"
"8724200100118","Australia"
"8801043054768","Australia"
"8801043061674","Australia"
"8801045999906","Australia"
"8801045999913","Australia"
"8801073115514","Australia"
"8801073140578","Australia"
"8801073141896","Australia"
"8801073142312","Australia"
"8801073211056","Australia"
"8801073411388","Australia"
"8809063751216","Australia"
"8850038400073","Australia"
"8850124025685","Australia"
"8850206011025","Australia"
"8850389100684","Australia"
"8850389100769","Australia"
"8850389101391","Australia"
"8850389105450","Australia"
"8850389105467","Australia"
"8850389106280","Australia"
"8850999112107","Australia"
"8852023664248","Australia"
"8852756327694","Australia"
"8853662056661","Australia"
"8886467103407","Australia"
"8886467103421","Australia"
"8886467103438","Australia"
"8886467103445","Australia"
"8901063365964","Australia"
"8901123005403","Australia"
"8994907000022","Australia"
"8996001320051","Australia"
"90162602","Australia"
"90162800","Australia"
"9300462341187","Australia"
"9300462346120","Australia"
"9300462348216","Australia"
"9300462348575","Australia"
"9300601000692","Australia"
"9300601186945","Australia"
"9300601341153","Australia"
"9300601413393","Australia"
"9300605000926","Australia"
"9300605002593","Australia"
"9300605037618","Australia"
"9300605117952","Australia"
"9300605126527","Australia"
"9300605127593","Australia"
"9300605139619","Australia"
"9300605139626","Australia"
"9300605139794","Australia"
"9300605153578","Australia"
"9300605153615","Australia"
"9300605153721","Australia"
"9300605154797","Australia"
"9300605155459","Australia"
"9300605158306","Australia"
"9300613103541","Australia"
"9300617042266","Australia"
"9300617051930","Australia"
"9300617064879","Australia"
"9300617065920","Australia"
"9300617066071","Australia"
"9300624034162","Australia"
"9300633219802","Australia"
"9300633226275","Australia"
"9300633227272","Australia"
"9300633227289","Australia"
"9300633227296","Australia"
"9300633227319","Australia"
"9300633340049","Australia"
"9300633386689","Australia"
"9300633387174","Australia"
"9300633431099","Australia"
"9300633485085","Australia"
"9300633556143","Australia"
"9300633556150","Australia"
"9300633584559","Australia"
"9300633626211","Australia"
"9300633631536","Australia"
"9300633646837","Australia"
"9300633777401","Australia"
"9300633910129","Australia"
"9300633910198","Australia"
"9300633967475","Australia"
"9300639100012","Australia"
"9300639500041","Australia"
"9300639618661","Australia"
"9300641000522","Australia"
"9300641001147","Australia"
"9300645111125","Australia"
"9300650430617","Australia"
"9300650431812","Australia"
"9300650452558","Australia"
"9300650452701","Australia"
"9300652010374","Australia"
"9300652010794","Australia"
"9300652013955","Australia"
"9300652014396","Australia"
"9300652014457","Australia"
"9300652510911","Australia"
"9300652511918","Australia"
"9300652801286","Australia"
"9300652801309","Australia"
"9300652802542","Australia"
"9300652802559","Australia"
"9300652803020","Australia"
"9300652803495","Australia"
"9300652804874","Australia"
"9300652805048","Australia"
"9300652805949","Australia"
"9300652808339","Australia"
"9300652808834","Australia"
"9300652809770","Australia"
"9300652809961","Australia"
"9300652809985","Australia"
"9300652810257","Australia"
"9300652811643","Australia"
"9300652815573","Australia"
"9300657003432","Australia"
"9300657016555","Australia"
"9300657021160","Australia"
"9300657021443","Australia"
"9300657021863","Australia"
"9300657021870","Australia"
"9300657036270","Australia"
"9300657114046","Australia"
"9300657114053","Australia"
"9300657114411","Australia"
"9300657116408","Australia"
"9300657173418","Australia"
"9300657234867","Australia"
"9300657234874","Australia"
"9300657240424","Australia"
"9300657801755","Australia"
"9300658114663","Australia"
"9300658228537","Australia"
"9300658404146","Australia"
"9300658407765","Australia"
"9300658408045","Australia"
"9300660444451","Australia"
"9300662874973","Australia"
"9300662886488","Australia"
"9300665068256","Australia"
"9300675001410","Australia"
"9300675009829","Australia"
"9300675011419","Australia"
"9300675057899","Australia"
"9300675079464","Australia"
"9300675079587","Australia"
"9300675079655","Australia"
"9300675089838","Australia"
"9300677002286","Australia"
"9300677007724","Australia"
"9300677008721","Australia"
"9300682047500","Australia"
"9300682059015","Australia"
"9300695009182","Australia"
"9300698000216","Australia"
"9300698000643","Australia"
"9300698001473","Australia"
"9300830083251","Australia"
"9310006004034","Australia"
"9310012021049","Australia"
"9310012021063","Australia"
"9310012049142","Australia"
"9310012062554","Australia"
"9310012062578","Australia"
"9310015232343","Australia"
"9310015240614","Australia"
"9310015240645","Australia"
"9310015241888","Australia"
"9310015241895","Australia"
"9310015241925","Australia"
"9310015241949","Australia"
"9310015246142","Australia"
"9310015247262","Australia"
"9310015247279","Australia"
"9310015248849","Australia"
"9310015248856","Australia"
"9310015250279","Australia"
"9310015257308","Australia"
"9310015257322","Australia"
"9310023136657","Australia"
"9310023144676","Australia"
"9310023146113","Australia"
"9310034002415","Australia"
"9310034017068","Australia"
"9310036046127","Australia"
"9310036046523","Australia"
"9310043003014","Australia"
"9310043008927","Australia"
"9310043008934","Australia"
"9310043008941","Australia"
"9310043009900","Australia"
"9310047010117","Australia"
"9310047070234","Australia"
"9310052122515","Australia"
"9310052122539","Australia"
"9310053102110","Australia"
"9310053103643","Australia"
"9310055105805","Australia"
"9310055105829","Australia"
"9310055105843","Australia"
"9310055105850","Australia"
"9310055105898","Australia"
"9310055105904","Australia"
"9310055536364","Australia"
"9310055536395","Australia"
"9310055536449","Australia"
"9310055536494","Australia"
"9310055536517","Australia"
"9310055536579","Australia"
"9310055536609","Australia"
"9310055536616","Australia"
"9310055537194","Australia"
"9310055537224","Australia"
"9310060011016","Australia"
"9310060011030","Australia"
"9310060012013","Australia"
"9310060012037","Australia"
"9310060403699","Australia"
"9310060406973","Australia"
"9310071111828","Australia"
"9310072000015","Australia"
"9310072000046","Australia"
"9310072000275","Australia"
"9310072000282","Australia"
"9310072000824","Australia"
"9310072000831","Australia"
"9310072000909","Australia"
"9310072000954","Australia"
"9310072001005","Australia"
"9310072001524","Australia"
"9310072001777","Australia"
"9310072004051","Australia"
"9310072004075","Australia"
"9310072004600","Australia"
"9310072010816","Australia"
"9310072013602","Australia"
"9310072013855","Australia"
"9310072014753","Australia"
"9310072019888","Australia"
"9310072019994","Australia"
"9310072025100","Australia"
"9310072026275","Australia"
"9310072026312","Australia"
"9310072026404","Australia"
"9310072026428","Australia"
"9310072028866","Australia"
"9310072028903","Australia"
"9310072033341","Australia"
"9310072034607","Australia"
"9310081414704","Australia"
"9310092000583","Australia"
"9310128002314","Australia"
"9310128002499","Australia"
"9310140005270","Australia"
"9310140016672","Australia"
"9310140282527","Australia"
"9310155008624","Australia"
"9310155008921","Australia"
"9310155009300","Australia"
"9310155530101","Australia"
"9310155540100","Australia"
"9310161005006","Australia"
"9310161005051","Australia"
"9310162310406","Australia"
"9310175700102","Australia"
"9310272009801","Australia"
"9310354218398","Australia"
"9310354890006","Australia"
"9310354940008","Australia"
"9310354980202","Australia"
"9310354980516","Australia"
"9310354981353","Australia"
"9310354983234","Australia"
"9310421000017","Australia"
"9310421000093","Australia"
"9310421000123","Australia"
"9310421000154","Australia"
"9310421000680","Australia"
"9310432003212","Australia"
"9310432400103","Australia"
"9310434005764","Australia"
"9310480333477","Australia"
"9310560014883","Australia"
"9310645099835","Australia"
"9310645103341","Australia"
"9310645103358","Australia"
"9310645206219","Australia"
"9310645259154","Australia"
"9310645269979","Australia"
"9310645269993","Australia"
"9310645361130","Australia"
"9310645361154","Australia"
"9310645385570","Australia"
"9310645456119","Australia"
"9310653102626","Australia"
"9310653103609","Australia"
"9310653103999","Australia"
"9310653105658","Australia"
"9310653105931","Australia"
"9310885115500","Australia"
"9310885115517","Australia"
"9310885115586","Australia"
"9310885115852","Australia"
"9310885115982","Australia"
"9310885116071","Australia"
"9310885116095","Australia"
"9310885116217","Australia"
"9310885116590","Australia"
"9310885117047","Australia"
"9310947005657","Australia"
"9310988012720","Australia"
"9310988016346","Australia"
"9310988019200","Australia"
"9311174005489","Australia"
"9311482014722","Australia"
"9311485600137","Australia"
"9311493003388","Australia"
"9311627010190","Australia"
"9311627604382","Australia"
"9311627610901","Australia"
"9312231001215","Australia"
"9312231221231","Australia"
"9312231222023","Australia"
"9312231231018","Australia"
"9312336049013","Australia"
"9313727010018","Australia"
"9313820016108","Australia"
"9315090202359","Australia"
"9315090209617","Australia"
"9315596002767","Australia"
"9315991022001","Australia"
"9315991023596","Australia"
"9316401202181","Australia"
"9317224400280","Australia"
"9317224400402","Australia"
"9317224400495","Australia"
"9317224400518","Australia"
"9317224401379","Australia"
"9317224401911","Australia"
"9317276000032","Australia"
"9317444000161","Australia"
"9317444001564","Australia"
"9317444003711","Australia"
"9317444003834","Australia"
"9317772107259","Australia"
"9317772107266","Australia"
"9318471000667","Australia"
"9319133331372","Australia"
"9319133332720","Australia"
"9319133332737","Australia"
"9319133333543","Australia"
"9319133333550","Australia"
"9319133333925","Australia"
"9319133334465","Australia"
"9319133334687","Australia"
"9319133334694","Australia"
"9319133334885","Australia"
"9319133335523","Australia"
"9319133335974","Australia"
"9319133336360","Australia"
"9319133337039","Australia"
"9319133337534","Australia"
"9319133338470","Australia"
"9319270077003","Australia"
"9322715008883","Australia"
"9322969000015","Australia"
"9322969000039","Australia"
"9322969000961","Australia"
"9324956000909","Australia"
"9326666610072","Australia"
"9326666610416","Australia"
"9334169001198","Australia"
"9334279001668","Australia"
"9334279001927","Australia"
"9334514000111","Australia"
"9334714000096","Australia"
"9334714000157","Australia"
"9335068001968","Australia"
"9336243003166","Australia"
"9336243003456","Australia"
"9336243004590","Australia"
"9336243004712","Australia"
"9336243004750","Australia"
"9336243005009","Australia"
"9336243005023","Australia"
"9336243005030","Australia"
"9336243005757","Australia"
"9339423003482","Australia"
"9339423003499","Australia"
"9339423004809","Australia"
"9339423009668","Australia"
"9339454001150","Australia"
"9339454001174","Australia"
"9339687011278","Australia"
"9339687065950","Australia"
"9339687095230","Australia"
"9339687161942","Australia"
"9339687171132","Australia"
"9339687172009","Australia"
"9339687256594","Australia"
"9339844020006","Australia"
"9341650000899","Australia"
"9341650001599","Australia"
"9341650001698","Australia"
"9341650001728","Australia"
"9341650001735","Australia"
"9341650001742","Australia"
"9341650001780","Australia"
"9341994000111","Australia"
"9342866000482","Australia"
"9343787099104","Australia"
"9344962001738","Australia"
"9346321000000","Australia"
"9346321000475","Australia"
"9348219003186","Australia"
"93482608","Australia"
"9350177000121","Australia"
"9350177000152","Australia"
"9350271000126","Australia"
"9350271000164","Australia"
"9350465000321","Australia"
"9351585000826","Australia"
"9351585000925","Australia"
"9351585001083","Australia"
"9352042000120","Australia"
"9352042000137","Australia"
"9352042000281","Australia"
"9352042000311","Australia"
"9352042000328","Australia"
"9352042000342","Australia"
"9352042002094","Australia"
"9352042002100","Australia"
"9352042002131","Australia"
"9352042002148","Australia"
"9352042002582","Australia"
"9352042002599","Australia"
"9352042002773","Australia"
"9352042002810","Australia"
"9352042002827","Australia"
"9352042003831","Australia"
"9352042004234","Australia"
"93541121","Australia"
"9354237000083","Australia"
"9354237000090","Australia"
"9354792000146","Australia"
"9355414001077","Australia"
"9355414001114","Australia"
"9359676000007","Australia"
"93613903","Australia"
"93657778","Australia"
"9369999312220","Australia"
"9369999603052","Australia"
"93718127","Australia"
"93718400","Australia"
"9400547001811","Australia"
"9400563448669","Australia"
"9400563454615","Australia"
"9400563461880","Australia"
"9403142001231","Australia"
"9403142002405","Australia"
"9414942010378","Australia"
"9414942110252","Australia"
"9415007002062","Australia"
"9415007002079","Australia"
"9415559040017","Australia"
"9415748004554","Australia"
"9415748005100","Australia"
"9415748010593","Australia"
"9415748010616","Australia"
"9415835801905","Australia"
"9416050901685","Australia"
"9416050902651","Australia"
"9421901881009","Australia"
"9421901881160","Australia"
"9421903938008","Australia"
"9421903938015","Australia"
"9421903938169","Australia"
"9421903938589","Australia"
"94314243","Australia"
"9556001137722","Australia"
"9556041010863","Australia"
"9556041131063","Australia"
"9556041602518","Australia"
"9556041608428","Australia"
"9556041611121","Australia"
"9556041611138","Australia"
"9556041611152","Australia"
"9556041612661","Australia"
"9556041612692","Australia"
"9556041613620","Australia"
"9556041780346","Australia"
"9556041780612","Australia"
"9556041780629","Australia"
"0013409918104","Austria"
"0014100085393","Austria"
"0014100085461","Austria"
"0014100085508","Austria"
"0037600106412","Austria"
"0044000032197","Austria"
"0046000283272","Austria"
"0078895731033","Austria"
"0084909002358","Austria"
"0454500090014","Austria"
"06105422","Austria"
"0613008730710","Austria"
"0613008730734","Austria"
"0613008730758","Austria"
"0613008730772","Austria"
"0613008744007","Austria"
"0613008748234","Austria"
"0682430611751","Austria"
"0722252387479","Austria"
"0722252387530","Austria"
"0722252387578","Austria"
"0722252387615","Austria"
"0722252387646","Austria"
"0762571500043","Austria"
"0850791002000","Austria"
"0850791002017","Austria"
"10001404","Austria"
"10614594","Austria"
"11044204","Austria"
"11484981","Austria"
"1204835920000","Austria"
"1230000068017","Austria"
"20003333","Austria"
"20003937","Austria"
"20004088","Austria"
"20004125","Austria"
"20004132","Austria"
"20004194","Austria"
"20004248","Austria"
"20005733","Austria"
"20009830","Austria"
"20013554","Austria"
"20013868","Austria"
"20026394","Austria"
"20037154","Austria"
"20064457","Austria"
"20068516","Austria"
"20071943","Austria"
"20102371","Austria"
"20103590","Austria"
"20103606","Austria"
"20103644","Austria"
"20106317","Austria"
"20113476","Austria"
"20115678","Austria"
"20117122","Austria"
"20118174","Austria"
"20122577","Austria"
"20133207","Austria"
"20133214","Austria"
"20138134","Austria"
"20149918","Austria"
"20153229","Austria"
"20155087","Austria"
"20173074","Austria"
"20196318","Austria"
"20202392","Austria"
"20202408","Austria"
"20235130","Austria"
"20267605","Austria"
"20281151","Austria"
"20301620","Austria"
"20316488","Austria"
"20332419","Austria"
"20349172","Austria"
"20404154","Austria"
"20425555","Austria"
"20482282","Austria"
"20501327","Austria"
"20507336","Austria"
"20532864","Austria"
"20622374","Austria"
"20622381","Austria"
"20628130","Austria"
"20771553","Austria"
"20810405","Austria"
"20856878","Austria"
"20917609","Austria"
"20917920","Austria"
"20995553","Austria"
"20995751","Austria"
"21369568","Austria"
"24044219","Austria"
"3017620690969","Austria"
"3023260033424","Austria"
"3045140105502","Austria"
"3045140118502","Austria"
"3045140280902","Austria"
"3046920010603","Austria"
"3046920016377","Austria"
"3046920022606","Austria"
"3046920028363","Austria"
"3046920028370","Austria"
"3046920028721","Austria"
"3046920029681","Austria"
"3046920029759","Austria"
"3073780902366","Austria"
"3073781106350","Austria"
"3083680002752","Austria"
"3083680009508","Austria"
"3083681003949","Austria"
"3083681102499","Austria"
"3083681117271","Austria"
"3083681139709","Austria"
"3083681139716","Austria"
"3083681139723","Austria"
"3083681163155","Austria"
"3090291386041","Austria"
"3090291386584","Austria"
"3161710000128","Austria"
"3165440007082","Austria"
"3228021000084","Austria"
"3272770015653","Austria"
"3360100090101","Austria"
"3387390320190","Austria"
"3387390321067","Austria"
"3387390321074","Austria"
"3387390333008","Austria"
"3387390339499","Austria"
"3482015035470","Austria"
"3560070976140","Austria"
"3614070059355","Austria"
"3800020432259","Austria"
"3830059011316","Austria"
"3838975566569","Austria"
"3850104050565","Austria"
"3850104051029","Austria"
"3850104230011","Austria"
"4000177170700","Austria"
"4000400008053","Austria"
"4000405001738","Austria"
"4000405005026","Austria"
"4000412010266","Austria"
"4000417011008","Austria"
"4000417020000","Austria"
"4000417022004","Austria"
"4000417026002","Austria"
"4000417028006","Austria"
"4000417101228","Austria"
"4000417103109","Austria"
"4000417106100","Austria"
"4000417237002","Austria"
"4000417700001","Austria"
"4000417701008","Austria"
"4000417702005","Austria"
"4000417703002","Austria"
"4000417704009","Austria"
"4000446001018","Austria"
"4000503280004","Austria"
"4000504176528","Austria"
"4000512364764","Austria"
"4000521021894","Austria"
"4000521464400","Austria"
"4000521661106","Austria"
"4000521661304","Austria"
"4000521662103","Austria"
"4000521663407","Austria"
"4000522006890","Austria"
"4000539103766","Austria"
"4000539363108","Austria"
"4000539770708","Austria"
"4000607533204","Austria"
"4001242105900","Austria"
"4001242105917","Austria"
"4001518104064","Austria"
"4001518115541","Austria"
"4001686011225","Austria"
"4001686301524","Austria"
"4001686536025","Austria"
"4001724038993","Austria"
"4001724039082","Austria"
"4002671151353","Austria"
"4002971243703","Austria"
"4002971243802","Austria"
"4002971243901","Austria"
"4002971247503","Austria"
"4003160110301","Austria"
"4003586000330","Austria"
"4003586000347","Austria"
"4003586006042","Austria"
"4003586102072","Austria"
"4004980401907","Austria"
"4004980404007","Austria"
"4005500027430","Austria"
"4005500081128","Austria"
"4005500310105","Austria"
"4006040013464","Austria"
"4006402025128","Austria"
"4006402071538","Austria"
"4006952006943","Austria"
"4008100168220","Austria"
"4008100168763","Austria"
"40081410","Austria"
"4008167152729","Austria"
"4008258130018","Austria"
"4008258185001","Austria"
"4008258419014","Austria"
"4008400159027","Austria"
"4008400181523","Austria"
"4008400191423","Austria"
"4008400221021","Austria"
"4008400221823","Austria"
"4008400260921","Austria"
"4008400280127","Austria"
"4008400290423","Austria"
"4008400551920","Austria"
"4008400935225","Austria"
"40084015","Austria"
"40084053","Austria"
"40084077","Austria"
"40084176","Austria"
"40084794","Austria"
"4009097010677","Austria"
"4009233003655","Austria"
"4009233006847","Austria"
"4009700035707","Austria"
"4009700035745","Austria"
"4009700068934","Austria"
"4009700074720","Austria"
"4009700077998","Austria"
"4011100005884","Austria"
"4011800523213","Austria"
"4011800523220","Austria"
"4011800524210","Austria"
"4012359114303","Austria"
"4013752077059","Austria"
"4014400901818","Austria"
"4014400904352","Austria"
"4014400907902","Austria"
"4014400914252","Austria"
"4014400916751","Austria"
"4014400917956","Austria"
"4014400929010","Austria"
"4014400929065","Austria"
"4014400932959","Austria"
"4014400933055","Austria"
"4014500036830","Austria"
"4014500059570","Austria"
"4014500059594","Austria"
"4014500509747","Austria"
"4016249218218","Austria"
"4017100115417","Austria"
"4017100136009","Austria"
"4017100370007","Austria"
"4017100450518","Austria"
"4018077010316","Austria"
"4019300097005","Austria"
"4019300168095","Austria"
"4019300170296","Austria"
"40193168","Austria"
"4023600013511","Austria"
"4023600015195","Austria"
"4025700001023","Austria"
"4025700001030","Austria"
"4025700001450","Austria"
"4025700001962","Austria"
"4027400148343","Austria"
"4029764001401","Austria"
"4029764001807","Austria"
"4029764001821","Austria"
"4033500101577","Austria"
"40345512","Austria"
"4037400344768","Austria"
"4038700102515","Austria"
"4038700102522","Austria"
"4044808150587","Austria"
"4045357000934","Austria"
"4045357011329","Austria"
"4045357011350","Austria"
"4045357011442","Austria"
"40468709","Austria"
"4056489009214","Austria"
"4056489012788","Austria"
"4056489018636","Austria"
"4056489027263","Austria"
"4056489067726","Austria"
"4056489096481","Austria"
"4056489098614","Austria"
"4056489100553","Austria"
"4056489109709","Austria"
"4056489115328","Austria"
"4056489118190","Austria"
"4056489118206","Austria"
"4056489118213","Austria"
"4056489123903","Austria"
"4056489123972","Austria"
"4056489124191","Austria"
"4056489124467","Austria"
"4056489135579","Austria"
"4056489150220","Austria"
"4056489178811","Austria"
"4056489178828","Austria"
"4056489178835","Austria"
"4056489178842","Austria"
"4056489181286","Austria"
"4056489189114","Austria"
"4056489210238","Austria"
"4056489216162","Austria"
"4056489244707","Austria"
"4056489246336","Austria"
"4056489254683","Austria"
"4056489357117","Austria"
"4056489367130","Austria"
"4056489382720","Austria"
"4056489406921","Austria"
"4056489421115","Austria"
"4056489431053","Austria"
"4056489441014","Austria"
"4056489449843","Austria"
"4056489467144","Austria"
"4056489471141","Austria"
"4056489472261","Austria"
"4056489591764","Austria"
"4056489629160","Austria"
"4056489654582","Austria"
"4056489708995","Austria"
"4056489758570","Austria"
"4056489794639","Austria"
"4056489849742","Austria"
"4056489957652","Austria"
"4056489997511","Austria"
"4056924002206","Austria"
"4058172101410","Austria"
"4058172307348","Austria"
"4058172309250","Austria"
"4058172330087","Austria"
"4058172777851","Austria"
"4058172777936","Austria"
"4058172814327","Austria"
"4058172989285","Austria"
"4061458004121","Austria"
"4061458013185","Austria"
"4061458013406","Austria"
"4061458016988","Austria"
"4061458021241","Austria"
"4061458024037","Austria"
"4061458024068","Austria"
"4061458044363","Austria"
"4061458046749","Austria"
"4061458153805","Austria"
"4061458244299","Austria"
"4061458278928","Austria"
"4061458280334","Austria"
"4061459197921","Austria"
"4061459438284","Austria"
"4061459605686","Austria"
"4061459682892","Austria"
"4061459683110","Austria"
"4061459694918","Austria"
"4061459765342","Austria"
"4061459788440","Austria"
"4061459992670","Austria"
"4061461277956","Austria"
"4061461464271","Austria"
"4061461531201","Austria"
"4061461949778","Austria"
"4061462213625","Austria"
"4061462228780","Austria"
"4061462266980","Austria"
"4061462407628","Austria"
"4061462615481","Austria"
"4061462618949","Austria"
"4061462696305","Austria"
"4061462826504","Austria"
"4061462916588","Austria"
"4061462948664","Austria"
"4061462948671","Austria"
"4061463915030","Austria"
"4061464216709","Austria"
"4061464847231","Austria"
"4062139006038","Austria"
"4066447083972","Austria"
"4066447104394","Austria"
"4066447265330","Austria"
"4066447373189","Austria"
"4066447395143","Austria"
"4066447465679","Austria"
"4066447468342","Austria"
"4066447506235","Austria"
"4066447562682","Austria"
"4066447576245","Austria"
"4066447615982","Austria"
"4066447646283","Austria"
"4067796000283","Austria"
"4067796002065","Austria"
"4067796002508","Austria"
"4067796003079","Austria"
"4067796013023","Austria"
"4067796017427","Austria"
"4067796064179","Austria"
"4067796067101","Austria"
"4067796081442","Austria"
"4067796096347","Austria"
"4067796097245","Austria"
"4067796168341","Austria"
"4067796181487","Austria"
"4067796252019","Austria"
"4071800000855","Austria"
"4071800000879","Austria"
"4071800000909","Austria"
"4071800001012","Austria"
"4072700001126","Austria"
"40822938","Austria"
"4088500699470","Austria"
"40897677","Austria"
"4099200000442","Austria"
"4099200005720","Austria"
"4099200010267","Austria"
"4099200010281","Austria"
"4099200011059","Austria"
"4099200014067","Austria"
"4099200017297","Austria"
"4099200017303","Austria"
"4099200017754","Austria"
"4099200021201","Austria"
"4099200022208","Austria"
"4099200022550","Austria"
"4099200022598","Austria"
"4099200027272","Austria"
"4099200028019","Austria"
"4099200029139","Austria"
"4099200029153","Austria"
"4099200030555","Austria"
"4099200034980","Austria"
"4099200034997","Austria"
"4099200047898","Austria"
"4099200059310","Austria"
"4099200066080","Austria"
"4099200177977","Austria"
"4099200199092","Austria"
"4099200240268","Austria"
"4099498000018","Austria"
"4099498000063","Austria"
"4099498000384","Austria"
"4099498000391","Austria"
"4104420014459","Austria"
"4104420018709","Austria"
"4104420018747","Austria"
"4104420019546","Austria"
"4104420021921","Austria"
"4104420031081","Austria"
"4104420031326","Austria"
"4104420031500","Austria"
"4104420033641","Austria"
"4104420034327","Austria"
"4104420037366","Austria"
"4104420037465","Austria"
"4104420053069","Austria"
"4104420053922","Austria"
"4104420054363","Austria"
"4104420115743","Austria"
"4104420115767","Austria"
"4104420115804","Austria"
"4104420137264","Austria"
"4104420139282","Austria"
"4104420139565","Austria"
"4104420180918","Austria"
"4104420181144","Austria"
"4104420183384","Austria"
"4104420186316","Austria"
"4104420208254","Austria"
"4104420221536","Austria"
"4104420224728","Austria"
"4104420230224","Austria"
"4104420232884","Austria"
"4104420241275","Austria"
"4104420255562","Austria"
"42096221","Austria"
"42276630","Austria"
"4260024180270","Austria"
"4260107221289","Austria"
"4260118419125","Austria"
"4260248060044","Austria"
"4260335834848","Austria"
"4260426832104","Austria"
"4260446585431","Austria"
"4260446586148","Austria"
"4260556631943","Austria"
"4260556631950","Austria"
"4260556633169","Austria"
"4260556636085","Austria"
"4260556636115","Austria"
"4260556636146","Austria"
"4260644046123","Austria"
"4260644046130","Austria"
"4260644046147","Austria"
"4260644047724","Austria"
"4260654783421","Austria"
"4260744952133","Austria"
"4280001939547","Austria"
"4335619009394","Austria"
"4335619022126","Austria"
"4335619030954","Austria"
"4335619207103","Austria"
"4337256128353","Austria"
"4337256266383","Austria"
"4711931005106","Austria"
"5000108703174","Austria"
"5000108763024","Austria"
"5000112673463","Austria"
"5000112673586","Austria"
"5000157073020","Austria"
"5000159418003","Austria"
"5000159419123","Austria"
"5000159419291","Austria"
"5000159528320","Austria"
"5000159528481","Austria"
"5000159555524","Austria"
"5000159557726","Austria"
"5000159559065","Austria"
"5000171050656","Austria"
"5000358218152","Austria"
"5010029227062","Austria"
"5010106113127","Austria"
"5010677714006","Austria"
"5011069173081","Austria"
"5011546457277","Austria"
"5014276700453","Austria"
"5027324001198","Austria"
"5027324001235","Austria"
"5027324001839","Austria"
"5038862138161","Austria"
"50457892","Austria"
"5053990107384","Austria"
"5053990127726","Austria"
"5053990127740","Austria"
"5053990138722","Austria"
"5053990167807","Austria"
"5053990167845","Austria"
"5053990167883","Austria"
"5059319020709","Austria"
"5059319030616","Austria"
"5200112733208","Austria"
"5201168418101","Austria"
"5201704054176","Austria"
"5202234611433","Austria"
"5202390020407","Austria"
"5202390031519","Austria"
"54026933","Austria"
"5410041001204","Austria"
"5410041030006","Austria"
"5410126006339","Austria"
"5410126016079","Austria"
"5410126016949","Austria"
"5410126726015","Austria"
"5410126726954","Austria"
"5410228292876","Austria"
"5410976140122","Austria"
"5411188091622","Austria"
"5411188112709","Austria"
"5411188115472","Austria"
"5411188116592","Austria"
"5411188119098","Austria"
"5411188121947","Austria"
"5411188125808","Austria"
"5411188126416","Austria"
"5411188128588","Austria"
"5411188134985","Austria"
"5411188137863","Austria"
"5411188137887","Austria"
"5411188137931","Austria"
"5411188138013","Austria"
"5411188138037","Austria"
"5411188138464","Austria"
"5413548280189","Austria"
"5413548283128","Austria"
"5449000000439","Austria"
"5449000000996","Austria"
"5449000006271","Austria"
"5449000050205","Austria"
"5449000050212","Austria"
"5449000052926","Austria"
"5449000054227","Austria"
"5449000080806","Austria"
"5449000130389","Austria"
"5449000131805","Austria"
"5449000131836","Austria"
"5449000133335","Austria"
"5449000227553","Austria"
"5449000235947","Austria"
"54491472","Austria"
"5701977000097","Austria"
"5711953023972","Austria"
"5760466920537","Austria"
"5762385061438","Austria"
"5900020008398","Austria"
"5900020043481","Austria"
"5900497302005","Austria"
"5900951312250","Austria"
"5941021003203","Austria"
"5941486011638","Austria"
"5941868200087","Austria"
"5942325002169","Austria"
"6410500090014","Austria"
"6410500091868","Austria"
"6999180034469","Austria"
"7290113762572","Austria"
"7300400114714","Austria"
"7300400126229","Austria"
"7300400255905","Austria"
"7300400482523","Austria"
"7311310331276","Austria"
"7311311020636","Austria"
"7312930000382","Austria"
"7312930002201","Austria"
"7340001805512","Austria"
"7394376619267","Austria"
"7394376620744","Austria"
"7394376623042","Austria"
"75033927","Austria"
"7610095002006","Austria"
"7610095003003","Austria"
"7610095004000","Austria"
"7610095008008","Austria"
"7610095008442","Austria"
"7610095012005","Austria"
"7610095013002","Austria"
"7610095014009","Austria"
"7610095015006","Austria"
"7610095018007","Austria"
"7610095023001","Austria"
"7610095031006","Austria"
"7610095171009","Austria"
"7610095183002","Austria"
"7610095184009","Austria"
"7610095231406","Austria"
"7610095231505","Austria"
"7610095237002","Austria"
"7610095241009","Austria"
"7610227954937","Austria"
"7610400010030","Austria"
"7610900138906","Austria"
"7610900205165","Austria"
"7610900237654","Austria"
"7613031300655","Austria"
"7613033212949","Austria"
"7613035890008","Austria"
"7613036680028","Austria"
"7613036915076","Austria"
"7613287109514","Austria"
"7613287202833","Austria"
"7622200009084","Austria"
"7622201127206","Austria"
"7622210007469","Austria"
"7622210137258","Austria"
"7622210180278","Austria"
"7622210641403","Austria"
"7622210690845","Austria"
"7622210690883","Austria"
"7622210693280","Austria"
"7622210696861","Austria"
"7622210820310","Austria"
"7622300165628","Austria"
"7622300315733","Austria"
"7622300318109","Austria"
"7622300318116","Austria"
"7622300318123","Austria"
"7622300318178","Austria"
"7622300318192","Austria"
"7622300336738","Austria"
"7622300443269","Austria"
"7622300476144","Austria"
"7622300479008","Austria"
"7622300784751","Austria"
"7622400005190","Austria"
"7622400011498","Austria"
"7640143671120","Austria"
"7640151710040","Austria"
"8000050024645","Austria"
"8000320010026","Austria"
"8000320010095","Austria"
"8000320990113","Austria"
"8000350007959","Austria"
"8000500032237","Austria"
"8000500082379","Austria"
"8000500111581","Austria"
"8000500217078","Austria"
"8000500253687","Austria"
"8000500289877","Austria"
"8000500309469","Austria"
"8000500311585","Austria"
"8000500329474","Austria"
"8000500408162","Austria"
"8000500425183","Austria"
"8000500428917","Austria"
"8001010076568","Austria"
"8001020114182","Austria"
"8001250120120","Austria"
"8001250120342","Austria"
"8001250120410","Austria"
"8001250121264","Austria"
"8001300081517","Austria"
"8001665706674","Austria"
"8002230000302","Austria"
"8004030044005","Austria"
"8004030344570","Austria"
"8004030381681","Austria"
"8004030383562","Austria"
"8004030622012","Austria"
"8004030860001","Austria"
"8005110060083","Austria"
"8005110200007","Austria"
"8005110551215","Austria"
"80051237","Austria"
"80053835","Austria"
"8008698001882","Austria"
"8008698005286","Austria"
"8008698027400","Austria"
"8015673029946","Austria"
"80176800","Austria"
"80298328","Austria"
"80298380","Austria"
"8034066307317","Austria"
"8052879380631","Austria"
"8076800105056","Austria"
"8076800105735","Austria"
"8076800105988","Austria"
"8076800195033","Austria"
"8076800195057","Austria"
"8076800195132","Austria"
"8076802085738","Austria"
"8076802085981","Austria"
"8076808050440","Austria"
"8076808060654","Austria"
"8076809513388","Austria"
"8076809513395","Austria"
"8076809513692","Austria"
"8076809513715","Austria"
"8076809513722","Austria"
"8076809513746","Austria"
"8076809519977","Austria"
"8076809521543","Austria"
"8076809521581","Austria"
"8076809523547","Austria"
"8076809523561","Austria"
"8076809523714","Austria"
"8076809529419","Austria"
"8076809542517","Austria"
"8076809545396","Austria"
"8076809570657","Austria"
"8076809572569","Austria"
"8076809574631","Austria"
"8076809580144","Austria"
"8076809580472","Austria"
"80895237","Austria"
"8410000827446","Austria"
"8410076481597","Austria"
"8410076601216","Austria"
"8410199150905","Austria"
"8426617359850","Austria"
"8445290728791","Austria"
"8600114000020","Austria"
"8606002111236","Austria"
"8682354006147","Austria"
"8690710030323","Austria"
"8699141057053","Austria"
"8710438026283","Austria"
"8710438094213","Austria"
"8710522633830","Austria"
"8710532454746","Austria"
"8711100080060","Austria"
"8711299008869","Austria"
"8711299015959","Austria"
"8711327318373","Austria"
"8711327370708","Austria"
"8711327373105","Austria"
"8711327374515","Austria"
"8711327608153","Austria"
"8711327609341","Austria"
"8711327609464","Austria"
"8711327616783","Austria"
"8711327626997","Austria"
"8711327663695","Austria"
"8711327667174","Austria"
"8713576282528","Austria"
"8715000998630","Austria"
"8715035110205","Austria"
"8715035110502","Austria"
"8715700016504","Austria"
"8715700117140","Austria"
"8715700131139","Austria"
"8715700209241","Austria"
"87157857","Austria"
"8717677338054","Austria"
"8719200040595","Austria"
"8719200041219","Austria"
"8719200057074","Austria"
"8719200205147","Austria"
"8719200233508","Austria"
"8719200233560","Austria"
"8719200252424","Austria"
"8719200252776","Austria"
"8719200262140","Austria"
"8719200262300","Austria"
"8719200282551","Austria"
"8719200302372","Austria"
"8801043157773","Austria"
"8801073116467","Austria"
"8853662056012","Austria"
"8853662056067","Austria"
"8853662056333","Austria"
"8853662056661","Austria"
"9000159011606","Austria"
"9000159161400","Austria"
"9000159161806","Austria"
"9000295870501","Austria"
"9000295871454","Austria"
"9000295871898","Austria"
"9000331604275","Austria"
"9000331607207","Austria"
"9000331607917","Austria"
"9000331607993","Austria"
"9000331697048","Austria"
"9000332812822","Austria"
"9001432001918","Austria"
"9001432002229","Austria"
"9001432002236","Austria"
"9001432002281","Austria"
"9001432002335","Austria"
"9001432014451","Austria"
"9001432038297","Austria"
"9001432039058","Austria"
"9001432047541","Austria"
"9001432050848","Austria"
"9001455033026","Austria"
"9001455033057","Austria"
"9001466207911","Austria"
"9001508084609","Austria"
"9001508084920","Austria"
"9001624236050","Austria"
"9002490100070","Austria"
"9002490263195","Austria"
"9002490274641","Austria"
"9002515426222","Austria"
"9002600282214","Austria"
"9002859121876","Austria"
"9002975301268","Austria"
"9003740074899","Austria"
"9003890030547","Austria"
"9005182001754","Austria"
"9005300009532","Austria"
"9005300010835","Austria"
"9005300019005","Austria"
"9005300019012","Austria"
"9005300019142","Austria"
"9005300019159","Austria"
"9006548240220","Austria"
"9006548241517","Austria"
"9006548353104","Austria"
"9006900228743","Austria"
"9008700108829","Austria"
"9008700120258","Austria"
"9008700128575","Austria"
"9008700128971","Austria"
"9008700130455","Austria"
"9008700132572","Austria"
"90087011","Austria"
"90087066","Austria"
"90087493","Austria"
"90087547","Austria"
"90087769","Austria"
"9010029001330","Austria"
"9010158000204","Austria"
"9010158016267","Austria"
"9010158017691","Austria"
"9010179000092","Austria"
"9010437009287","Austria"
"9010437011594","Austria"
"9011900139616","Austria"
"9011900196725","Austria"
"9012501000053","Austria"
"90162800","Austria"
"90169250","Austria"
"9019100100702","Austria"
"9019100211606","Austria"
"9019100621108","Austria"
"9019100696106","Austria"
"9020200017609","Austria"
"9020200023327","Austria"
"9020200029183","Austria"
"9020200029442","Austria"
"9020200034781","Austria"
"90280184","Austria"
"90288104","Austria"
"90398087","Austria"
"90457494","Austria"
"90457500","Austria"
"9066000106402","Austria"
"9066000285503","Austria"
"9066000306604","Austria"
"9066000383803","Austria"
"9066000776308","Austria"
"9066000875902","Austria"
"9100000004822","Austria"
"9100000021003","Austria"
"9100000026916","Austria"
"9100000026930","Austria"
"9100000027289","Austria"
"9100000039954","Austria"
"9100000076966","Austria"
"9100000087320","Austria"
"9100000090399","Austria"
"9100000139500","Austria"
"9100000152462","Austria"
"9100000155661","Austria"
"9100000155982","Austria"
"9100000157269","Austria"
"9100000448589","Austria"
"9100000449654","Austria"
"9100000705972","Austria"
"9100000727349","Austria"
"9100000740485","Austria"
"9100000742533","Austria"
"9100000772004","Austria"
"9100000773278","Austria"
"9100000804262","Austria"
"9100000824710","Austria"
"9100000829623","Austria"
"9100000829647","Austria"
"9100000830773","Austria"
"9100000863689","Austria"
"9100000893310","Austria"
"9100000907222","Austria"
"9100000939476","Austria"
"9100000948959","Austria"
"9100000962290","Austria"
"9100000988856","Austria"
"9100000997438","Austria"
"9120003411632","Austria"
"9120003412240","Austria"
"9120003414824","Austria"
"9120012041059","Austria"
"9120051670012","Austria"
"9120085630013","Austria"
"9120085630020","Austria"
"94001129","Austria"
"94009576","Austria"
"0011210697003","Belgium"
"06175700","Belgium"
"0898999000022","Belgium"
"0898999000503","Belgium"
"1103086260005","Belgium"
"11044204","Belgium"
"11239303","Belgium"
"1200101017825","Belgium"
"13297703","Belgium"
"13356194","Belgium"
"16256163","Belgium"
"16811207","Belgium"
"20000653","Belgium"
"20002268","Belgium"
"20003166","Belgium"
"20005733","Belgium"
"20006174","Belgium"
"20014384","Belgium"
"20019907","Belgium"
"20020811","Belgium"
"20022464","Belgium"
"20022952","Belgium"
"20023775","Belgium"
"20047238","Belgium"
"20094683","Belgium"
"20115777","Belgium"
"20116705","Belgium"
"20150907","Belgium"
"20164041","Belgium"
"20170196","Belgium"
"20198114","Belgium"
"20202866","Belgium"
"20267605","Belgium"
"20283360","Belgium"
"20398972","Belgium"
"20416690","Belgium"
"20621445","Belgium"
"20621452","Belgium"
"20621483","Belgium"
"20656935","Belgium"
"20697075","Belgium"
"20724696","Belgium"
"20815356","Belgium"
"20815400","Belgium"
"20856090","Belgium"
"20941130","Belgium"
"20995553","Belgium"
"30005501","Belgium"
"3014680009175","Belgium"
"3017620421006","Belgium"
"3017620425035","Belgium"
"3017620429484","Belgium"
"3017760000062","Belgium"
"3017760002707","Belgium"
"3017760002905","Belgium"
"3017760030106","Belgium"
"3017760038409","Belgium"
"3017760306492","Belgium"
"3017760307499","Belgium"
"3017760363396","Belgium"
"3017760363990","Belgium"
"3017760472890","Belgium"
"3017760656092","Belgium"
"3017760857062","Belgium"
"3023260005872","Belgium"
"3023260030928","Belgium"
"3023290007310","Belgium"
"3023290009086","Belgium"
"3023290035924","Belgium"
"3023290050255","Belgium"
"3023290634578","Belgium"
"3023470001015","Belgium"
"3023470010017","Belgium"
"3029330011040","Belgium"
"3033490004521","Belgium"
"3033490165000","Belgium"
"3033491350795","Belgium"
"3033491350863","Belgium"
"3033491351082","Belgium"
"3033491402807","Belgium"
"3033491451652","Belgium"
"3033491482892","Belgium"
"3033491482953","Belgium"
"3033491485756","Belgium"
"3033491485763","Belgium"
"3033491588136","Belgium"
"3033491690334","Belgium"
"3033491724633","Belgium"
"3033491729218","Belgium"
"3033491915017","Belgium"
"3033491917066","Belgium"
"3033491974175","Belgium"
"3033491974212","Belgium"
"3033491993138","Belgium"
"3033491993176","Belgium"
"3033491993251","Belgium"
"3033492036131","Belgium"
"3033710072927","Belgium"
"3033710074525","Belgium"
"3033710084913","Belgium"
"3036810070176","Belgium"
"3036810201280","Belgium"
"3036811363147","Belgium"
"3038352880305","Belgium"
"3038359006449","Belgium"
"3041090061646","Belgium"
"3041090063152","Belgium"
"3041090063206","Belgium"
"3045320001570","Belgium"
"3045320008920","Belgium"
"3045320104127","Belgium"
"3046920010047","Belgium"
"3046920016377","Belgium"
"3046920022606","Belgium"
"3046920022651","Belgium"
"3046920028004","Belgium"
"3046920028363","Belgium"
"3046920028370","Belgium"
"3046920028721","Belgium"
"3046920029674","Belgium"
"3046920029759","Belgium"
"3046920029780","Belgium"
"3048282332645","Belgium"
"3048431001958","Belgium"
"3056440032696","Belgium"
"3056440070896","Belgium"
"3057640257773","Belgium"
"3057640508813","Belgium"
"3061990141101","Belgium"
"3061990141118","Belgium"
"3061990143365","Belgium"
"3061990143372","Belgium"
"3068110702235","Belgium"
"3068320080000","Belgium"
"3068320110097","Belgium"
"3068320120256","Belgium"
"3068320124537","Belgium"
"3073780968997","Belgium"
"3073780969000","Belgium"
"3073781091861","Belgium"
"3073781131888","Belgium"
"3073781131925","Belgium"
"3073781170269","Belgium"
"3073781191547","Belgium"
"3083680484466","Belgium"
"3083680566131","Belgium"
"3083681055269","Belgium"
"3083681081596","Belgium"
"3083681081640","Belgium"
"3083681139709","Belgium"
"3083681139716","Belgium"
"3083681139723","Belgium"
"3083681148602","Belgium"
"3083681148619","Belgium"
"3083681148626","Belgium"
"3083681148640","Belgium"
"3083681148657","Belgium"
"3083681149852","Belgium"
"3083681149975","Belgium"
"3088540004440","Belgium"
"3088540202662","Belgium"
"3088542500254","Belgium"
"3088542500285","Belgium"
"3088542506508","Belgium"
"3088545004018","Belgium"
"3092718637927","Belgium"
"3092718637958","Belgium"
"3103220034804","Belgium"
"3111900350335","Belgium"
"3111900350557","Belgium"
"3111900350571","Belgium"
"3111900350687","Belgium"
"3111900350694","Belgium"
"3111900350717","Belgium"
"3111900350755","Belgium"
"3111900350908","Belgium"
"3116430057761","Belgium"
"3116430208941","Belgium"
"3119783007483","Belgium"
"3123930617777","Belgium"
"3123930650026","Belgium"
"3123930710737","Belgium"
"3123930711758","Belgium"
"3123937110004","Belgium"
"3124480184344","Belgium"
"3124480185020","Belgium"
"3124480186560","Belgium"
"3124480186584","Belgium"
"3124480186850","Belgium"
"3124480186904","Belgium"
"3124480191182","Belgium"
"3124480196248","Belgium"
"3124480196262","Belgium"
"3124480196361","Belgium"
"3124480197344","Belgium"
"3124480204127","Belgium"
"3155250358788","Belgium"
"3155250364772","Belgium"
"3155251205296","Belgium"
"3155251205524","Belgium"
"3155251211419","Belgium"
"3159470000120","Belgium"
"3159470001424","Belgium"
"3159470005071","Belgium"
"3159470204412","Belgium"
"3161710000128","Belgium"
"3161711000622","Belgium"
"3161711001971","Belgium"
"3166290200197","Belgium"
"3168930002987","Belgium"
"3168930009078","Belgium"
"3168930009795","Belgium"
"3168930010265","Belgium"
"3168930010906","Belgium"
"3168930158158","Belgium"
"3174503423424","Belgium"
"3175460000017","Belgium"
"3175680011480","Belgium"
"3175680011534","Belgium"
"3175681060586","Belgium"
"3175681061460","Belgium"
"3175681105423","Belgium"
"3175681116832","Belgium"
"3175681134935","Belgium"
"3175681170872","Belgium"
"3175681297104","Belgium"
"3175681851849","Belgium"
"3175681851863","Belgium"
"3175681854482","Belgium"
"3176571744289","Belgium"
"3176575414003","Belgium"
"3178530402988","Belgium"
"3178530402995","Belgium"
"3178530403022","Belgium"
"3178530405781","Belgium"
"3178530407396","Belgium"
"3178530421064","Belgium"
"3179140123805","Belgium"
"3179140923061","Belgium"
"3179142054633","Belgium"
"3179730115821","Belgium"
"3179732333919","Belgium"
"3183280012875","Belgium"
"3184670001141","Belgium"
"3184670006627","Belgium"
"3184670007808","Belgium"
"3222110030884","Belgium"
"3228020215090","Belgium"
"3228020215106","Belgium"
"3228020232028","Belgium"
"3228021170039","Belgium"
"3228023020073","Belgium"
"3228857000166","Belgium"
"3228857000852","Belgium"
"3228857000869","Belgium"
"3228857000913","Belgium"
"3228857001118","Belgium"
"3228857001491","Belgium"
"3228857002245","Belgium"
"3229820019307","Belgium"
"3229820021027","Belgium"
"3229820129488","Belgium"
"3229820167398","Belgium"
"3229820769165","Belgium"
"3229820782560","Belgium"
"3229820787015","Belgium"
"3229820796451","Belgium"
"3229820798110","Belgium"
"3236240070405","Belgium"
"3242272346050","Belgium"
"3242274500054","Belgium"
"3245411216818","Belgium"
"3245411400729","Belgium"
"3245411573669","Belgium"
"3245412511561","Belgium"
"3245412568749","Belgium"
"3245412849381","Belgium"
"3245413451804","Belgium"
"3245413458513","Belgium"
"3245413504531","Belgium"
"3245414638853","Belgium"
"3250390005179","Belgium"
"3250390009092","Belgium"
"3250390010098","Belgium"
"3250390010258","Belgium"
"3250390102625","Belgium"
"3250390114178","Belgium"
"3250390114888","Belgium"
"3250390204930","Belgium"
"3250390244950","Belgium"
"3250390253129","Belgium"
"3250390271604","Belgium"
"3250390440338","Belgium"
"3250390749332","Belgium"
"3250390751342","Belgium"
"3250390784807","Belgium"
"3250391040681","Belgium"
"3250391124800","Belgium"
"3250391215799","Belgium"
"3250391282838","Belgium"
"3250391318353","Belgium"
"3250391422715","Belgium"
"3250391594245","Belgium"
"3250391660995","Belgium"
"3250391699995","Belgium"
"3250391737161","Belgium"
"3250391737284","Belgium"
"3250391774081","Belgium"
"3250391887439","Belgium"
"3250391896554","Belgium"
"3250391910564","Belgium"
"3250392243517","Belgium"
"3250392325664","Belgium"
"3250392411947","Belgium"
"3250392415068","Belgium"
"3250392415099","Belgium"
"3250392542733","Belgium"
"3250392556181","Belgium"
"3250392712525","Belgium"
"3250393196713","Belgium"
"3250546610271","Belgium"
"3251490307002","Belgium"
"3251490332080","Belgium"
"3251491787810","Belgium"
"3254381016922","Belgium"
"3254381025887","Belgium"
"3254381048343","Belgium"
"3254550005054","Belgium"
"3256540000698","Belgium"
"3265266075019","Belgium"
"3266980033613","Belgium"
"3268350120183","Belgium"
"3268840001008","Belgium"
"3270160339945","Belgium"
"3270160717323","Belgium"
"3270160717668","Belgium"
"3270160862481","Belgium"
"3270190007425","Belgium"
"3270190008262","Belgium"
"3270190021179","Belgium"
"3270190023104","Belgium"
"3270190024835","Belgium"
"3270190113508","Belgium"
"3270190127512","Belgium"
"3270190127765","Belgium"
"3270190128519","Belgium"
"3270190191377","Belgium"
"3270190204015","Belgium"
"3270190205685","Belgium"
"3270190207498","Belgium"
"3270190212980","Belgium"
"3272320012507","Belgium"
"3272770014168","Belgium"
"3272770015516","Belgium"
"3272770093583","Belgium"
"3273220182574","Belgium"
"3274080005003","Belgium"
"3276170010805","Belgium"
"3279231149001","Belgium"
"3279231500000","Belgium"
"3327272107259","Belgium"
"3329750092507","Belgium"
"3329757002998","Belgium"
"3329757003926","Belgium"
"3329757004558","Belgium"
"3329770073265","Belgium"
"3329770073289","Belgium"
"3329770077003","Belgium"
"3329770086159","Belgium"
"3366321051631","Belgium"
"3380380023521","Belgium"
"3380380037382","Belgium"
"3380380046940","Belgium"
"3380380047749","Belgium"
"3380380048432","Belgium"
"3380380070266","Belgium"
"3380380072437","Belgium"
"3380380087400","Belgium"
"3387390019995","Belgium"
"3387390123210","Belgium"
"3387390320008","Belgium"
"3387390326468","Belgium"
"3387390326574","Belgium"
"3390390000115","Belgium"
"3390390000153","Belgium"
"3392460480827","Belgium"
"3392460481671","Belgium"
"3396411217395","Belgium"
"3412290070071","Belgium"
"3412290070385","Belgium"
"3412290071801","Belgium"
"3414280077060","Belgium"
"3415581101010","Belgium"
"3415581122015","Belgium"
"3421557108150","Belgium"
"3421557910203","Belgium"
"3421557910494","Belgium"
"3428272950057","Belgium"
"3431590013854","Belgium"
"3451790988677","Belgium"
"3451790988813","Belgium"
"3456770005382","Belgium"
"3478820005654","Belgium"
"3478820013185","Belgium"
"3478820023184","Belgium"
"3487400000408","Belgium"
"3502110008329","Belgium"
"3502110009357","Belgium"
"3502110009401","Belgium"
"3502110009449","Belgium"
"3533631572006","Belgium"
"3560070060252","Belgium"
"3560070157198","Belgium"
"3560070179886","Belgium"
"3560070230228","Belgium"
"3560070273546","Belgium"
"3560070323289","Belgium"
"3560070329441","Belgium"
"3560070379323","Belgium"
"3560070387427","Belgium"
"3560070393619","Belgium"
"3560070419456","Belgium"
"3560070439881","Belgium"
"3560070514847","Belgium"
"3560070530595","Belgium"
"3560070614202","Belgium"
"3560070617982","Belgium"
"3560070669981","Belgium"
"3560070682683","Belgium"
"3560070720859","Belgium"
"3560070792368","Belgium"
"3560070800209","Belgium"
"3560070820542","Belgium"
"3560070820597","Belgium"
"3560070826391","Belgium"
"3560070837984","Belgium"
"3560070879762","Belgium"
"3560070907045","Belgium"
"3560070910366","Belgium"
"3560070956913","Belgium"
"3560070973743","Belgium"
"3560070998753","Belgium"
"3560071010058","Belgium"
"3560071013035","Belgium"
"3560071014094","Belgium"
"3560071014179","Belgium"
"3560071014186","Belgium"
"3560071015725","Belgium"
"3560071016074","Belgium"
"3560071016944","Belgium"
"3560071084042","Belgium"
"3560071090821","Belgium"
"3560071096984","Belgium"
"3560071117207","Belgium"
"3560071175856","Belgium"
"3560071177294","Belgium"
"3560071182151","Belgium"
"3560071182823","Belgium"
"3560071190965","Belgium"
"3560071234140","Belgium"
"3560071251871","Belgium"
"3560071257187","Belgium"
"3560071257194","Belgium"
"3560071266905","Belgium"
"3560071266912","Belgium"
"3560071267032","Belgium"
"3560071267582","Belgium"
"3560071269494","Belgium"
"3560071269500","Belgium"
"3560071270315","Belgium"
"3560071276539","Belgium"
"3560071407506","Belgium"
"3560071407568","Belgium"
"3560071407629","Belgium"
"3560071407650","Belgium"
"3560071407681","Belgium"
"3560071420277","Belgium"
"3560071427535","Belgium"
"3560071430436","Belgium"
"3560071437732","Belgium"
"3560071455279","Belgium"
"3560071455804","Belgium"
"3560071469542","Belgium"
"3560071469573","Belgium"
"3560071469641","Belgium"
"3560071469672","Belgium"
"3560071469771","Belgium"
"3560071472719","Belgium"
"3560071483234","Belgium"
"3560071501754","Belgium"
"3560071504090","Belgium"
"3560071507480","Belgium"
"3560071507510","Belgium"
"3564700014646","Belgium"
"3564700371107","Belgium"
"3564707081825","Belgium"
"3608580065340","Belgium"
"3608580823513","Belgium"
"3609200010054","Belgium"
"3609200011013","Belgium"
"3664320011510","Belgium"
"3700214611548","Belgium"
"3700663000474","Belgium"
"3760005025176","Belgium"
"3760020507350","Belgium"
"3760020508012","Belgium"
"3760021251184","Belgium"
"3760056260076","Belgium"
"3770010799153","Belgium"
"4000177158319","Belgium"
"4000177211311","Belgium"
"4000417702005","Belgium"
"4001724038870","Belgium"
"4001724039112","Belgium"
"4002359017988","Belgium"
"4002359018848","Belgium"
"4002359648618","Belgium"
"4002359650178","Belgium"
"4002359654688","Belgium"
"4002359660894","Belgium"
"4002359660955","Belgium"
"4003247102304","Belgium"
"4006985902304","Belgium"
"4008258150092","Belgium"
"4008400828121","Belgium"
"40084077","Belgium"
"4012359113108","Belgium"
"4012359114303","Belgium"
"4012359144003","Belgium"
"4017100266416","Belgium"
"40193151","Belgium"
"4029764001807","Belgium"
"4032277000038","Belgium"
"4056489007166","Belgium"
"4056489021445","Belgium"
"4056489028109","Belgium"
"4056489041313","Belgium"
"4056489105565","Belgium"
"4056489109754","Belgium"
"4056489126669","Belgium"
"4056489135524","Belgium"
"4056489141877","Belgium"
"4056489163534","Belgium"
"4056489209980","Belgium"
"4056489210016","Belgium"
"4056489215226","Belgium"
"4056489216162","Belgium"
"4056489216216","Belgium"
"4056489216230","Belgium"
"4056489232872","Belgium"
"4056489254683","Belgium"
"4056489258353","Belgium"
"4056489273264","Belgium"
"4056489296805","Belgium"
"4056489300786","Belgium"
"4056489340591","Belgium"
"4056489340607","Belgium"
"4056489366461","Belgium"
"4056489379737","Belgium"
"4056489406662","Belgium"
"4056489406679","Belgium"
"4056489471264","Belgium"
"4056489472261","Belgium"
"4056489526872","Belgium"
"4056489526889","Belgium"
"4056489682677","Belgium"
"4056489687627","Belgium"
"4056489695370","Belgium"
"4056489719694","Belgium"
"4056489791799","Belgium"
"4056489920007","Belgium"
"4056489936176","Belgium"
"4056489955016","Belgium"
"4056489989363","Belgium"
"4068261008865","Belgium"
"40822938","Belgium"
"40896243","Belgium"
"4260744956483","Belgium"
"4335619057487","Belgium"
"4335619185227","Belgium"
"5000112558265","Belgium"
"5000112611861","Belgium"
"5000112638745","Belgium"
"5000157073020","Belgium"
"5000159492737","Belgium"
"5000159528481","Belgium"
"5000426171518","Belgium"
"5010029000023","Belgium"
"5010029201246","Belgium"
"5010029229110","Belgium"
"5010477348357","Belgium"
"5010477348630","Belgium"
"5010477348678","Belgium"
"5010477356239","Belgium"
"5010477363497","Belgium"
"5011157888101","Belgium"
"50112784","Belgium"
"5011308700375","Belgium"
"50184385","Belgium"
"5050083296079","Belgium"
"5050083425691","Belgium"
"5050083516313","Belgium"
"5050083535079","Belgium"
"5050083542411","Belgium"
"5053827101424","Belgium"
"5053827110983","Belgium"
"5053827111027","Belgium"
"5053827157018","Belgium"
"5053827189927","Belgium"
"5053827199568","Belgium"
"5053827199636","Belgium"
"5053827199667","Belgium"
"5053990101573","Belgium"
"5053990107339","Belgium"
"5053990107384","Belgium"
"5053990127726","Belgium"
"5053990127740","Belgium"
"5053990161607","Belgium"
"5053990161669","Belgium"
"5053990161966","Belgium"
"5053990167807","Belgium"
"5059319023533","Belgium"
"5059319024349","Belgium"
"5059319025711","Belgium"
"5059319025797","Belgium"
"5060088700082","Belgium"
"5060088700099","Belgium"
"5060088700105","Belgium"
"5060088700112","Belgium"
"5060088705148","Belgium"
"5060088705827","Belgium"
"5060088706022","Belgium"
"5060088706046","Belgium"
"5060088707661","Belgium"
"5060088707685","Belgium"
"5060108450348","Belgium"
"5060108450386","Belgium"
"5060283760072","Belgium"
"5060283762199","Belgium"
"5060335632302","Belgium"
"5202390015885","Belgium"
"5202390020407","Belgium"
"5202390021121","Belgium"
"5202390024214","Belgium"
"5391511420209","Belgium"
"5391532121710","Belgium"
"5400101041424","Belgium"
"5400101076556","Belgium"
"5400101201712","Belgium"
"5407003034752","Belgium"
"5410013100003","Belgium"
"5410041001204","Belgium"
"5410041005707","Belgium"
"5410041040807","Belgium"
"5410041066005","Belgium"
"5410041143508","Belgium"
"5410041161700","Belgium"
"5410041423600","Belgium"
"5410081200551","Belgium"
"5410081201039","Belgium"
"5410126006360","Belgium"
"5410126006957","Belgium"
"5410126026924","Belgium"
"5410126806069","Belgium"
"5410126806090","Belgium"
"5410126812039","Belgium"
"5410126832051","Belgium"
"5410188011326","Belgium"
"5410188027747","Belgium"
"5410221305085","Belgium"
"5410221305108","Belgium"
"5411188099154","Belgium"
"5411188102809","Belgium"
"5411188103387","Belgium"
"5411188110835","Belgium"
"5411188110842","Belgium"
"5411188112709","Belgium"
"5411188112747","Belgium"
"5411188112778","Belgium"
"5411188114536","Belgium"
"5411188115366","Belgium"
"5411188115472","Belgium"
"5411188115496","Belgium"
"5411188115533","Belgium"
"5411188116592","Belgium"
"5411188116882","Belgium"
"5411188116905","Belgium"
"5411188118121","Belgium"
"5411188118961","Belgium"
"5411188119098","Belgium"
"5411188120742","Belgium"
"5411188121213","Belgium"
"5411188122661","Belgium"
"5411188124269","Belgium"
"5411188124689","Belgium"
"5411188124726","Belgium"
"5411188125808","Belgium"
"5411188127697","Belgium"
"5411188128311","Belgium"
"5411188128588","Belgium"
"5411188130055","Belgium"
"5411188131380","Belgium"
"5411188133476","Belgium"
"5411188134985","Belgium"
"5411188135005","Belgium"
"5411188136347","Belgium"
"5411188139348","Belgium"
"5412514932473","Belgium"
"5412841601240","Belgium"
"5413548283128","Belgium"
"5425600101370","Belgium"
"5425600102483","Belgium"
"5430000992336","Belgium"
"5449000000439","Belgium"
"5449000000996","Belgium"
"5449000006271","Belgium"
"5449000008046","Belgium"
"5449000012814","Belgium"
"5449000020987","Belgium"
"5449000052926","Belgium"
"5449000054227","Belgium"
"5449000131805","Belgium"
"5449000131836","Belgium"
"5449000131843","Belgium"
"5449000133328","Belgium"
"5449000133335","Belgium"
"5449000214799","Belgium"
"5449000214843","Belgium"
"5449000214911","Belgium"
"5449000232304","Belgium"
"5449000233295","Belgium"
"5449000267412","Belgium"
"54490802","Belgium"
"54491472","Belgium"
"5450168551015","Belgium"
"5900020043481","Belgium"
"5900617037190","Belgium"
"5900951311321","Belgium"
"59032823","Belgium"
"6111094000013","Belgium"
"6132500711040","Belgium"
"6194049100105","Belgium"
"6410500090014","Belgium"
"6921804700269","Belgium"
"7300400481588","Belgium"
"7300400481700","Belgium"
"7300400481724","Belgium"
"7311070019780","Belgium"
"7311071330815","Belgium"
"7394376616501","Belgium"
"7394376621932","Belgium"
"7612100018477","Belgium"
"7612100066430","Belgium"
"7613031508488","Belgium"
"7613035040823","Belgium"
"7613035287167","Belgium"
"7613035619456","Belgium"
"7613035648494","Belgium"
"7613035866386","Belgium"
"7613036092487","Belgium"
"7613036249928","Belgium"
"7613036669146","Belgium"
"7613037059281","Belgium"
"7613287514271","Belgium"
"7613287514325","Belgium"
"7614500010013","Belgium"
"7622200002290","Belgium"
"7622210100917","Belgium"
"7622210137258","Belgium"
"7622210396334","Belgium"
"7622210421968","Belgium"
"7622210422163","Belgium"
"7622210444127","Belgium"
"7622210444141","Belgium"
"7622210449283","Belgium"
"7622210584724","Belgium"
"7622210601988","Belgium"
"7622210713780","Belgium"
"7622210713803","Belgium"
"7622210713889","Belgium"
"7622210713926","Belgium"
"7622210724519","Belgium"
"7622210869616","Belgium"
"7622210995025","Belgium"
"7622300292508","Belgium"
"7622300336738","Belgium"
"7622300441937","Belgium"
"7622300489427","Belgium"
"7622300503079","Belgium"
"7622300685782","Belgium"
"7622300744663","Belgium"
"7622300784751","Belgium"
"7622400006753","Belgium"
"7622400013942","Belgium"
"8000430132267","Belgium"
"8000430133035","Belgium"
"8000430135268","Belgium"
"8000430137866","Belgium"
"8000430172010","Belgium"
"8000500082379","Belgium"
"8000500217078","Belgium"
"8000500227848","Belgium"
"8000500267035","Belgium"
"8000500269169","Belgium"
"8000500309469","Belgium"
"8000500310397","Belgium"
"8000500359815","Belgium"
"8000500416938","Belgium"
"8000500426494","Belgium"
"8001230000787","Belgium"
"8001250120076","Belgium"
"8001250120120","Belgium"
"8001250120342","Belgium"
"8001250120410","Belgium"
"8001585001224","Belgium"
"8002270014901","Belgium"
"8002270015328","Belgium"
"8002270116544","Belgium"
"8002270266805","Belgium"
"8002270666667","Belgium"
"8002270936777","Belgium"
"8002352304005","Belgium"
"80042563","Belgium"
"8005110002960","Belgium"
"8005110005404","Belgium"
"8005110171215","Belgium"
"8005110413520","Belgium"
"8005110517006","Belgium"
"80052760","Belgium"
"8008698002599","Belgium"
"8008698003503","Belgium"
"8008698005576","Belgium"
"8008698007303","Belgium"
"8008698007389","Belgium"
"8008698012857","Belgium"
"8008698022214","Belgium"
"8010721001509","Belgium"
"8013355999143","Belgium"
"80176800","Belgium"
"80310891","Belgium"
"8052575092098","Belgium"
"8052575092104","Belgium"
"80761761","Belgium"
"8076800195019","Belgium"
"8076800195057","Belgium"
"8076800376999","Belgium"
"8076802085738","Belgium"
"8076802085912","Belgium"
"8076802085981","Belgium"
"8076808050440","Belgium"
"8076808150072","Belgium"
"8076809512268","Belgium"
"8076809513388","Belgium"
"8076809513692","Belgium"
"8076809513722","Belgium"
"8076809513753","Belgium"
"8076809521543","Belgium"
"8076809521581","Belgium"
"8076809523509","Belgium"
"8076809523547","Belgium"
"8076809529419","Belgium"
"8076809529433","Belgium"
"8076809545396","Belgium"
"8076809545440","Belgium"
"8076809545457","Belgium"
"8076809574082","Belgium"
"8076809574631","Belgium"
"8076809578264","Belgium"
"8076809578363","Belgium"
"8076809584548","Belgium"
"80809180","Belgium"
"8410066139231","Belgium"
"8410076481597","Belgium"
"8410076610621","Belgium"
"8410076610737","Belgium"
"8410076611277","Belgium"
"8410076801180","Belgium"
"8410076801197","Belgium"
"8410076801203","Belgium"
"8410076901026","Belgium"
"8410076901033","Belgium"
"8410376013191","Belgium"
"8410376053128","Belgium"
"8410599024073","Belgium"
"8422174010029","Belgium"
"8428532121437","Belgium"
"8428532230061","Belgium"
"8428532230092","Belgium"
"8437020396011","Belgium"
"8437020396028","Belgium"
"8445290728791","Belgium"
"8445291061132","Belgium"
"8710398516947","Belgium"
"8710605030051","Belgium"
"8710637105352","Belgium"
"8710637105390","Belgium"
"87108026","Belgium"
"8711200548002","Belgium"
"8711299020403","Belgium"
"8711299020427","Belgium"
"8711299020953","Belgium"
"8711299021004","Belgium"
"8711299021028","Belgium"
"8711299100259","Belgium"
"8711327373105","Belgium"
"8711327608665","Belgium"
"8711327615380","Belgium"
"8711812380571","Belgium"
"8712100338694","Belgium"
"8712566246496","Belgium"
"8712857005900","Belgium"
"8715035110106","Belgium"
"8715035130104","Belgium"
"8715035250307","Belgium"
"8715700016504","Belgium"
"8715700112596","Belgium"
"8715700117829","Belgium"
"8715700407760","Belgium"
"8715700411286","Belgium"
"8715700421353","Belgium"
"87157154","Belgium"
"87157215","Belgium"
"87157239","Belgium"
"87157277","Belgium"
"8719200245853","Belgium"
"8719979202521","Belgium"
"8720182556738","Belgium"
"8720182557315","Belgium"
"8721800400549","Belgium"
"8801073116467","Belgium"
"8852018101017","Belgium"
"8852018101055","Belgium"
"8853662056005","Belgium"
"8853662056012","Belgium"
"9002490205973","Belgium"
"90162800","Belgium"
"90338243","Belgium"
"94001129","Belgium"
"0041508235785","Brazil"
"0041789002915","Brazil"
"0045300000558","Brazil"
"0070341564523","Brazil"
"0070847022015","Brazil"
"0070847022206","Brazil"
"0070847033301","Brazil"
"0070847033929","Brazil"
"0070847034803","Brazil"
"0099071001481","Brazil"
"0400050248214","Brazil"
"0751320145147","Brazil"
"0778777121111","Brazil"
"11117780","Brazil"
"3014680009175","Brazil"
"3046920010603","Brazil"
"3083681095258","Brazil"
"3155250349793","Brazil"
"3248451061912","Brazil"
"3664346348997","Brazil"
"3700123302360","Brazil"
"3760091729828","Brazil"
"40122915","Brazil"
"4335619174498","Brazil"
"5000169622360","Brazil"
"5010477352873","Brazil"
"5449000335906","Brazil"
"5601002106162","Brazil"
"5601045300022","Brazil"
"5601069102961","Brazil"
"5601216120114","Brazil"
"5601216120152","Brazil"
"5601252231164","Brazil"
"5601855121008","Brazil"
"5601989003126","Brazil"
"5607047020869","Brazil"
"5901588018867","Brazil"
"5906747176594","Brazil"
"6210316182107","Brazil"
"75027971","Brazil"
"7622201693114","Brazil"
"7622202226762","Brazil"
"7622210568601","Brazil"
"7622210571526","Brazil"
"7622210571663","Brazil"
"7622210571724","Brazil"
"7622210572080","Brazil"
"7622210573292","Brazil"
"7622210575975","Brazil"
"7622210575999","Brazil"
"7622210592668","Brazil"
"7622210592781","Brazil"
"7622210596413","Brazil"
"7622210641144","Brazil"
"7622210661814","Brazil"
"7622210674432","Brazil"
"7622210833389","Brazil"
"7622210999634","Brazil"
"7622300119621","Brazil"
"7622300119652","Brazil"
"7622300830151","Brazil"
"7622300873554","Brazil"
"7622300988470","Brazil"
"7622300988517","Brazil"
"7622300990732","Brazil"
"7622300990749","Brazil"
"7622300992286","Brazil"
"7701362014904","Brazil"
"7790045001188","Brazil"
"7790045001195","Brazil"
"7790045824886","Brazil"
"7790045824893","Brazil"
"7790045825395","Brazil"
"7790407031013","Brazil"
"7791875000471","Brazil"
"7792350067071","Brazil"
"7793890261844","Brazil"
"77940131","Brazil"
"77940148","Brazil"
"77980274","Brazil"
"7798419670084","Brazil"
"78014046","Brazil"
"7801420220138","Brazil"
"7801610350850","Brazil"
"7801620009656","Brazil"
"7801620009823","Brazil"
"7801620009847","Brazil"
"7802000017834","Brazil"
"7802215512391","Brazil"
"7802215512421","Brazil"
"7802225689007","Brazil"
"7802408000230","Brazil"
"7802410545323","Brazil"
"7802420007927","Brazil"
"7802575001849","Brazil"
"7802575015600","Brazil"
"7802832000240","Brazil"
"7802900004606","Brazil"
"7802900228170","Brazil"
"7802900481032","Brazil"
"7802920000978","Brazil"
"7802920006352","Brazil"
"7802920010298","Brazil"
"7802930004188","Brazil"
"7802950012316","Brazil"
"7803468005005","Brazil"
"7803468005388","Brazil"
"7804646450273","Brazil"
"7804659652152","Brazil"
"7804673910535","Brazil"
"7805000324018","Brazil"
"7805000324179","Brazil"
"7809637201360","Brazil"
"78908901","Brazil"
"78909434","Brazil"
"7891000008119","Brazil"
"7891000050880","Brazil"
"7891000051436","Brazil"
"7891000065440","Brazil"
"7891000072950","Brazil"
"7891000072974","Brazil"
"7891000072998","Brazil"
"7891000073018","Brazil"
"7891000078518","Brazil"
"7891000084649","Brazil"
"7891000084663","Brazil"
"7891000092606","Brazil"
"7891000100103","Brazil"
"7891000100448","Brazil"
"7891000101506","Brazil"
"7891000102626","Brazil"
"7891000102640","Brazil"
"7891000107836","Brazil"
"7891000110829","Brazil"
"7891000111161","Brazil"
"7891000120095","Brazil"
"7891000241356","Brazil"
"7891000244449","Brazil"
"7891000247648","Brazil"
"7891000248768","Brazil"
"7891000248799","Brazil"
"7891000248829","Brazil"
"7891000258613","Brazil"
"7891000285015","Brazil"
"7891000291900","Brazil"
"7891000294376","Brazil"
"7891000304556","Brazil"
"7891000319543","Brazil"
"7891000325131","Brazil"
"7891000325858","Brazil"
"7891000329450","Brazil"
"7891000329498","Brazil"
"7891000329856","Brazil"
"7891000336373","Brazil"
"7891000340004","Brazil"
"7891000349779","Brazil"
"7891000357460","Brazil"
"7891000358801","Brazil"
"7891000359822","Brazil"
"7891000360620","Brazil"
"7891000366059","Brazil"
"7891000368572","Brazil"
"7891000369203","Brazil"
"7891000376928","Brazil"
"7891000378175","Brazil"
"7891000379585","Brazil"
"7891000379738","Brazil"
"7891000380994","Brazil"
"7891000390030","Brazil"
"7891000393284","Brazil"
"7891000394847","Brazil"
"7891000394939","Brazil"
"7891000399590","Brazil"
"7891000402931","Brazil"
"7891000402979","Brazil"
"7891000412855","Brazil"
"7891000417027","Brazil"
"7891000426210","Brazil"
"7891000451304","Brazil"
"7891000460207","Brazil"
"7891008116632","Brazil"
"7891008121728","Brazil"
"7891008121827","Brazil"
"7891008124026","Brazil"
"7891008124170","Brazil"
"7891008414127","Brazil"
"7891021006125","Brazil"
"7891025107897","Brazil"
"7891025111825","Brazil"
"7891025115229","Brazil"
"7891025115311","Brazil"
"7891025115649","Brazil"
"7891025115656","Brazil"
"7891025118978","Brazil"
"7891025118985","Brazil"
"7891025120223","Brazil"
"7891025120230","Brazil"
"7891025121923","Brazil"
"7891025123064","Brazil"
"7891025124177","Brazil"
"7891025699880","Brazil"
"7891030003016","Brazil"
"7891030300207","Brazil"
"7891031405017","Brazil"
"7891031409091","Brazil"
"7891031412091","Brazil"
"7891031412176","Brazil"
"7891032012207","Brazil"
"7891042000201","Brazil"
"7891048040003","Brazil"
"7891048046654","Brazil"
"7891048050620","Brazil"
"7891048050682","Brazil"
"7891079000205","Brazil"
"7891079000212","Brazil"
"7891079000243","Brazil"
"7891079001028","Brazil"
"7891079006016","Brazil"
"7891079014028","Brazil"
"7891095002207","Brazil"
"7891095028344","Brazil"
"7891095031115","Brazil"
"7891095031696","Brazil"
"7891095100125","Brazil"
"7891095911356","Brazil"
"7891095911448","Brazil"
"7891095911486","Brazil"
"7891095911592","Brazil"
"7891097000195","Brazil"
"7891097000720","Brazil"
"7891097000997","Brazil"
"7891097001253","Brazil"
"7891097001338","Brazil"
"7891097012686","Brazil"
"7891097018251","Brazil"
"7891097101533","Brazil"
"7891097101618","Brazil"
"7891097103643","Brazil"
"7891097103841","Brazil"
"7891097104428","Brazil"
"7891097104633","Brazil"
"7891097104794","Brazil"
"7891097105579","Brazil"
"7891097105975","Brazil"
"7891097106118","Brazil"
"7891097106422","Brazil"
"7891097107030","Brazil"
"7891098040589","Brazil"
"7891098040602","Brazil"
"7891098040688","Brazil"
"7891098040893","Brazil"
"78911000","Brazil"
"7891107101621","Brazil"
"7891118026043","Brazil"
"7891132000029","Brazil"
"7891132019281","Brazil"
"7891141019838","Brazil"
"7891143013186","Brazil"
"7891143017405","Brazil"
"7891149210503","Brazil"
"7891149440801","Brazil"
"7891150027794","Brazil"
"7891150027848","Brazil"
"7891150058903","Brazil"
"7891150061040","Brazil"
"7891150068308","Brazil"
"7891150072046","Brazil"
"7891150072053","Brazil"
"7891150096462","Brazil"
"7891152507799","Brazil"
"7891152801507","Brazil"
"7891152801781","Brazil"
"7891164028237","Brazil"
"7891167000001","Brazil"
"7891167011755","Brazil"
"7891167011779","Brazil"
"7891167021013","Brazil"
"7891167022027","Brazil"
"7891167099685","Brazil"
"7891193010012","Brazil"
"7891193010074","Brazil"
"7891193010081","Brazil"
"7891193010173","Brazil"
"7891193010180","Brazil"
"7891203010056","Brazil"
"7891203010100","Brazil"
"7891203010209","Brazil"
"7891203010605","Brazil"
"7891203020260","Brazil"
"7891203021106","Brazil"
"7891203021151","Brazil"
"7891203057525","Brazil"
"7891203068965","Brazil"
"7891203069795","Brazil"
"7891234000187","Brazil"
"78912359","Brazil"
"7891330012244","Brazil"
"7891330016068","Brazil"
"7891330019342","Brazil"
"7891331010508","Brazil"
"7891515537531","Brazil"
"7891515555252","Brazil"
"7891515555337","Brazil"
"7891515901059","Brazil"
"7891515901066","Brazil"
"7891910000197","Brazil"
"7891962027388","Brazil"
"7891962027395","Brazil"
"7891962031170","Brazil"
"7891962032290","Brazil"
"7891962036991","Brazil"
"7891962037004","Brazil"
"7891962037028","Brazil"
"7891962047560","Brazil"
"7891962050065","Brazil"
"7891962051079","Brazil"
"7891962051338","Brazil"
"7891962051345","Brazil"
"7891962053189","Brazil"
"7891962053196","Brazil"
"7891962053202","Brazil"
"7891962054100","Brazil"
"7891962054810","Brazil"
"7891962060460","Brazil"
"7891962064048","Brazil"
"7891962064055","Brazil"
"7891962065885","Brazil"
"7891962067278","Brazil"
"7891962075235","Brazil"
"7891962075792","Brazil"
"7891962076317","Brazil"
"7891991000727","Brazil"
"7891991000826","Brazil"
"7891991001342","Brazil"
"7891991001373","Brazil"
"7891991002646","Brazil"
"7891991016124","Brazil"
"7891991299619","Brazil"
"7891999144461","Brazil"
"7891999144485","Brazil"
"7891999862501","Brazil"
"7891999970107","Brazil"
"7892300000933","Brazil"
"7892300002791","Brazil"
"78928374","Brazil"
"7892840267841","Brazil"
"7892840800000","Brazil"
"7892840808174","Brazil"
"7892840812850","Brazil"
"7892840812874","Brazil"
"7892840815264","Brazil"
"7892840815271","Brazil"
"7892840815752","Brazil"
"7892840815769","Brazil"
"7892840815783","Brazil"
"7892840817916","Brazil"
"7892840817978","Brazil"
"7892840818357","Brazil"
"7892840819170","Brazil"
"7892840819507","Brazil"
"7892840821166","Brazil"
"7892840821722","Brazil"
"7892840822026","Brazil"
"7892840822040","Brazil"
"7892840822286","Brazil"
"7892840822323","Brazil"
"7892840822347","Brazil"
"7892840822552","Brazil"
"7892840822590","Brazil"
"7892840822903","Brazil"
"7892840823191","Brazil"
"7892840823207","Brazil"
"7892840823405","Brazil"
"7892840823412","Brazil"
"7892840823467","Brazil"
"7892840823566","Brazil"
"7892840823580","Brazil"
"7892999150124","Brazil"
"7893000025653","Brazil"
"7893000079298","Brazil"
"7893000383005","Brazil"
"7893000394209","Brazil"
"7893000502888","Brazil"
"7893000979932","Brazil"
"7893333325109","Brazil"
"7893500020110","Brazil"
"7893500066545","Brazil"
"7893753603023","Brazil"
"78938816","Brazil"
"78939318","Brazil"
"7894000010014","Brazil"
"7894000010021","Brazil"
"7894000021249","Brazil"
"7894000030470","Brazil"
"7894000050027","Brazil"
"7894000050034","Brazil"
"7894000050720","Brazil"
"7894321711171","Brazil"
"7894321722016","Brazil"
"7894900010015","Brazil"
"7894900010398","Brazil"
"7894900011159","Brazil"
"7894900011609","Brazil"
"7894900011753","Brazil"
"7894900014211","Brazil"
"7894900025019","Brazil"
"7894900027013","Brazil"
"7894900027020","Brazil"
"7894900087123","Brazil"
"7894900500035","Brazil"
"7894900504002","Brazil"
"7894900508017","Brazil"
"7894900530032","Brazil"
"7894900531008","Brazil"
"7894900593709","Brazil"
"7894900660333","Brazil"
"7894900700015","Brazil"
"7894900701517","Brazil"
"7894904247042","Brazil"
"7894904271498","Brazil"
"7894904271511","Brazil"
"7894904271528","Brazil"
"7894904271566","Brazil"
"7894904271726","Brazil"
"7894904277964","Brazil"
"7894904571956","Brazil"
"7894904574780","Brazil"
"7895000528448","Brazil"
"7896000530363","Brazil"
"7896000554369","Brazil"
"7896002300360","Brazil"
"7896002300377","Brazil"
"7896002301077","Brazil"
"7896002303460","Brazil"
"7896002303477","Brazil"
"7896002304153","Brazil"
"7896002306348","Brazil"
"7896002310239","Brazil"
"7896002310246","Brazil"
"7896002310253","Brazil"
"7896002310345","Brazil"
"7896002311274","Brazil"
"7896002360234","Brazil"
"7896002360326","Brazil"
"7896002362412","Brazil"
"7896002363259","Brazil"
"7896002363792","Brazil"
"7896002364546","Brazil"
"7896002365420","Brazil"
"7896002366557","Brazil"
"7896003727807","Brazil"
"7896003738520","Brazil"
"7896003738629","Brazil"
"7896003739343","Brazil"
"7896003739367","Brazil"
"7896003739534","Brazil"
"7896004004679","Brazil"
"7896004006239","Brazil"
"7896004006277","Brazil"
"7896004006406","Brazil"
"7896004007427","Brazil"
"7896004008998","Brazil"
"7896004010052","Brazil"
"7896004400358","Brazil"
"7896004400372","Brazil"
"7896004401409","Brazil"
"7896005030356","Brazil"
"7896005279489","Brazil"
"7896005286593","Brazil"
"7896005800140","Brazil"
"7896005800157","Brazil"
"7896005804391","Brazil"
"7896005805121","Brazil"
"7896006716464","Brazil"
"7896006716471","Brazil"
"7896006779674","Brazil"
"7896007800001","Brazil"
"7896007811007","Brazil"
"7896007811403","Brazil"
"7896009301049","Brazil"
"7896009301162","Brazil"
"7896015976606","Brazil"
"7896016608766","Brazil"
"7896019607636","Brazil"
"7896022200206","Brazil"
"7896022200879","Brazil"
"7896022203634","Brazil"
"7896022205164","Brazil"
"7896022205218","Brazil"
"7896022205539","Brazil"
"7896023014819","Brazil"
"7896024726742","Brazil"
"7896024760357","Brazil"
"7896024760364","Brazil"
"7896024761422","Brazil"
"7896024761651","Brazil"
"7896025803688","Brazil"
"7896025803695","Brazil"
"7896028700090","Brazil"
"7896030518027","Brazil"
"7896030518751","Brazil"
"7896030519611","Brazil"
"7896030520648","Brazil"
"7896034610031","Brazil"
"7896034680126","Brazil"
"7896035990088","Brazil"
"7896035990095","Brazil"
"7896036000717","Brazil"
"7896036000724","Brazil"
"7896036000793","Brazil"
"7896036036051","Brazil"
"7896036090244","Brazil"
"7896036090602","Brazil"
"7896036090619","Brazil"
"7896036099520","Brazil"
"7896036099988","Brazil"
"7896038311194","Brazil"
"7896038314195","Brazil"
"7896045110582","Brazil"
"7896045115365","Brazil"
"7896045506590","Brazil"
"7896045506873","Brazil"
"7896048706126","Brazil"
"7896051111016","Brazil"
"7896051111030","Brazil"
"7896051111764","Brazil"
"7896051115014","Brazil"
"7896051121251","Brazil"
"7896051128069","Brazil"
"7896051130284","Brazil"
"7896051135425","Brazil"
"7896051140016","Brazil"
"7896051140108","Brazil"
"7896051164609","Brazil"
"7896051166412","Brazil"
"7896051166856","Brazil"
"7896051166870","Brazil"
"7896051168256","Brazil"
"7896058257656","Brazil"
"7896058258530","Brazil"
"7896058258837","Brazil"
"7896058258844","Brazil"
"7896058599473","Brazil"
"7896061300677","Brazil"
"7896062699961","Brazil"
"7896063223011","Brazil"
"7896066301136","Brazil"
"7896066301143","Brazil"
"7896066301235","Brazil"
"7896066301242","Brazil"
"7896066301297","Brazil"
"7896066301457","Brazil"
"7896066301488","Brazil"
"7896066301693","Brazil"
"7896066301747","Brazil"
"7896066301778","Brazil"
"7896066303185","Brazil"
"7896066303192","Brazil"
"7896066304571","Brazil"
"7896066304595","Brazil"
"7896066305615","Brazil"
"7896066336381","Brazil"
"7896066343242","Brazil"
"7896070800014","Brazil"
"7896079431158","Brazil"
"7896079500151","Brazil"
"7896079500168","Brazil"
"7896085087240","Brazil"
"7896094906020","Brazil"
"7896094910904","Brazil"
"7896094910959","Brazil"
"7896102000122","Brazil"
"7896102500608","Brazil"
"7896102501872","Brazil"
"7896102501896","Brazil"
"7896102502008","Brazil"
"7896102502534","Brazil"
"7896102502756","Brazil"
"7896102503661","Brazil"
"7896102503708","Brazil"
"7896102503715","Brazil"
"7896102503722","Brazil"
"7896102503814","Brazil"
"7896102503821","Brazil"
"7896102509144","Brazil"
"7896102583182","Brazil"
"7896102584189","Brazil"
"7896102593068","Brazil"
"7896104802816","Brazil"
"7896105801269","Brazil"
"7896111423813","Brazil"
"7896114990190","Brazil"
"7896116900029","Brazil"
"7896122305207","Brazil"
"7896181709244","Brazil"
"7896181710202","Brazil"
"7896181711162","Brazil"
"7896183909123","Brazil"
"7896202810782","Brazil"
"7896213005771","Brazil"
"7896213006235","Brazil"
"7896213006242","Brazil"
"7896214532702","Brazil"
"7896214532924","Brazil"
"7896224836098","Brazil"
"7896248100885","Brazil"
"7896256065602","Brazil"
"7896256600278","Brazil"
"7896256601275","Brazil"
"7896256601848","Brazil"
"7896256603446","Brazil"
"7896259410164","Brazil"
"7896261402805","Brazil"
"7896261403482","Brazil"
"7896275960131","Brazil"
"7896275960575","Brazil"
"7896275960896","Brazil"
"7896275970611","Brazil"
"7896275981945","Brazil"
"7896279600538","Brazil"
"7896283000058","Brazil"
"7896283000157","Brazil"
"7896283000409","Brazil"
"7896283000898","Brazil"
"7896283001093","Brazil"
"7896283007262","Brazil"
"7896283007460","Brazil"
"7896283800825","Brazil"
"7896290300714","Brazil"
"7896292300477","Brazil"
"7896292333000","Brazil"
"7896292333802","Brazil"
"7896292340503","Brazil"
"7896292370050","Brazil"
"7896294900804","Brazil"
"7896294901856","Brazil"
"7896294901993","Brazil"
"7896327517702","Brazil"
"7896331100051","Brazil"
"7896331100310","Brazil"
"7896331100327","Brazil"
"7896331100372","Brazil"
"7896336001971","Brazil"
"7896336002237","Brazil"
"7896336005917","Brazil"
"7896336006631","Brazil"
"7896401601044","Brazil"
"7896423405743","Brazil"
"7896423420180","Brazil"
"7896423423914","Brazil"
"7896423456561","Brazil"
"7896423497984","Brazil"
"7896461300048","Brazil"
"7896481130137","Brazil"
"7896490288775","Brazil"
"7896496917846","Brazil"
"7896496995226","Brazil"
"7896504305078","Brazil"
"7896504306457","Brazil"
"7896546160017","Brazil"
"7896569405003","Brazil"
"7896590817035","Brazil"
"7896625210763","Brazil"
"7896625211104","Brazil"
"7896625211111","Brazil"
"7896625211142","Brazil"
"7896625211159","Brazil"
"7896625211166","Brazil"
"7896625211395","Brazil"
"7896625211401","Brazil"
"7896625211968","Brazil"
"7896639800318","Brazil"
"7896655403029","Brazil"
"7896691100678","Brazil"
"7896706900422","Brazil"
"7896775101881","Brazil"
"7896775102383","Brazil"
"7896798603584","Brazil"
"7896839122043","Brazil"
"7896885500147","Brazil"
"7896894900013","Brazil"
"7896916800048","Brazil"
"7896931614910","Brazil"
"7896982100035","Brazil"
"7896986244414","Brazil"
"7896999099087","Brazil"
"7897001010014","Brazil"
"7897047000031","Brazil"
"7897047003834","Brazil"
"7897077808300","Brazil"
"7897122600286","Brazil"
"7897173049171","Brazil"
"7897179000060","Brazil"
"7897277703047","Brazil"
"7897517206086","Brazil"
"7897517206284","Brazil"
"7897517209544","Brazil"
"7897559900171","Brazil"
"7897594100086","Brazil"
"7897685920326","Brazil"
"7897900310604","Brazil"
"7897951611040","Brazil"
"7897972005392","Brazil"
"7898007290202","Brazil"
"7898024394181","Brazil"
"7898024395232","Brazil"
"7898024396529","Brazil"
"7898024397915","Brazil"
"7898046240015","Brazil"
"7898055421511","Brazil"
"7898056230037","Brazil"
"7898080640222","Brazil"
"7898080640239","Brazil"
"7898080640413","Brazil"
"7898080640611","Brazil"
"7898080640628","Brazil"
"7898080640635","Brazil"
"7898080640963","Brazil"
"7898080642691","Brazil"
"7898080642790","Brazil"
"7898095630089","Brazil"
"7898194160777","Brazil"
"7898206500027","Brazil"
"7898215151319","Brazil"
"7898215151470","Brazil"
"7898215151708","Brazil"
"7898215151722","Brazil"
"7898215151760","Brazil"
"7898215151784","Brazil"
"7898215151807","Brazil"
"7898215152002","Brazil"
"7898215152439","Brazil"
"7898215152811","Brazil"
"7898215153207","Brazil"
"7898215157106","Brazil"
"7898215157403","Brazil"
"7898215157410","Brazil"
"7898215157427","Brazil"
"7898215157434","Brazil"
"7898215157441","Brazil"
"7898215157700","Brazil"
"7898215157786","Brazil"
"7898215157847","Brazil"
"7898215157854","Brazil"
"7898215157977","Brazil"
"7898218030017","Brazil"
"7898247780075","Brazil"
"7898247780297","Brazil"
"7898258950313","Brazil"
"7898258950542","Brazil"
"7898341430081","Brazil"
"7898341430098","Brazil"
"7898341430111","Brazil"
"7898378180027","Brazil"
"7898378180768","Brazil"
"7898380410792","Brazil"
"7898403780918","Brazil"
"7898403780925","Brazil"
"7898403781298","Brazil"
"7898403782387","Brazil"
"7898416524523","Brazil"
"7898416780028","Brazil"
"7898416780035","Brazil"
"7898552950545","Brazil"
"7898553443886","Brazil"
"7898556013406","Brazil"
"7898556015448","Brazil"
"7898557010077","Brazil"
"7898568900688","Brazil"
"7898596080574","Brazil"
"7898598750079","Brazil"
"7898598750420","Brazil"
"7898598750437","Brazil"
"7898599217694","Brazil"
"7898636660018","Brazil"
"7898641070338","Brazil"
"7898644310554","Brazil"
"7898692300453","Brazil"
"7898692300873","Brazil"
"7898701301938","Brazil"
"7898708731431","Brazil"
"7898755180084","Brazil"
"7898755180343","Brazil"
"7898755180367","Brazil"
"7898755200041","Brazil"
"7898904874383","Brazil"
"7898905356567","Brazil"
"7898908207590","Brazil"
"7898914221887","Brazil"
"7898915415827","Brazil"
"7898923217031","Brazil"
"7898924049501","Brazil"
"7898930142654","Brazil"
"7898931632840","Brazil"
"7898932426042","Brazil"
"7898939072600","Brazil"
"7898942775321","Brazil"
"7898944019935","Brazil"
"7898953148701","Brazil"
"7898955617397","Brazil"
"7898955705049","Brazil"
"7898955705162","Brazil"
"7898955705490","Brazil"
"7898960761016","Brazil"
"7898960982213","Brazil"
"7898961803173","Brazil"
"7898968764149","Brazil"
"7898969133043","Brazil"
"7898994081623","Brazil"
"7898994081630","Brazil"
"7898994939764","Brazil"
"7898994939771","Brazil"
"7899659900471","Brazil"
"7899659901096","Brazil"
"7899916900329","Brazil"
"7899916904877","Brazil"
"7899916918829","Brazil"
"7899970400674","Brazil"
"7899970400902","Brazil"
"7899970400964","Brazil"
"7899970401657","Brazil"
"7899970402814","Brazil"
"7899970402838","Brazil"
"7899970402852","Brazil"
"7906008074766","Brazil"
"8000500232057","Brazil"
"8001860260315","Brazil"
"8007150906086","Brazil"
"8007270700410","Brazil"
"8011780000922","Brazil"
"80177609","Brazil"
"8076800315097","Brazil"
"8076809529419","Brazil"
"8076809542517","Brazil"
"8410770022058","Brazil"
"8480017069528","Brazil"
"8711853138148","Brazil"
"8718989002640","Brazil"
"0009800800056","Canada"
"0011115001202","Canada"
"0011115001356","Canada"
"0011115001370","Canada"
"0014100170945","Canada"
"0014100170952","Canada"
"0014100197904","Canada"
"0014100230243","Canada"
"0016229001711","Canada"
"0016229914578","Canada"
"0018627102564","Canada"
"0018627102571","Canada"
"0018627102588","Canada"
"0018627102601","Canada"
"0018627112877","Canada"
"0018627114284","Canada"
"0018627114314","Canada"
"0018627114345","Canada"
"0018627114956","Canada"
"0018627114970","Canada"
"0018627597490","Canada"
"0021908515441","Canada"
"0023457020384","Canada"
"0024463063167","Canada"
"0025293000735","Canada"
"0025293001008","Canada"
"0025293001817","Canada"
"0025293001886","Canada"
"0025293002449","Canada"
"0025293005549","Canada"
"0025293600713","Canada"
"00259255","Canada"
"0028000157852","Canada"
"0029145083013","Canada"
"0030000012000","Canada"
"0030100111764","Canada"
"0030100784586","Canada"
"0031146250301","Canada"
"0031200029836","Canada"
"0031689326600","Canada"
"0033383666006","Canada"
"0034856003755","Canada"
"0034856264606","Canada"
"0036593031206","Canada"
"0036632072351","Canada"
"0037014242478","Canada"
"0037466014630","Canada"
"0037466018898","Canada"
"0039047001152","Canada"
"0039978001290","Canada"
"0039978325464","Canada"
"0041138007042","Canada"
"0041143029336","Canada"
"0041271025644","Canada"
"0041390001055","Canada"
"0041390001109","Canada"
"0041390050039","Canada"
"0041449003344","Canada"
"0041500007007","Canada"
"0041508800129","Canada"
"0041790002102","Canada"
"0042272000715","Canada"
"0043646201288","Canada"
"0043646201295","Canada"
"0043646242052","Canada"
"0047495491555","Canada"
"0047495621044","Canada"
"0048001353664","Canada"
"0049508249801","Canada"
"0051500025925","Canada"
"0051500457368","Canada"
"0051500750025","Canada"
"0051500750056","Canada"
"0055000377768","Canada"
"0055000381819","Canada"
"0055000489485","Canada"
"0055000490955","Canada"
"0055577101018","Canada"
"0055577101681","Canada"
"0055577102114","Canada"
"0055577105221","Canada"
"0055577105436","Canada"
"0055577105504","Canada"
"0055577105665","Canada"
"0055577107874","Canada"
"0055577107904","Canada"
"0055577113011","Canada"
"0055577113028","Canada"
"0055577113035","Canada"
"0055577312551","Canada"
"0055577331002","Canada"
"0055617055127","Canada"
"0055653140160","Canada"
"0055653170259","Canada"
"0055653173151","Canada"
"0055653173250","Canada"
"0055653173359","Canada"
"0055653629955","Canada"
"0055653632146","Canada"
"0055653632344","Canada"
"0055653639459","Canada"
"0055653645900","Canada"
"0055653669357","Canada"
"0055653670247","Canada"
"0055653670353","Canada"
"0055653670704","Canada"
"0055653684206","Canada"
"0055653684503","Canada"
"0055653686040","Canada"
"0055653688006","Canada"
"0055653697909","Canada"
"0055712100142","Canada"
"0055712115337","Canada"
"0055712115344","Canada"
"0055742536652","Canada"
"0055828910017","Canada"
"0055828917504","Canada"
"0055872024012","Canada"
"0055872025019","Canada"
"0055872120677","Canada"
"0055872281866","Canada"
"0055900006621","Canada"
"0055991040863","Canada"
"0055991041037","Canada"
"0056200762279","Canada"
"0056200805020","Canada"
"0056200824861","Canada"
"0056200926466","Canada"
"0056573112121","Canada"
"0056800098273","Canada"
"0056800098297","Canada"
"0056800187717","Canada"
"0056800195637","Canada"
"0056800202458","Canada"
"0056800249170","Canada"
"0056800355741","Canada"
"0056800510133","Canada"
"0056800521085","Canada"
"0056800739015","Canada"
"0056800739022","Canada"
"0056800820645","Canada"
"0056918000304","Canada"
"0056920124845","Canada"
"0056951412409","Canada"
"0056951420404","Canada"
"0056951420497","Canada"
"0056951420510","Canada"
"0057000002992","Canada"
"0057000007034","Canada"
"0057000015992","Canada"
"0057000243760","Canada"
"0057825750023","Canada"
"0058300196848","Canada"
"0058449154006","Canada"
"0058449251002","Canada"
"0058449410003","Canada"
"0058449550020","Canada"
"0058449602316","Canada"
"0058449620013","Canada"
"0058449770015","Canada"
"0058449770213","Canada"
"0058449770947","Canada"
"0058449771029","Canada"
"0058449771524","Canada"
"0058449771616","Canada"
"0058449779018","Canada"
"0058449890003","Canada"
"0058449890072","Canada"
"0058496422394","Canada"
"0058496459444","Canada"
"0058500000402","Canada"
"0058716989591","Canada"
"0058716991709","Canada"
"0058716991716","Canada"
"0058716993574","Canada"
"0058807488163","Canada"
"0058807665618","Canada"
"0058854431105","Canada"
"0058891252220","Canada"
"0059000016580","Canada"
"0059161701752","Canada"
"0059290500677","Canada"
"0059290573220","Canada"
"0059491000501","Canada"
"0059608001001","Canada"
"0059724100473","Canada"
"0059724101029","Canada"
"0059724101067","Canada"
"0059724101487","Canada"
"0059724101760","Canada"
"0059749894401","Canada"
"0059749894449","Canada"
"0059749894456","Canada"
"0059749894784","Canada"
"0059749900065","Canada"
"0059749918541","Canada"
"0059749930048","Canada"
"0059749932264","Canada"
"0059749973809","Canada"
"0059800000215","Canada"
"0059950000141","Canada"
"0059950190101","Canada"
"0059950191009","Canada"
"0060383007621","Canada"
"0060383032258","Canada"
"0060383376147","Canada"
"0060383664145","Canada"
"0060383690229","Canada"
"0060383708825","Canada"
"0060383708832","Canada"
"0060383747824","Canada"
"0060383860479","Canada"
"0060383860486","Canada"
"0060383989958","Canada"
"0060383992552","Canada"
"0060410010983","Canada"
"0060410029886","Canada"
"0060410046678","Canada"
"0060410047019","Canada"
"0060410052747","Canada"
"0060410054406","Canada"
"0060410901205","Canada"
"0060410901243","Canada"
"0060885000489","Canada"
"0060885000670","Canada"
"0061000751101","Canada"
"0061077760068","Canada"
"0061077771200","Canada"
"0061077771217","Canada"
"0061077771248","Canada"
"0061077778445","Canada"
"0061077778452","Canada"
"0061077856310","Canada"
"0061077856334","Canada"
"0061077940309","Canada"
"0061148179010","Canada"
"0061202009055","Canada"
"0061202021200","Canada"
"0061362433301","Canada"
"0061362434308","Canada"
"0061362434704","Canada"
"0061362434827","Canada"
"0061362444307","Canada"
"0062020000842","Canada"
"0062020003843","Canada"
"0062240023393","Canada"
"0062356500061","Canada"
"0062558540001","Canada"
"0063209090692","Canada"
"0063211000115","Canada"
"0063211010213","Canada"
"0063211012514","Canada"
"0063211012613","Canada"
"0063211055702","Canada"
"0063211121148","Canada"
"0063211148114","Canada"
"0063211182460","Canada"
"0063211194555","Canada"
"0063211206418","Canada"
"0063211311112","Canada"
"0063348006943","Canada"
"0063400138711","Canada"
"0063400138803","Canada"
"0063400138926","Canada"
"0063667125080","Canada"
"0063667201098","Canada"
"0063667301408","Canada"
"0063667301552","Canada"
"0063667301859","Canada"
"0063667511005","Canada"
"0064042001005","Canada"
"0064042005096","Canada"
"0064042006420","Canada"
"0064042006529","Canada"
"0064042006734","Canada"
"0064100001596","Canada"
"0064100036321","Canada"
"0064100111332","Canada"
"0064100111356","Canada"
"0064100142213","Canada"
"0064100142237","Canada"
"0064100142282","Canada"
"0064100143111","Canada"
"0064100143135","Canada"
"0064100144521","Canada"
"0064100146655","Canada"
"0064100148123","Canada"
"0064100176164","Canada"
"0064100271913","Canada"
"0064100284029","Canada"
"0064100358034","Canada"
"0064100569195","Canada"
"0064100595798","Canada"
"0064144043064","Canada"
"0064144043156","Canada"
"0064144043224","Canada"
"0064200010122","Canada"
"0064300227598","Canada"
"0064420004147","Canada"
"0064420006707","Canada"
"0064420010124","Canada"
"0064420010223","Canada"
"0064420255013","Canada"
"0064420320148","Canada"
"0064900000447","Canada"
"0064912087221","Canada"
"0065172123513","Canada"
"0065172939503","Canada"
"0065254724515","Canada"
"0065302000271","Canada"
"0065302000295","Canada"
"0065633074705","Canada"
"0065633128507","Canada"
"0065633128705","Canada"
"0065633132122","Canada"
"0065633132818","Canada"
"0065633132832","Canada"
"0065633132948","Canada"
"0065633134140","Canada"
"0065633134157","Canada"
"0065633158122","Canada"
"0065633158146","Canada"
"0065633158160","Canada"
"0065633158184","Canada"
"0065633181861","Canada"
"0065633186040","Canada"
"0065633222731","Canada"
"0065633225534","Canada"
"0065633496385","Canada"
"0065633496392","Canada"
"0065633502253","Canada"
"0065633506893","Canada"
"0065684004751","Canada"
"0065684100675","Canada"
"0065684116157","Canada"
"0065684117314","Canada"
"0065684118045","Canada"
"0065912005024","Canada"
"0066013141604","Canada"
"0066086080466","Canada"
"0066086094074","Canada"
"0066581001041","Canada"
"0066581001058","Canada"
"0066613000059","Canada"
"0066613166625","Canada"
"0066721002143","Canada"
"0066721005571","Canada"
"0066721006080","Canada"
"0066721006967","Canada"
"0066721007438","Canada"
"0066721007469","Canada"
"0066721007476","Canada"
"0066721007483","Canada"
"0066721007506","Canada"
"0066721007834","Canada"
"0066721007841","Canada"
"0066721026576","Canada"
"0066721026590","Canada"
"0066721028167","Canada"
"0066721028174","Canada"
"0066721028358","Canada"
"0066721028402","Canada"
"0066721028426","Canada"
"0066721028433","Canada"
"0066721029324","Canada"
"0066844616234","Canada"
"0067000011559","Canada"
"0067000104022","Canada"
"0067002303966","Canada"
"0067002303997","Canada"
"0067002306417","Canada"
"0067002307780","Canada"
"0067311010333","Canada"
"0067311016335","Canada"
"0067311018339","Canada"
"0067311020110","Canada"
"0067311185208","Canada"
"0067311352136","Canada"
"0067311352204","Canada"
"0067312005260","Canada"
"0067800002061","Canada"
"0068100048629","Canada"
"0068100083095","Canada"
"0068100083286","Canada"
"0068100083293","Canada"
"0068100084214","Canada"
"0068100084238","Canada"
"0068100084245","Canada"
"0068100084276","Canada"
"0068100084597","Canada"
"0068100084665","Canada"
"0068100890556","Canada"
"0068100892314","Canada"
"0068100892352","Canada"
"0068100895902","Canada"
"0068100896336","Canada"
"0068100896459","Canada"
"0068100896473","Canada"
"0068100902792","Canada"
"0068100903126","Canada"
"0068100903591","Canada"
"0068110950110","Canada"
"0068200010120","Canada"
"0068200325095","Canada"
"0068200325125","Canada"
"0068200479057","Canada"
"0068200479088","Canada"
"0068200701066","Canada"
"0068200750156","Canada"
"0068274000218","Canada"
"0068400014294","Canada"
"0068400142157","Canada"
"0068400158066","Canada"
"0068400259794","Canada"
"0068400259800","Canada"
"0068400508656","Canada"
"0068400534273","Canada"
"0068400662600","Canada"
"0068400662709","Canada"
"0068400662907","Canada"
"0068437389693","Canada"
"0068437389778","Canada"
"0068445000177","Canada"
"0068505100250","Canada"
"0068505100342","Canada"
"0068505100366","Canada"
"0068505100656","Canada"
"0068505101318","Canada"
"0068505101325","Canada"
"0068505102285","Canada"
"0068505102292","Canada"
"0068505102605","Canada"
"0068505110044","Canada"
"0068505110051","Canada"
"0068505300292","Canada"
"0068505300308","Canada"
"0068721002222","Canada"
"0068721002512","Canada"
"0068721004004","Canada"
"0068721712480","Canada"
"0068721712619","Canada"
"0068826176002","Canada"
"0068826176026","Canada"
"0068892236525","Canada"
"0068892241253","Canada"
"0068892324819","Canada"
"0068932401234","Canada"
"0069000004258","Canada"
"0069000013724","Canada"
"0069000014257","Canada"
"0069848069327","Canada"
"0070221011116","Canada"
"0070462098358","Canada"
"0071146012455","Canada"
"0071757056428","Canada"
"0072400011597","Canada"
"0073472001318","Canada"
"0073491510006","Canada"
"0073491530004","Canada"
"0076808011036","Canada"
"0076808011104","Canada"
"0078895100020","Canada"
"0078895300017","Canada"
"0078895300024","Canada"
"0078895770025","Canada"
"0078935005193","Canada"
"0078935005322","Canada"
"0079113481266","Canada"
"0080793793679","Canada"
"0081363804443","Canada"
"0081893003002","Canada"
"0084114902702","Canada"
"0084213006622","Canada"
"0084380957444","Canada"
"0085981311659","Canada"
"0088702016413","Canada"
"0088702024999","Canada"
"0089686170795","Canada"
"0096619034444","Canada"
"0096619044771","Canada"
"0096619081257","Canada"
"0096619104574","Canada"
"0096619107681","Canada"
"0096619142293","Canada"
"0096619142453","Canada"
"0096619161553","Canada"
"0096619188031","Canada"
"0096619188048","Canada"
"0096619194261","Canada"
"0096619225798","Canada"
"0096619234998","Canada"
"0096619237432","Canada"
"0096619267965","Canada"
"0096619281893","Canada"
"0096619281954","Canada"
"0096619284108","Canada"
"0096619316212","Canada"
"0096619321841","Canada"
"0096619331130","Canada"
"0096619332731","Canada"
"0096619336753","Canada"
"0096619362851","Canada"
"0096619363148","Canada"
"0096619372379","Canada"
"0096619381609","Canada"
"0096619434473","Canada"
"0096619450008","Canada"
"0096619450039","Canada"
"0096619469598","Canada"
"0096619488926","Canada"
"0096619516698","Canada"
"0096619523900","Canada"
"0096619533602","Canada"
"0096619553303","Canada"
"0096619581870","Canada"
"0096619605774","Canada"
"0096619615162","Canada"
"0096619673247","Canada"
"0096619676828","Canada"
"0096619679133","Canada"
"0096619710034","Canada"
"0096619833252","Canada"
"0096619846016","Canada"
"0096619859696","Canada"
"0096619879915","Canada"
"0096619885718","Canada"
"0096619885725","Canada"
"0096619938759","Canada"
"0096619941599","Canada"
"0096619987412","Canada"
"0096619990559","Canada"
"0096619993543","Canada"
"0097923544018","Canada"
"0098308243205","Canada"
"0190569100508","Canada"
"0190569102601","Canada"
"0190646640019","Canada"
"0196633916280","Canada"
"0196633938084","Canada"
"04139344","Canada"
"05980331","Canada"
"0602652201066","Canada"
"0605870000190","Canada"
"06105422","Canada"
"0621879007251","Canada"
"0621879007503","Canada"
"06224017","Canada"
"0625273052985","Canada"
"0626027087703","Canada"
"0626027087819","Canada"
"0626027700015","Canada"
"0626027700039","Canada"
"0626027811025","Canada"
"0626027814026","Canada"
"0626027841022","Canada"
"0626394215006","Canada"
"0626394305608","Canada"
"0627286000014","Canada"
"0627735266060","Canada"
"0627843892786","Canada"
"0628154010098","Canada"
"0628154011323","Canada"
"0628154020035","Canada"
"0628154138006","Canada"
"0628154252832","Canada"
"0628154437062","Canada"
"0628233883100","Canada"
"0628553080081","Canada"
"0628553080197","Canada"
"0628915611274","Canada"
"0628915641745","Canada"
"0628915641769","Canada"
"0628915670264","Canada"
"0629025410122","Canada"
"06407014","Canada"
"0647671502930","Canada"
"06541539","Canada"
"0667888318537","Canada"
"0667888380381","Canada"
"0669803900001","Canada"
"06731906","Canada"
"06742708","Canada"
"0674491111776","Canada"
"0675625323188","Canada"
"0675625507151","Canada"
"0677210091472","Canada"
"0677210091823","Canada"
"0677210092547","Canada"
"06782900","Canada"
"06792800","Canada"
"0679339000168","Canada"
"0686207006146","Canada"
"0686207006153","Canada"
"0686352816614","Canada"
"0687456211022","Canada"
"0687456213019","Canada"
"0687456213026","Canada"
"0687456214313","Canada"
"0687456217062","Canada"
"0687456222011","Canada"
"0687456225487","Canada"
"0687456283340","Canada"
"0696685100021","Canada"
"0696685120029","Canada"
"0708953628035","Canada"
"0715756100019","Canada"
"0715756200023","Canada"
"0717524611109","Canada"
"0722252121066","Canada"
"0722252121097","Canada"
"0722776002520","Canada"
"0731216103987","Canada"
"0732494000371","Canada"
"0737282363010","Canada"
"0737282363072","Canada"
"0737282363096","Canada"
"0737282363133","Canada"
"0737282363171","Canada"
"0737628084005","Canada"
"0742812700616","Canada"
"0743434012576","Canada"
"0747479005470","Canada"
"0747599409967","Canada"
"0750515018013","Canada"
"0770333021019","Canada"
"0770333021064","Canada"
"0770333022504","Canada"
"0770333222027","Canada"
"0770338100047","Canada"
"0772643307784","Canada"
"0773948200008","Canada"
"0775075110243","Canada"
"0804642002459","Canada"
"0804642003791","Canada"
"0805509084960","Canada"
"0805509998595","Canada"
"0806253210414","Canada"
"0807176706923","Canada"
"0810019371592","Canada"
"0811620022927","Canada"
"0812049006604","Canada"
"0813616020412","Canada"
"0815074020003","Canada"
"0815074022298","Canada"
"0815074022809","Canada"
"0815074022915","Canada"
"0817719021925","Canada"
"0824243004898","Canada"
"0829515300982","Canada"
"0829515308582","Canada"
"0829515321109","Canada"
"0832650006008","Canada"
"0838766101002","Canada"
"0840202208954","Canada"
"0848860046246","Canada"
"0850002887419","Canada"
"0850013716814","Canada"
"0853135001059","Canada"
"0853665005091","Canada"
"0853807005163","Canada"
"0853986008115","Canada"
"0856069005612","Canada"
"0856481003180","Canada"
"0857484006888","Canada"
"0857549004309","Canada"
"0859146006175","Canada"
"0859146006601","Canada"
"0859162007583","Canada"
"0859162007606","Canada"
"0859162007620","Canada"
"0871329005010","Canada"
"0876681009379","Canada"
"0877693000323","Canada"
"0879890002575","Canada"
"0883366000279","Canada"
"0883366000293","Canada"
"0888849000173","Canada"
"0888849002191","Canada"
"0888849006656","Canada"
"0890497000764","Canada"
"0897580000106","Canada"
"0897580000137","Canada"
"0897580000595","Canada"
"0898114002016","Canada"
"0898999010007","Canada"
"1103749230000","Canada"
"20760090","Canada"
"26005058","Canada"
"26014098","Canada"
"26020457","Canada"
"26035277","Canada"
"26035291","Canada"
"26039886","Canada"
"26043579","Canada"
"26043678","Canada"
"26044064","Canada"
"26044439","Canada"
"26073347","Canada"
"26073651","Canada"
"26073835","Canada"
"26079523","Canada"
"29075317","Canada"
"3014680009175","Canada"
"3017760038409","Canada"
"3017760654098","Canada"
"3046920022705","Canada"
"3046920028004","Canada"
"3046920029759","Canada"
"3048860187735","Canada"
"3057230000253","Canada"
"3073781207965","Canada"
"3083681066852","Canada"
"3088549250251","Canada"
"3165431690002","Canada"
"3165432640006","Canada"
"3168930000976","Canada"
"3173281446595","Canada"
"3176580111911","Canada"
"3179140923061","Canada"
"3179142787104","Canada"
"3179142787203","Canada"
"3222110025149","Canada"
"3245390084422","Canada"
"3245412891168","Canada"
"3245412891175","Canada"
"3250390001508","Canada"
"3250390001560","Canada"
"3251510551002","Canada"
"3252755150005","Canada"
"3252970008419","Canada"
"3272770016483","Canada"
"3274935201307","Canada"
"3336970711064","Canada"
"3451790988677","Canada"
"3472860051053","Canada"
"3497917000938","Canada"
"3497917001928","Canada"
"3560070475711","Canada"
"3560071193133","Canada"
"3560071193140","Canada"
"3564700441442","Canada"
"3580281280249","Canada"
"3599740007501","Canada"
"3600900020404","Canada"
"3664346300148","Canada"
"3760130560047","Canada"
"3760130560580","Canada"
"3800061604271","Canada"
"3800102719032","Canada"
"3800102719063","Canada"
"3801056040012","Canada"
"4002590000633","Canada"
"4008713707007","Canada"
"4061458021913","Canada"
"4099100066623","Canada"
"4820001830071","Canada"
"4823077633515","Canada"
"5012035927592","Canada"
"5410041010800","Canada"
"5410126146943","Canada"
"5410126716016","Canada"
"5449000000996","Canada"
"5906747179694","Canada"
"5941047835062","Canada"
"6111035000058","Canada"
"6111035000430","Canada"
"6111035002175","Canada"
"6111242106949","Canada"
"6111246721261","Canada"
"6111249941819","Canada"
"6132500711040","Canada"
"6191509903627","Canada"
"6191509905058","Canada"
"6194029100415","Canada"
"6194049100044","Canada"
"6924187846180","Canada"
"7441001601156","Canada"
"7613032471842","Canada"
"7613034965868","Canada"
"7613035040793","Canada"
"7613035587793","Canada"
"7616500943476","Canada"
"7622200007332","Canada"
"7622201126131","Canada"
"7622201521110","Canada"
"7622210078100","Canada"
"7622210406354","Canada"
"7622210421968","Canada"
"7622210450029","Canada"
"7622210818553","Canada"
"7622300331283","Canada"
"7622300590970","Canada"
"7622300744663","Canada"
"8000590113106","Canada"
"8001250016522","Canada"
"8001585001040","Canada"
"8001585001224","Canada"
"8003899181005","Canada"
"8004030022010","Canada"
"8004030271425","Canada"
"8004030347779","Canada"
"8004030860001","Canada"
"8004690612002","Canada"
"80602316","Canada"
"8076800376999","Canada"
"8076809507110","Canada"
"8402001010873","Canada"
"8410000810004","Canada"
"8410109055795","Canada"
"8410109104950","Canada"
"8712100338694","Canada"
"8801052435015","Canada"
"8801073114814","Canada"
"8801073142312","Canada"
"8850389100769","Canada"
"8850620888012","Canada"
"8850987101083","Canada"
"8853662056029","Canada"
"8901030831706","Canada"
"8901491100519","Canada"
"8901491101844","Canada"
"8901491435109","Canada"
"8901719101038","Canada"
"8901719104046","Canada"
"8901719130854","Canada"
"8901764041259","Canada"
"8901808000068","Canada"
"8904340700328","Canada"
"9350271000225","Canada"
"9352042004234","Canada"
"94001129","Canada"
"9400501003738","Canada"
"00013499","Chile"
"0021000026326","Chile"
"0021000026968","Chile"
"0021000026982","Chile"
"0021000070237","Chile"
"0021000070251","Chile"
"0021000081059","Chile"
"0040000536789","Chile"
"0041789002984","Chile"
"0055653629955","Chile"
"0070847009511","Chile"
"0070847031406","Chile"
"0076150202199","Chile"
"0076150601336","Chile"
"0078742369907","Chile"
"0082592194152","Chile"
"0096619031894","Chile"
"0260301401202","Chile"
"0400001087855","Chile"
"0400001087862","Chile"
"0400005187056","Chile"
"0400008312530","Chile"
"0606110333375","Chile"
"0608875001001","Chile"
"0608875001025","Chile"
"0613008769161","Chile"
"0628176654201","Chile"
"0661596797684","Chile"
"0737186382766","Chile"
"0737186957469","Chile"
"0780526662196","Chile"
"0798190243177","Chile"
"0798190253701","Chile"
"0832697000595","Chile"
"0832697001110","Chile"
"0850011381335","Chile"
"0854837006533","Chile"
"18016107","Chile"
"18040007","Chile"
"18046557","Chile"
"20224042","Chile"
"2846611700513","Chile"
"4000446001780","Chile"
"4000446017101","Chile"
"40804071","Chile"
"5000169199169","Chile"
"5000169363553","Chile"
"5000267023601","Chile"
"5011013100132","Chile"
"60532718","Chile"
"7501058633354","Chile"
"7502252481796","Chile"
"7502268549305","Chile"
"7503013040689","Chile"
"75041670","Chile"
"7591039000275","Chile"
"7613030049883","Chile"
"7613030120582","Chile"
"7613030612247","Chile"
"7613030612339","Chile"
"7613031214884","Chile"
"7613031315604","Chile"
"7613031916993","Chile"
"7613032414580","Chile"
"7613032415679","Chile"
"7613032443191","Chile"
"7613032590369","Chile"
"7613033149825","Chile"
"7613033155765","Chile"
"7613033609992","Chile"
"7613034279309","Chile"
"7613034635525","Chile"
"7613035493957","Chile"
"7613035652101","Chile"
"7613036464963","Chile"
"7613036466714","Chile"
"7613036467339","Chile"
"7613036892636","Chile"
"7613037777741","Chile"
"7613039496275","Chile"
"7613287103529","Chile"
"7613287193650","Chile"
"7613287521507","Chile"
"7613287541796","Chile"
"7613287667694","Chile"
"7622201429447","Chile"
"7622201717636","Chile"
"7622201797560","Chile"
"7622300722197","Chile"
"7702020212052","Chile"
"7702103059451","Chile"
"7702103978134","Chile"
"7702367003900","Chile"
"7702367003917","Chile"
"7708513000014","Chile"
"7708662000019","Chile"
"7750243052665","Chile"
"7750243052740","Chile"
"7750243286152","Chile"
"7750632005067","Chile"
"7750727006665","Chile"
"7754487116367","Chile"
"7790045001034","Chile"
"7790045001188","Chile"
"7790045001195","Chile"
"7790045823889","Chile"
"7790045824886","Chile"
"7790045824893","Chile"
"7790045825395","Chile"
"7790045825401","Chile"
"7790045826224","Chile"
"7790045826637","Chile"
"7790263119634","Chile"
"7790263119658","Chile"
"7790272001005","Chile"
"7790538009561","Chile"
"7790538009578","Chile"
"7790580103484","Chile"
"7790580103521","Chile"
"7790580109646","Chile"
"7790580504809","Chile"
"7790895643835","Chile"
"7791866000336","Chile"
"7791875000334","Chile"
"7791875000471","Chile"
"7791875000600","Chile"
"7791875005353","Chile"
"7792070001102","Chile"
"7792129003521","Chile"
"7792260000052","Chile"
"7792360072447","Chile"
"7793065000377","Chile"
"77940131","Chile"
"77940148","Chile"
"7798094220956","Chile"
"7798094220963","Chile"
"7798151952332","Chile"
"7798422620137","Chile"
"7800120162212","Chile"
"7800120162236","Chile"
"7800120169204","Chile"
"7800120169235","Chile"
"7800120169242","Chile"
"7800120170163","Chile"
"7800120170170","Chile"
"7800120455352","Chile"
"7800120749062","Chile"
"7800159000912","Chile"
"7800159000929","Chile"
"7800159001049","Chile"
"7800159001056","Chile"
"7800159001377","Chile"
"7800159002121","Chile"
"7800159081072","Chile"
"7800159081188","Chile"
"7800159081393","Chile"
"7800159081409","Chile"
"7800159707996","Chile"
"7801235002400","Chile"
"7801235131117","Chile"
"7801268002033","Chile"
"7801268002040","Chile"
"7801300301049","Chile"
"7801305001883","Chile"
"7801305003641","Chile"
"7801305004075","Chile"
"7801305004150","Chile"
"7801305005157","Chile"
"7801320000007","Chile"
"7801420001775","Chile"
"7801420001782","Chile"
"7801420210139","Chile"
"7801420250142","Chile"
"7801505000419","Chile"
"7801505000877","Chile"
"7801505001737","Chile"
"7801505003052","Chile"
"7801505003595","Chile"
"7801505231912","Chile"
"7801505231974","Chile"
"7801534003146","Chile"
"7801610000571","Chile"
"7801610000601","Chile"
"7801610001196","Chile"
"7801610001622","Chile"
"7801610001974","Chile"
"7801610003077","Chile"
"7801610223192","Chile"
"7801610305287","Chile"
"7801610305560","Chile"
"7801610323236","Chile"
"7801610333129","Chile"
"7801610350256","Chile"
"7801610350355","Chile"
"7801610350409","Chile"
"7801620001216","Chile"
"7801620001599","Chile"
"7801620001841","Chile"
"7801620001902","Chile"
"7801620002916","Chile"
"7801620002961","Chile"
"7801620005153","Chile"
"7801620005184","Chile"
"7801620005191","Chile"
"7801620005412","Chile"
"7801620006341","Chile"
"7801620006624","Chile"
"7801620006655","Chile"
"7801620006891","Chile"
"7801620008338","Chile"
"7801620008505","Chile"
"7801620008796","Chile"
"7801620009694","Chile"
"7801620009731","Chile"
"7801620009939","Chile"
"7801620010386","Chile"
"7801620011604","Chile"
"7801620330132","Chile"
"7801620852580","Chile"
"7801620853396","Chile"
"7801800100012","Chile"
"7801800101002","Chile"
"7801800101019","Chile"
"7801875001580","Chile"
"7801875052056","Chile"
"7801875055019","Chile"
"7801875055149","Chile"
"7801875061010","Chile"
"7801907010306","Chile"
"7801916002019","Chile"
"7801916002880","Chile"
"7801916031538","Chile"
"7801916038612","Chile"
"7801930001234","Chile"
"7801930005089","Chile"
"7801930009209","Chile"
"7801930018294","Chile"
"7801930018652","Chile"
"7801965001759","Chile"
"7801970001768","Chile"
"7802000003219","Chile"
"7802000005824","Chile"
"7802000005831","Chile"
"7802000013607","Chile"
"7802000013614","Chile"
"7802000014109","Chile"
"7802000014130","Chile"
"7802000014963","Chile"
"7802000015182","Chile"
"7802000015632","Chile"
"7802000015649","Chile"
"7802000017100","Chile"
"7802000017803","Chile"
"7802000017865","Chile"
"7802000018169","Chile"
"7802000018237","Chile"
"7802000019371","Chile"
"7802095000421","Chile"
"7802095180123","Chile"
"7802095190016","Chile"
"7802107001392","Chile"
"7802200129863","Chile"
"7802200132696","Chile"
"7802200263031","Chile"
"7802200266070","Chile"
"7802200270039","Chile"
"7802200270367","Chile"
"7802200361096","Chile"
"7802200365735","Chile"
"7802200365759","Chile"
"7802200365766","Chile"
"7802200365797","Chile"
"7802200400016","Chile"
"7802200400023","Chile"
"7802215101465","Chile"
"7802215101489","Chile"
"7802215104855","Chile"
"7802215108174","Chile"
"7802215113567","Chile"
"7802215121258","Chile"
"7802215301452","Chile"
"7802215301643","Chile"
"7802215303036","Chile"
"7802215303241","Chile"
"7802215303289","Chile"
"7802215303388","Chile"
"7802215303401","Chile"
"7802215501531","Chile"
"7802215501623","Chile"
"7802215502026","Chile"
"7802215502262","Chile"
"7802215502286","Chile"
"7802215502514","Chile"
"7802215503399","Chile"
"7802215503429","Chile"
"7802215503450","Chile"
"7802215504112","Chile"
"7802215504594","Chile"
"7802215505027","Chile"
"7802215505140","Chile"
"7802215505287","Chile"
"7802215505294","Chile"
"7802215505300","Chile"
"7802215505409","Chile"
"7802215507250","Chile"
"7802215508523","Chile"
"7802215508547","Chile"
"7802215511011","Chile"
"7802215511615","Chile"
"7802215512360","Chile"
"7802215516412","Chile"
"7802220650002","Chile"
"7802220650026","Chile"
"7802220738526","Chile"
"7802220738533","Chile"
"7802220738540","Chile"
"7802225260657","Chile"
"7802225427579","Chile"
"7802225512107","Chile"
"7802225640558","Chile"
"7802225640770","Chile"
"7802225683050","Chile"
"7802225688475","Chile"
"7802225689083","Chile"
"7802225689519","Chile"
"7802225689830","Chile"
"7802225689847","Chile"
"7802230070012","Chile"
"7802230070227","Chile"
"7802230082527","Chile"
"7802230083951","Chile"
"7802230086648","Chile"
"7802230086952","Chile"
"7802237001026","Chile"
"7802300000154","Chile"
"7802337500108","Chile"
"7802351314606","Chile"
"7802408000919","Chile"
"7802408001091","Chile"
"7802408015241","Chile"
"7802410001423","Chile"
"7802410003182","Chile"
"7802410004530","Chile"
"7802410180944","Chile"
"7802410281009","Chile"
"7802410282426","Chile"
"7802410400462","Chile"
"7802420002182","Chile"
"7802420002533","Chile"
"7802420003806","Chile"
"7802420007293","Chile"
"7802420007934","Chile"
"7802420009181","Chile"
"7802420009532","Chile"
"7802420510205","Chile"
"7802420520013","Chile"
"78024533","Chile"
"78024540","Chile"
"7802500000145","Chile"
"7802500001029","Chile"
"7802500003023","Chile"
"7802500008028","Chile"
"7802500037073","Chile"
"7802500222172","Chile"
"7802575000552","Chile"
"7802575002235","Chile"
"7802575004437","Chile"
"7802575004833","Chile"
"7802575006035","Chile"
"7802575015600","Chile"
"7802575015662","Chile"
"7802575031181","Chile"
"7802575034014","Chile"
"7802575034038","Chile"
"7802575040206","Chile"
"7802575220455","Chile"
"7802575220479","Chile"
"7802575220516","Chile"
"7802575226327","Chile"
"7802575226334","Chile"
"7802575341136","Chile"
"7802575353047","Chile"
"7802575353054","Chile"
"7802575353078","Chile"
"7802575353085","Chile"
"7802575355171","Chile"
"7802615005615","Chile"
"7802615006551","Chile"
"7802635001116","Chile"
"7802800203642","Chile"
"7802800500413","Chile"
"7802800521142","Chile"
"7802800533565","Chile"
"7802800533572","Chile"
"7802800535569","Chile"
"7802800535583","Chile"
"7802800544318","Chile"
"7802800544332","Chile"
"7802800576418","Chile"
"7802800576456","Chile"
"7802800576692","Chile"
"7802800576715","Chile"
"7802810002099","Chile"
"7802810002310","Chile"
"7802810006325","Chile"
"7802810006592","Chile"
"7802810006752","Chile"
"7802810010018","Chile"
"7802810012029","Chile"
"7802810021601","Chile"
"7802810031082","Chile"
"7802810053107","Chile"
"7802820002027","Chile"
"7802820250268","Chile"
"7802820441123","Chile"
"7802820441512","Chile"
"7802820454307","Chile"
"7802820550504","Chile"
"7802820600209","Chile"
"7802820678048","Chile"
"7802820700053","Chile"
"7802820700473","Chile"
"7802820700633","Chile"
"7802821000039","Chile"
"7802832000141","Chile"
"7802832000271","Chile"
"7802832101121","Chile"
"7802900000301","Chile"
"7802900000363","Chile"
"7802900001162","Chile"
"7802900001179","Chile"
"7802900001193","Chile"
"7802900001292","Chile"
"7802900001308","Chile"
"7802900001339","Chile"
"7802900001346","Chile"
"7802900001360","Chile"
"7802900001377","Chile"
"7802900001407","Chile"
"7802900001414","Chile"
"7802900001421","Chile"
"7802900001520","Chile"
"7802900001926","Chile"
"7802900002022","Chile"
"7802900002190","Chile"
"7802900002220","Chile"
"7802900002305","Chile"
"7802900002381","Chile"
"7802900002626","Chile"
"7802900003296","Chile"
"7802900003357","Chile"
"7802900003371","Chile"
"7802900003784","Chile"
"7802900003791","Chile"
"7802900003968","Chile"
"7802900003975","Chile"
"7802900004033","Chile"
"7802900004309","Chile"
"7802900004347","Chile"
"7802900004521","Chile"
"7802900028473","Chile"
"7802900029388","Chile"
"7802900048013","Chile"
"7802900050023","Chile"
"7802900050078","Chile"
"7802900056025","Chile"
"7802900056070","Chile"
"7802900097011","Chile"
"7802900105013","Chile"
"7802900121013","Chile"
"7802900130114","Chile"
"7802900149017","Chile"
"7802900170059","Chile"
"7802900202019","Chile"
"7802900221010","Chile"
"7802900230227","Chile"
"7802900230241","Chile"
"7802900230258","Chile"
"7802900230296","Chile"
"7802900234225","Chile"
"7802900294014","Chile"
"7802900345020","Chile"
"7802900401016","Chile"
"7802900481162","Chile"
"7802900638016","Chile"
"7802900960018","Chile"
"7802901000591","Chile"
"7802910000223","Chile"
"7802910000971","Chile"
"7802910002081","Chile"
"7802910004177","Chile"
"7802910005051","Chile"
"7802910006324","Chile"
"7802910007062","Chile"
"7802910007079","Chile"
"7802910007093","Chile"
"7802910007123","Chile"
"7802910007260","Chile"
"7802910007338","Chile"
"7802910007505","Chile"
"7802910007611","Chile"
"7802910008052","Chile"
"7802910008069","Chile"
"7802910083509","Chile"
"7802910300200","Chile"
"7802910303201","Chile"
"7802920000084","Chile"
"7802920000091","Chile"
"7802920000749","Chile"
"7802920000930","Chile"
"7802920000947","Chile"
"7802920000985","Chile"
"7802920001234","Chile"
"7802920001326","Chile"
"7802920004112","Chile"
"7802920005164","Chile"
"7802920005836","Chile"
"7802920006499","Chile"
"7802920007120","Chile"
"7802920007182","Chile"
"7802920007410","Chile"
"7802920008073","Chile"
"7802920008141","Chile"
"7802920008370","Chile"
"7802920009070","Chile"
"7802920009322","Chile"
"7802920009339","Chile"
"7802920009384","Chile"
"7802920009391","Chile"
"7802920010199","Chile"
"7802920010588","Chile"
"7802920010618","Chile"
"7802920010663","Chile"
"7802920010731","Chile"
"7802920010946","Chile"
"7802920011035","Chile"
"7802920011073","Chile"
"7802920011400","Chile"
"7802920116013","Chile"
"7802920202105","Chile"
"7802920203300","Chile"
"7802920221328","Chile"
"7802920423814","Chile"
"7802920460208","Chile"
"7802920461106","Chile"
"7802920465104","Chile"
"7802920776163","Chile"
"7802920777214","Chile"
"7802920777252","Chile"
"7802920777283","Chile"
"7802920777542","Chile"
"7802920801087","Chile"
"7802930000142","Chile"
"7802930001279","Chile"
"7802930003808","Chile"
"7802930003921","Chile"
"7802930004157","Chile"
"7802930004713","Chile"
"7802930004911","Chile"
"7802930005314","Chile"
"7802930005352","Chile"
"7802946000761","Chile"
"7802950002119","Chile"
"7802950002126","Chile"
"7802950006209","Chile"
"7802950009408","Chile"
"7802950022322","Chile"
"7802950072679","Chile"
"7802950088823","Chile"
"7802955001087","Chile"
"7802955007799","Chile"
"7802955008697","Chile"
"7802955009236","Chile"
"7802955009960","Chile"
"7802955010027","Chile"
"7802955010355","Chile"
"7802955010850","Chile"
"7802955011123","Chile"
"7802955011260","Chile"
"7803110000198","Chile"
"7803110108252","Chile"
"7803111001682","Chile"
"7803403000195","Chile"
"7803403000331","Chile"
"7803403003042","Chile"
"7803403003110","Chile"
"7803403003233","Chile"
"7803403003240","Chile"
"7803403003424","Chile"
"7803403003530","Chile"
"7803403003936","Chile"
"7803403004087","Chile"
"7803468000031","Chile"
"7803468001274","Chile"
"7803468001762","Chile"
"7803468001946","Chile"
"7803468001953","Chile"
"7803468002226","Chile"
"7803468002233","Chile"
"7803468002523","Chile"
"7803468003483","Chile"
"7803468003568","Chile"
"7803468004183","Chile"
"7803468004527","Chile"
"7803473002242","Chile"
"7803473002662","Chile"
"7803473543189","Chile"
"7803480001405","Chile"
"7803480001429","Chile"
"7803480001436","Chile"
"7803480001443","Chile"
"7803480020079","Chile"
"7803495002299","Chile"
"7803495004606","Chile"
"7803500001002","Chile"
"7803500010035","Chile"
"7803500020492","Chile"
"7803520003086","Chile"
"7803520003109","Chile"
"7803520140026","Chile"
"7803520140200","Chile"
"7803525000356","Chile"
"7803525000769","Chile"
"7803525999391","Chile"
"7803525999704","Chile"
"7803600002503","Chile"
"7803600981532","Chile"
"7803700012242","Chile"
"7803908004469","Chile"
"7803908006173","Chile"
"7803908006197","Chile"
"7803960000362","Chile"
"7803960000379","Chile"
"7804000001059","Chile"
"7804000001189","Chile"
"7804000001431","Chile"
"7804000001639","Chile"
"7804000001646","Chile"
"7804000001660","Chile"
"7804000001691","Chile"
"7804000002001","Chile"
"7804000002124","Chile"
"7804000002131","Chile"
"7804000002216","Chile"
"7804000002711","Chile"
"7804000002872","Chile"
"7804000003022","Chile"
"7804068004474","Chile"
"7804602600667","Chile"
"7804606290932","Chile"
"7804608221644","Chile"
"7804608221811","Chile"
"7804608223082","Chile"
"7804609253569","Chile"
"7804613390229","Chile"
"7804613390298","Chile"
"7804613392698","Chile"
"7804616320032","Chile"
"7804616320056","Chile"
"7804617470286","Chile"
"7804617471108","Chile"
"7804618520096","Chile"
"7804621470814","Chile"
"7804622380587","Chile"
"7804623310019","Chile"
"7804624810020","Chile"
"7804627172774","Chile"
"7804630010001","Chile"
"7804630010285","Chile"
"7804630010308","Chile"
"7804630010759","Chile"
"7804630010964","Chile"
"7804632980289","Chile"
"7804635931615","Chile"
"7804637360918","Chile"
"7804643820154","Chile"
"7804646450013","Chile"
"7804646450099","Chile"
"7804646450297","Chile"
"7804646450426","Chile"
"7804647179432","Chile"
"7804650970248","Chile"
"7804650970279","Chile"
"7804650970446","Chile"
"7804651620005","Chile"
"7804651620029","Chile"
"7804651620074","Chile"
"7804651860241","Chile"
"7804651931910","Chile"
"7804655061101","Chile"
"7804655342507","Chile"
"7804658010304","Chile"
"7804659650066","Chile"
"7804659650172","Chile"
"7804659650363","Chile"
"7804659650998","Chile"
"7804659651483","Chile"
"7804659652213","Chile"
"7804660620010","Chile"
"7804660620027","Chile"
"7804664780000","Chile"
"7804666272275","Chile"
"7804666810002","Chile"
"7804670570053","Chile"
"7804671930214","Chile"
"7804671930238","Chile"
"7804671930306","Chile"
"7804671930320","Chile"
"7804672826578","Chile"
"7804673910023","Chile"
"7804673910030","Chile"
"7804673910078","Chile"
"7804673910245","Chile"
"7804673910276","Chile"
"7804673910498","Chile"
"7804673910863","Chile"
"7804673910955","Chile"
"7804673911020","Chile"
"7804673911266","Chile"
"7804673912829","Chile"
"7804673913932","Chile"
"7804676870027","Chile"
"7804676870201","Chile"
"7804918401651","Chile"
"7804918401835","Chile"
"7805000301484","Chile"
"7805000312329","Chile"
"7805000320515","Chile"
"7805000321550","Chile"
"7805000321567","Chile"
"7805000321581","Chile"
"7805000322441","Chile"
"7805000322458","Chile"
"7805000322465","Chile"
"7805000322472","Chile"
"7805000322502","Chile"
"7805000322564","Chile"
"7807900000795","Chile"
"7807900001563","Chile"
"7807900004571","Chile"
"7807910026112","Chile"
"7807910031901","Chile"
"7807910032274","Chile"
"7807910032540","Chile"
"7807910035510","Chile"
"7807910035565","Chile"
"7807910037149","Chile"
"7807910037897","Chile"
"7807910038092","Chile"
"7807910038863","Chile"
"7807910039785","Chile"
"7807910040224","Chile"
"7807910043065","Chile"
"7807910046530","Chile"
"7808709500431","Chile"
"7808709501995","Chile"
"7808709504217","Chile"
"7808709504347","Chile"
"7808743604652","Chile"
"7808743605727","Chile"
"7808760900461","Chile"
"7808760900478","Chile"
"7809558101091","Chile"
"7809558101930","Chile"
"7809558102661","Chile"
"7809561700076","Chile"
"7809611719188","Chile"
"7809611720061","Chile"
"78098152","Chile"
"7862109275764","Chile"
"7891962027395","Chile"
"7891962032283","Chile"
"7891962032290","Chile"
"7891962036915","Chile"
"7891962060453","Chile"
"7891962060460","Chile"
"7891962064055","Chile"
"7891991001342","Chile"
"7893000065253","Chile"
"7896007800001","Chile"
"7896019207041","Chile"
"7896019208468","Chile"
"8003180001470","Chile"
"8003180908403","Chile"
"8005121000061","Chile"
"8005121000078","Chile"
"8005121000085","Chile"
"8005121000092","Chile"
"8005121000122","Chile"
"8005121000146","Chile"
"8005121000177","Chile"
"8005121000276","Chile"
"8005121000405","Chile"
"8005121000535","Chile"
"8005121000740","Chile"
"8005121000757","Chile"
"8005121000900","Chile"
"8005121000917","Chile"
"8005121040845","Chile"
"8005121050271","Chile"
"8005121050851","Chile"
"8410109050509","Chile"
"8410109050882","Chile"
"8410109104950","Chile"
"8410109109832","Chile"
"8410179306148","Chile"
"8411414012275","Chile"
"8412170011434","Chile"
"8423207210850","Chile"
"8445290262387","Chile"
"8445291178977","Chile"
"8445291296794","Chile"
"8445291534933","Chile"
"8445291719736","Chile"
"8710428999269","Chile"
"8850227022741","Chile"
"8850781701403","Chile"
"8858463003449","Chile"
"8858463003456","Chile"
"9002490214852","Chile"
"90446245","Chile"
"0004035032432","China"
"0011161146919","China"
"0012256091053","China"
"0015700050088","China"
"0020717320154","China"
"0025000044960","China"
"0031200446749","China"
"0054300090018","China"
"0054300091114","China"
"0059161701776","China"
"0072730353992","China"
"0077330337335","China"
"0078895743050","China"
"0140141789706","China"
"02777629","China"
"04107325","China"
"0690000044342","China"
"0690004036299","China"
"0690034897525","China"
"0690234575056","China"
"0690305004553","China"
"0690506066404","China"
"0690782182935","China"
"0690932000003","China"
"0695058002191","China"
"0851639006051","China"
"0856013007914","China"
"0856366002284","China"
"0898220011674","China"
"0898999000022","China"
"2000000116871","China"
"20000653","China"
"20892371","China"
"20917906","China"
"2100315223861","China"
"26207063","China"
"26246024","China"
"3021690011142","China"
"3041090899300","China"
"3045140015849","China"
"3068320000343","China"
"3083680004671","China"
"3161712996153","China"
"3165951213019","China"
"3254550040529","China"
"3272770003148","China"
"3272770014724","China"
"3288110715961","China"
"3360102240061","China"
"3364699780016","China"
"3467740090222","China"
"3560070776238","China"
"3760122710672","China"
"3760150148607","China"
"3800233075908","China"
"3838800062549","China"
"3870885002997","China"
"4000417294005","China"
"4000521663407","China"
"4002590310114","China"
"4005292123303","China"
"4008169309008","China"
"4028491406824","China"
"4036300112057","China"
"4038822049316","China"
"4040600003380","China"
"4045317058593","China"
"4056489972105","China"
"4056489989257","China"
"40804866","China"
"4099100086065","China"
"4100290005320","China"
"4260290260010","China"
"4260290262182","China"
"4260493760225","China"
"4388844079366","China"
"4531940000233","China"
"4560375099178","China"
"4605504515188","China"
"4710063338953","China"
"4710304110997","China"
"4712893431279","China"
"4891028705949","China"
"4891028706656","China"
"4891028720232","China"
"4891175100345","China"
"4897043061138","China"
"4902777227771","China"
"4942355190110","China"
"5000159366267","China"
"5000214020899","China"
"5000396033014","China"
"5010477348272","China"
"5016614057090","China"
"5055534302934","China"
"5201168815399","China"
"5202908113119","China"
"5390582809111","China"
"5400117519696","China"
"5400141055900","China"
"5400141107203","China"
"5400141124507","China"
"5400141156959","China"
"5400141167153","China"
"5400141187205","China"
"5400141191172","China"
"5400141191448","China"
"5400141197358","China"
"5400141219043","China"
"5400141243833","China"
"5400141264234","China"
"5400141323139","China"
"5400141381085","China"
"5400141381221","China"
"5400141410334","China"
"5400219507706","China"
"5410056186682","China"
"5410056186705","China"
"5410056187337","China"
"5410256012248","China"
"5410522513257","China"
"5410792000488","China"
"5411188132110","China"
"5411901060096","China"
"5412254740529","China"
"5449000017932","China"
"5601069106891","China"
"5740900400894","China"
"5760466737654","China"
"5900352014456","China"
"5900512501673","China"
"5900617011299","China"
"5900749610339","China"
"5941850871097","China"
"5949065004613","China"
"6111248430048","China"
"6410405225443","China"
"6410405257772","China"
"6900082020153","China"
"6900082020177","China"
"6900458321129","China"
"6900731805711","China"
"6900873012886","China"
"6900873056781","China"
"6901010117440","China"
"6901036890730","China"
"6901049102028","China"
"6901148215810","China"
"6901209212215","China"
"6901209215315","China"
"6901234562125","China"
"6901420606855","China"
"6901581506599","China"
"6901668005717","China"
"6901668005755","China"
"6901668054715","China"
"6901668932174","China"
"6901668935748","China"
"6901668936653","China"
"6901721497459","China"
"6901939621257","China"
"6901939621738","China"
"6901939691601","China"
"6902007505516","China"
"6902083814045","China"
"6902083881085","China"
"6902083891329","China"
"6902083897765","China"
"6902131110020","China"
"6902265001676","China"
"6902265150015","China"
"6902265210504","China"
"6902265360018","China"
"6902265504511","China"
"6902482005013","China"
"6902534023811","China"
"6902538004045","China"
"6902538006575","China"
"6902890235590","China"
"6902934987171","China"
"6903055888743","China"
"6903473100014","China"
"6903798207948","China"
"6904007601786","China"
"6904682000355","China"
"6904731003825","China"
"6905320034503","China"
"6905320034565","China"
"6905320843211","China"
"6905734301031","China"
"6905734301277","China"
"6906303888885","China"
"6906430100553","China"
"6906754853562","China"
"6906839701016","China"
"6907592000026","China"
"6907992100272","China"
"6907992104300","China"
"6907992500942","China"
"6907992507095","China"
"6907992513560","China"
"6907992515090","China"
"6907992632476","China"
"6907992823331","China"
"6908268813285","China"
"6908471004470","China"
"6908479843835","China"
"69087103","China"
"6908791601618","China"
"6908939077916","China"
"6908939078098","China"
"6909409012017","China"
"6909409014240","China"
"6909548098880","China"
"6910160312377","China"
"6911316600034","China"
"6911988018779","China"
"6911988030382","China"
"6912049351040","China"
"6914782082397","China"
"6916196410414","China"
"6917486003286","China"
"6917790976269","China"
"6917878003573","China"
"6917878039404","China"
"6917878044729","China"
"6918678310014","China"
"6920152460061","China"
"6920180209946","China"
"6920202888883","China"
"6920459902387","China"
"6920616317580","China"
"6920907800944","China"
"6920907808612","China"
"6920907810707","China"
"6920934800863","China"
"6921134126920","China"
"6921168500956","China"
"6921168509270","China"
"6921168532001","China"
"6921168593569","China"
"6921168597734","China"
"6921204802204","China"
"6921233902166","China"
"6921233903057","China"
"6921294389371","China"
"6921299762025","China"
"6921351120305","China"
"6921355221411","China"
"6921355222272","China"
"6921355270297","China"
"6921555506035","China"
"6921724789290","China"
"6921769004280","China"
"6921804701563","China"
"6922024730043","China"
"6922255451427","China"
"6922276100083","China"
"6922507005019","China"
"6922507806807","China"
"6922577726234","China"
"6922577727422","China"
"6922577752189","China"
"6922577766124","China"
"6922577790068","China"
"6922824075016","China"
"6923167524186","China"
"6923644223458","China"
"6923644266066","China"
"6923644287627","China"
"6923644299774","China"
"6924187828544","China"
"6924187846180","China"
"6924343526376","China"
"6924673500176","China"
"6924743915060","China"
"6924743915084","China"
"6924743919211","China"
"6924743919235","China"
"6924743919242","China"
"6924743924116","China"
"6924773540416","China"
"6924882497106","China"
"6925253944014","China"
"6925698108163","China"
"6926265377166","China"
"6927321719173","China"
"6927435520221","China"
"6928396000364","China"
"6928804011142","China"
"6928804014570","China"
"6930305500483","China"
"6930755610138","China"
"6931369257108","China"
"6932009600742","China"
"6932107253185","China"
"6932571040281","China"
"6932746132919","China"
"6934158356785","China"
"6934502301584","China"
"6935625700957","China"
"6936200601621","China"
"6936571910018","China"
"6936716271295","China"
"6937003704014","China"
"6937638100076","China"
"6937962112714","China"
"6938536200103","China"
"6940471604106","China"
"6941410723636","China"
"6941734101356","China"
"6941837103639","China"
"6942404210064","China"
"6942656601269","China"
"6942836702120","China"
"6943949415174","China"
"6944101500028","China"
"6944269305428","China"
"6944839902385","China"
"6944839956548","China"
"6945845551048","China"
"6946431801035","China"
"6947670107735","China"
"6948939681263","China"
"6950418709245","China"
"6950758401861","China"
"6950955909610","China"
"6951444610017","China"
"6952229200072","China"
"6953663017462","China"
"6954767412573","China"
"6954767415772","China"
"6954767417684","China"
"6954767430461","China"
"6954767470573","China"
"6955150411456","China"
"6955150411463","China"
"6956367338666","China"
"6956511907885","China"
"6956523515559","China"
"6957456420040","China"
"6958652300006","China"
"6959269900450","China"
"6970153485518","China"
"6970504691605","China"
"6970541410207","China"
"6970809268885","China"
"6970870270947","China"
"6970902470055","China"
"6970976501006","China"
"6971303270077","China"
"6971407920304","China"
"6971486429927","China"
"6971549890374","China"
"6972020770130","China"
"6972039816591","China"
"6972153268139","China"
"6972316600028","China"
"6972532730332","China"
"6973056770064","China"
"6973497201752","China"
"6974348720972","China"
"6974468300016","China"
"6974800842075","China"
"6974854978010","China"
"6975682480058","China"
"6976005190463","China"
"6976005190470","China"
"6976140630190","China"
"6976699470049","China"
"6978154760788","China"
"7300400391009","China"
"7394376616792","China"
"7501017006014","China"
"7610900081738","China"
"7622200002290","China"
"7622210031921","China"
"7798085680165","China"
"7801383000068","China"
"7921844406076","China"
"8001645000860","China"
"8002560190704","China"
"8003040012509","China"
"8003040014602","China"
"8005709800984","China"
"8009452222499","China"
"8015565033723","China"
"8056098031190","China"
"80768258","China"
"80974482","China"
"8402001010873","China"
"8410095004029","China"
"8410159270117","China"
"8410750072691","China"
"8410843145462","China"
"8412674106742","China"
"8422174010029","China"
"8480017077165","China"
"8710486119388","China"
"8713734039858","China"
"8716605004733","China"
"8718503381688","China"
"8719132831179","China"
"8809275311222","China"
"8850025001023","China"
"8850096750059","China"
"8850344020224","China"
"8850987101021","China"
"8851978808158","China"
"8852690002930","China"
"8854698016933","China"
"8885013130058","China"
"8934760212897","China"
"8935090914864","China"
"8964000014103","China"
"9004584021865","China"
"9020200024881","China"
"9153758906108","China"
"9300605122604","China"
"9300633254520","China"
"9300633364304","China"
"9300639999005","China"
"9300645111125","China"
"9300652808599","China"
"9312231001215","China"
"9334708000040","China"
"9348219000895","China"
"9348219001663","China"
"9415007302070","China"
"9555118659523","China"
"9555791700000","China"
"9556174902202","China"
"9556771007584","China"
"9707442171046","China"
"0016000135437","Colombia"
"0018804701139","Colombia"
"0031146155736","Colombia"
"0035342700004","Colombia"
"0037466051383","Colombia"
"0038000184949","Colombia"
"0038000845260","Colombia"
"0038000846731","Colombia"
"0038000846748","Colombia"
"0038000846755","Colombia"
"0039978024527","Colombia"
"0039978033758","Colombia"
"0040000514251","Colombia"
"0041224722002","Colombia"
"0047416051806","Colombia"
"0076150202199","Colombia"
"0076150601336","Colombia"
"0130000012403","Colombia"
"0607766156158","Colombia"
"0607766208406","Colombia"
"0607766610858","Colombia"
"0607766880732","Colombia"
"0608875005146","Colombia"
"0719503008023","Colombia"
"0722008000898","Colombia"
"0735051016372","Colombia"
"0770333021064","Colombia"
"0770333022542","Colombia"
"0770333024546","Colombia"
"0770802557315","Colombia"
"0770981094632","Colombia"
"0770981324005","Colombia"
"0814465011965","Colombia"
"0814784024165","Colombia"
"0850016964168","Colombia"
"0850029632030","Colombia"
"1001006021623","Colombia"
"14601415","Colombia"
"20245290","Colombia"
"3222471055113","Colombia"
"3222471623718","Colombia"
"3248650098566","Colombia"
"3248650186294","Colombia"
"3350031544545","Colombia"
"3747127361443","Colombia"
"4044782116234","Colombia"
"4068261049820","Colombia"
"4716009773505","Colombia"
"5025324009626","Colombia"
"5099874331612","Colombia"
"5285002192204","Colombia"
"5906974015727","Colombia"
"7441163412447","Colombia"
"7501005102674","Colombia"
"7501008075364","Colombia"
"7501058637420","Colombia"
"7501059284470","Colombia"
"7501125144851","Colombia"
"7501372810080","Colombia"
"7502246442376","Colombia"
"7502252482779","Colombia"
"7502252482786","Colombia"
"7503013040689","Colombia"
"7506105606077","Colombia"
"7506475117692","Colombia"
"7590011151110","Colombia"
"7590011251100","Colombia"
"7591057001025","Colombia"
"7610400014038","Colombia"
"7613032414580","Colombia"
"7613033986628","Colombia"
"7622201389895","Colombia"
"7622201390112","Colombia"
"7622201390167","Colombia"
"7622201720063","Colombia"
"7622210633842","Colombia"
"7622210854209","Colombia"
"7700304004645","Colombia"
"7700304007035","Colombia"
"7700304029631","Colombia"
"7700304035205","Colombia"
"7700304048380","Colombia"
"7700304056583","Colombia"
"7700304061143","Colombia"
"7700304067688","Colombia"
"7700304070107","Colombia"
"7700304076215","Colombia"
"7700304082513","Colombia"
"7700304084159","Colombia"
"7700304084982","Colombia"
"7700304087686","Colombia"
"7700304110445","Colombia"
"7700304112609","Colombia"
"7700304163984","Colombia"
"7700304165162","Colombia"
"7700304185191","Colombia"
"7700304185368","Colombia"
"7700304189731","Colombia"
"7700304202294","Colombia"
"7700304205998","Colombia"
"7700304239436","Colombia"
"7700304250899","Colombia"
"7700304263356","Colombia"
"7700304263547","Colombia"
"7700304266371","Colombia"
"7700304268009","Colombia"
"7700304273621","Colombia"
"7700304275687","Colombia"
"7700304280650","Colombia"
"7700304280872","Colombia"
"7700304281770","Colombia"
"7700304289882","Colombia"
"7700304295616","Colombia"
"7700304308217","Colombia"
"7700304314300","Colombia"
"7700304321582","Colombia"
"7700304331321","Colombia"
"7700304335183","Colombia"
"7700304345236","Colombia"
"7700304354993","Colombia"
"7700304356058","Colombia"
"7700304357307","Colombia"
"7700304360604","Colombia"
"7700304369010","Colombia"
"7700304375318","Colombia"
"7700304378074","Colombia"
"7700304379989","Colombia"
"7700304387687","Colombia"
"7700304396405","Colombia"
"7700304398812","Colombia"
"7700304415397","Colombia"
"7700304422920","Colombia"
"7700304432608","Colombia"
"7700304433506","Colombia"
"7700304441181","Colombia"
"7700304448241","Colombia"
"7700304471683","Colombia"
"7700304483266","Colombia"
"7700304487707","Colombia"
"7700304488926","Colombia"
"7700304495085","Colombia"
"7700304497669","Colombia"
"7700304503100","Colombia"
"7700304507665","Colombia"
"7700304510955","Colombia"
"7700304521005","Colombia"
"7700304521197","Colombia"
"7700304528240","Colombia"
"7700304530724","Colombia"
"7700304562510","Colombia"
"7700304569748","Colombia"
"7700304573622","Colombia"
"7700304573721","Colombia"
"7700304582914","Colombia"
"7700304609383","Colombia"
"7700304624997","Colombia"
"7700304627561","Colombia"
"7700304640843","Colombia"
"7700304646586","Colombia"
"7700304666058","Colombia"
"7700304666232","Colombia"
"7700304667468","Colombia"
"7700304690060","Colombia"
"7700304708017","Colombia"
"7700304711130","Colombia"
"7700304716753","Colombia"
"7700304740529","Colombia"
"7700304750788","Colombia"
"7700304751501","Colombia"
"7700304757091","Colombia"
"7700304768868","Colombia"
"7700304802609","Colombia"
"7700304811090","Colombia"
"7700304886708","Colombia"
"7700304887880","Colombia"
"7700304890767","Colombia"
"7700304898633","Colombia"
"7700304927098","Colombia"
"7700304930951","Colombia"
"7700304942213","Colombia"
"7700304944446","Colombia"
"7700304966448","Colombia"
"7700304975617","Colombia"
"7700304999866","Colombia"
"7700540998531","Colombia"
"7700604055347","Colombia"
"7701001687995","Colombia"
"7701001734446","Colombia"
"7701001758435","Colombia"
"7701001773551","Colombia"
"7701001901121","Colombia"
"7701018006932","Colombia"
"7701101230152","Colombia"
"7701101242049","Colombia"
"7701101247266","Colombia"
"7701101261507","Colombia"
"7701101270059","Colombia"
"7701101280645","Colombia"
"7701101356098","Colombia"
"7701101356197","Colombia"
"7701101358139","Colombia"
"7701101358542","Colombia"
"7701101359594","Colombia"
"7701101361443","Colombia"
"77013323","Colombia"
"7701362014904","Colombia"
"7702001011308","Colombia"
"7702001012084","Colombia"
"7702001020133","Colombia"
"7702001042005","Colombia"
"7702001044191","Colombia"
"7702001044450","Colombia"
"7702001044542","Colombia"
"7702001045051","Colombia"
"7702001045075","Colombia"
"7702001045310","Colombia"
"7702001046409","Colombia"
"7702001047567","Colombia"
"7702001047666","Colombia"
"7702001048106","Colombia"
"7702001062218","Colombia"
"7702001084999","Colombia"
"7702001086023","Colombia"
"7702001086054","Colombia"
"7702001086337","Colombia"
"7702001121779","Colombia"
"7702001124763","Colombia"
"7702001133611","Colombia"
"7702001148561","Colombia"
"7702001155293","Colombia"
"7702001158058","Colombia"
"7702001158645","Colombia"
"7702001162802","Colombia"
"7702001163878","Colombia"
"7702001163885","Colombia"
"7702001163892","Colombia"
"7702001169832","Colombia"
"7702001170135","Colombia"
"7702001173525","Colombia"
"7702004013484","Colombia"
"7702004013514","Colombia"
"7702004013668","Colombia"
"7702004016614","Colombia"
"7702007004533","Colombia"
"7702007013757","Colombia"
"7702007032253","Colombia"
"7702007036558","Colombia"
"7702007042276","Colombia"
"7702007045383","Colombia"
"7702007049183","Colombia"
"7702007055269","Colombia"
"7702007058413","Colombia"
"7702007060553","Colombia"
"7702007063646","Colombia"
"7702007063660","Colombia"
"7702007063899","Colombia"
"7702007065411","Colombia"
"7702007065565","Colombia"
"7702007068740","Colombia"
"7702007071795","Colombia"
"7702007072730","Colombia"
"7702007075663","Colombia"
"7702007077612","Colombia"
"7702007078015","Colombia"
"7702007078596","Colombia"
"7702007080360","Colombia"
"7702007080476","Colombia"
"7702007080742","Colombia"
"7702011014597","Colombia"
"7702011200877","Colombia"
"7702011270221","Colombia"
"7702011275332","Colombia"
"7702011281180","Colombia"
"7702020011266","Colombia"
"7702020017831","Colombia"
"7702020021432","Colombia"
"7702020055086","Colombia"
"7702020101103","Colombia"
"7702020107204","Colombia"
"7702020112055","Colombia"
"7702020117012","Colombia"
"7702020178402","Colombia"
"7702020212021","Colombia"
"7702020212052","Colombia"
"7702020216180","Colombia"
"7702024034605","Colombia"
"7702024046554","Colombia"
"7702024056102","Colombia"
"7702024588726","Colombia"
"7702025100279","Colombia"
"7702025100293","Colombia"
"7702025103379","Colombia"
"7702025110698","Colombia"
"7702025113132","Colombia"
"7702025120192","Colombia"
"7702025120307","Colombia"
"7702025123513","Colombia"
"7702025132782","Colombia"
"7702025133161","Colombia"
"7702025136049","Colombia"
"7702025136759","Colombia"
"7702025137619","Colombia"
"7702025137787","Colombia"
"7702025139972","Colombia"
"7702025142446","Colombia"
"7702025142910","Colombia"
"7702025143047","Colombia"
"7702025143054","Colombia"
"7702025144266","Colombia"
"7702025146673","Colombia"
"7702025148448","Colombia"
"7702025148455","Colombia"
"7702025148585","Colombia"
"7702025150748","Colombia"
"7702025185344","Colombia"
"7702028021625","Colombia"
"7702047003466","Colombia"
"7702047005330","Colombia"
"7702047038758","Colombia"
"7702047038772","Colombia"
"7702047039236","Colombia"
"7702047039892","Colombia"
"7702047130308","Colombia"
"7702084137520","Colombia"
"7702084137551","Colombia"
"7702084137858","Colombia"
"7702085003428","Colombia"
"7702085003473","Colombia"
"7702085003916","Colombia"
"7702085019023","Colombia"
"7702085021736","Colombia"
"7702085021842","Colombia"
"7702085021873","Colombia"
"7702085243022","Colombia"
"7702090013016","Colombia"
"7702090016369","Colombia"
"7702090022728","Colombia"
"7702090027884","Colombia"
"7702090029888","Colombia"
"7702090039436","Colombia"
"7702090041521","Colombia"
"7702090048452","Colombia"
"7702090048469","Colombia"
"7702090063479","Colombia"
"7702090064186","Colombia"
"7702097032751","Colombia"
"7702097036681","Colombia"
"7702097037565","Colombia"
"7702129001052","Colombia"
"7702129003407","Colombia"
"7702129004299","Colombia"
"7702129005173","Colombia"
"7702129015523","Colombia"
"7702129020756","Colombia"
"7702129020800","Colombia"
"7702129025034","Colombia"
"7702129025157","Colombia"
"7702129025201","Colombia"
"7702129025294","Colombia"
"7702129046374","Colombia"
"7702129047616","Colombia"
"7702129072250","Colombia"
"7702129075114","Colombia"
"7702133006661","Colombia"
"7702133009037","Colombia"
"7702141004963","Colombia"
"7702152003023","Colombia"
"7702152008950","Colombia"
"7702152008967","Colombia"
"7702177004234","Colombia"
"7702177009642","Colombia"
"7702177017975","Colombia"
"7702177022337","Colombia"
"7702177022344","Colombia"
"7702177022498","Colombia"
"7702177024393","Colombia"
"7702189042347","Colombia"
"7702189050175","Colombia"
"7702189051103","Colombia"
"7702189053817","Colombia"
"7702189053848","Colombia"
"7702189056214","Colombia"
"7702189056245","Colombia"
"7702189057013","Colombia"
"7702189057860","Colombia"
"7702189058515","Colombia"
"7702192218050","Colombia"
"7702192422051","Colombia"
"7702192741749","Colombia"
"7702193101283","Colombia"
"7702193101313","Colombia"
"7702193149162","Colombia"
"7702193149322","Colombia"
"7702193424009","Colombia"
"7702193623389","Colombia"
"7702204000086","Colombia"
"7702222002314","Colombia"
"7702247419159","Colombia"
"7702312290010","Colombia"
"7702323128029","Colombia"
"7702323200183","Colombia"
"7702345021261","Colombia"
"7702354005894","Colombia"
"7702354009397","Colombia"
"7702354934361","Colombia"
"7702354944193","Colombia"
"7702354955342","Colombia"
"7702367000404","Colombia"
"7702367002620","Colombia"
"7702367002637","Colombia"
"7702367003917","Colombia"
"7702398025650","Colombia"
"7702402054416","Colombia"
"7702409005732","Colombia"
"7702409005763","Colombia"
"7702409010972","Colombia"
"7702409800894","Colombia"
"7702417003447","Colombia"
"7702420406006","Colombia"
"7702432002005","Colombia"
"7702434030143","Colombia"
"7702439596569","Colombia"
"7702439606992","Colombia"
"7702511000014","Colombia"
"7702511000748","Colombia"
"7702511002933","Colombia"
"7702511003695","Colombia"
"7702535001530","Colombia"
"7702535006788","Colombia"
"7702535007914","Colombia"
"7702535009994","Colombia"
"7702535010341","Colombia"
"7702535011089","Colombia"
"7702535011119","Colombia"
"7702535011799","Colombia"
"7702535011805","Colombia"
"7702535012079","Colombia"
"7702535014240","Colombia"
"7702535022078","Colombia"
"7702535024423","Colombia"
"7702535024447","Colombia"
"7702535025482","Colombia"
"7702535030110","Colombia"
"7702535033456","Colombia"
"7702552000097","Colombia"
"7702560043406","Colombia"
"7702609001886","Colombia"
"7702609005372","Colombia"
"7702609006508","Colombia"
"7702622163318","Colombia"
"7702622229151","Colombia"
"7702622238160","Colombia"
"7702622423405","Colombia"
"7702622624154","Colombia"
"7702622625083","Colombia"
"7702622955128","Colombia"
"7702705022013","Colombia"
"7702728231324","Colombia"
"7702746030169","Colombia"
"7702746066298","Colombia"
"7702766083220","Colombia"
"7702807936164","Colombia"
"7702889002047","Colombia"
"7702914114400","Colombia"
"7702914115209","Colombia"
"7702914159401","Colombia"
"7702914160308","Colombia"
"7702914594431","Colombia"
"7702914594530","Colombia"
"7702914596787","Colombia"
"7702914596794","Colombia"
"7702914597982","Colombia"
"7702914601627","Colombia"
"7702993016589","Colombia"
"7702993017555","Colombia"
"7702993025130","Colombia"
"7702993044087","Colombia"
"7702993051825","Colombia"
"7702993054581","Colombia"
"7703080733228","Colombia"
"7703080867305","Colombia"
"7703111007175","Colombia"
"7703133010535","Colombia"
"7703133088121","Colombia"
"7703153041496","Colombia"
"7703386000000","Colombia"
"7703386000109","Colombia"
"7703386000253","Colombia"
"7703386000260","Colombia"
"7703517855417","Colombia"
"77035684","Colombia"
"7703812101103","Colombia"
"7703963008221","Colombia"
"7704269071520","Colombia"
"7704269105874","Colombia"
"7704269106147","Colombia"
"7704269109704","Colombia"
"7704269111530","Colombia"
"7704269114845","Colombia"
"7704269114982","Colombia"
"7704269116184","Colombia"
"7704269116528","Colombia"
"7704269116702","Colombia"
"7704269120570","Colombia"
"7704269159686","Colombia"
"7704269320147","Colombia"
"7704269396593","Colombia"
"7704269630024","Colombia"
"7704269715943","Colombia"
"7704269882140","Colombia"
"7704269949430","Colombia"
"7704269963023","Colombia"
"7704269982000","Colombia"
"7705326001078","Colombia"
"7705326001085","Colombia"
"7705326001108","Colombia"
"7705326012395","Colombia"
"7705326016423","Colombia"
"7705326016485","Colombia"
"7705326018717","Colombia"
"7705326018977","Colombia"
"7705326019264","Colombia"
"7705326020505","Colombia"
"7705326020970","Colombia"
"7705326072535","Colombia"
"7705326073891","Colombia"
"7705326075505","Colombia"
"7705326076038","Colombia"
"7705326077837","Colombia"
"7705326078261","Colombia"
"7705326078650","Colombia"
"7705326079343","Colombia"
"7705326081513","Colombia"
"7705326081803","Colombia"
"7705326088574","Colombia"
"7705436014654","Colombia"
"7705633010305","Colombia"
"7705890020451","Colombia"
"7707026100310","Colombia"
"7707110100363","Colombia"
"7707172301340","Colombia"
"7707172309919","Colombia"
"7707172310472","Colombia"
"7707211632541","Colombia"
"7707211976645","Colombia"
"7707224220407","Colombia"
"7707226572023","Colombia"
"7707237413902","Colombia"
"7707240271063","Colombia"
"7707245740243","Colombia"
"7707249596822","Colombia"
"7707272490197","Colombia"
"7707287463179","Colombia"
"7707298470012","Colombia"
"7707298470074","Colombia"
"7707312650383","Colombia"
"7707312650468","Colombia"
"7707322030052","Colombia"
"7707322030328","Colombia"
"7707322030939","Colombia"
"7707357440314","Colombia"
"7707357441175","Colombia"
"7707361790214","Colombia"
"7707362390079","Colombia"
"7707362390086","Colombia"
"7707362676142","Colombia"
"7707363540039","Colombia"
"7707365170623","Colombia"
"7707365173679","Colombia"
"7707365174829","Colombia"
"7707366637606","Colombia"
"7707394716458","Colombia"
"7707713943008","Colombia"
"7707799414713","Colombia"
"7707799416168","Colombia"
"7708001730706","Colombia"
"7708022416306","Colombia"
"7708379322473","Colombia"
"7708638104383","Colombia"
"7708638104451","Colombia"
"7708666235646","Colombia"
"77087799","Colombia"
"7708955428056","Colombia"
"7708979178258","Colombia"
"7709019398131","Colombia"
"7709019398148","Colombia"
"7709027205407","Colombia"
"7709061446170","Colombia"
"7709114152201","Colombia"
"7709185891900","Colombia"
"7709296944106","Colombia"
"7709296944137","Colombia"
"7709296944144","Colombia"
"7709296944175","Colombia"
"7709354352546","Colombia"
"7709357224390","Colombia"
"7709438617882","Colombia"
"7709455050235","Colombia"
"7709468612017","Colombia"
"7709569320286","Colombia"
"7709636632250","Colombia"
"7709730504774","Colombia"
"7709731662978","Colombia"
"7709865897659","Colombia"
"7709899035201","Colombia"
"7709934806377","Colombia"
"7709959830203","Colombia"
"7709986470557","Colombia"
"7709990000375","Colombia"
"7709990231205","Colombia"
"7709990261936","Colombia"
"7709990350432","Colombia"
"7709990350463","Colombia"
"7709990350470","Colombia"
"7709990473292","Colombia"
"7709990576818","Colombia"
"7709990927412","Colombia"
"77099938","Colombia"
"7709997781994","Colombia"
"7750243052665","Colombia"
"7750243052740","Colombia"
"7750243286152","Colombia"
"7773103000064","Colombia"
"7790045823889","Colombia"
"7790580567903","Colombia"
"7791875000471","Colombia"
"7792129003521","Colombia"
"7801875068019","Colombia"
"7802215303241","Colombia"
"7802215505140","Colombia"
"7802225427579","Colombia"
"7802225640770","Colombia"
"7804655060012","Colombia"
"7804659650066","Colombia"
"7804659650172","Colombia"
"7804659650363","Colombia"
"7804659650998","Colombia"
"7861013900441","Colombia"
"7861036400522","Colombia"
"7861036400546","Colombia"
"7862107787344","Colombia"
"7862129010277","Colombia"
"7891008121728","Colombia"
"7891079012444","Colombia"
"7891962032283","Colombia"
"7891962032290","Colombia"
"7891962036915","Colombia"
"7891962060460","Colombia"
"7896007800001","Colombia"
"7898024395232","Colombia"
"8001876003036","Colombia"
"8005121000122","Colombia"
"8005121000535","Colombia"
"8005121000757","Colombia"
"8410109050509","Colombia"
"8410109050882","Colombia"
"8410109104950","Colombia"
"8410109109832","Colombia"
"8410109113051","Colombia"
"8410111009489","Colombia"
"8410199026361","Colombia"
"8412170011434","Colombia"
"8412170026896","Colombia"
"8412598005831","Colombia"
"8691707588070","Colombia"
"8719200453043","Colombia"
"8719200453074","Colombia"
"8719200453128","Colombia"
"8719200453142","Colombia"
"8901393017137","Colombia"
"00395496","Czech Republic"
"0054881004787","Czech Republic"
"0078895126389","Czech Republic"
"0078895126396","Czech Republic"
"0612322030087","Czech Republic"
"0810165010277","Czech Republic"
"0810165013735","Czech Republic"
"1504476540002","Czech Republic"
"15940148","Czech Republic"
"1704877950008","Czech Republic"
"20000639","Czech Republic"
"20000806","Czech Republic"
"20002497","Czech Republic"
"20002589","Czech Republic"
"20004101","Czech Republic"
"20004330","Czech Republic"
"20004392","Czech Republic"
"20004408","Czech Republic"
"20005719","Czech Republic"
"20005825","Czech Republic"
"20005832","Czech Republic"
"20006785","Czech Republic"
"20015664","Czech Republic"
"20022464","Czech Republic"
"20036126","Czech Republic"
"20036232","Czech Republic"
"20037154","Czech Republic"
"20037161","Czech Republic"
"20037253","Czech Republic"
"20041663","Czech Republic"
"20047221","Czech Republic"
"20047238","Czech Republic"
"20053956","Czech Republic"
"20055363","Czech Republic"
"20057435","Czech Republic"
"20060039","Czech Republic"
"20063757","Czech Republic"
"20066086","Czech Republic"
"20068172","Czech Republic"
"20068189","Czech Republic"
"20068509","Czech Republic"
"20074166","Czech Republic"
"20081065","Czech Republic"
"20082185","Czech Republic"
"20082925","Czech Republic"
"20087036","Czech Republic"
"20088286","Czech Republic"
"20093099","Czech Republic"
"20093105","Czech Republic"
"20097653","Czech Republic"
"20100902","Czech Republic"
"20103590","Czech Republic"
"20103644","Czech Republic"
"20104375","Czech Republic"
"20105174","Czech Republic"
"20105754","Czech Republic"
"20105761","Czech Republic"
"20107734","Czech Republic"
"20107918","Czech Republic"
"20110475","Czech Republic"
"20114329","Czech Republic"
"20114701","Czech Republic"
"20115302","Czech Republic"
"20115678","Czech Republic"
"20122522","Czech Republic"
"20122560","Czech Republic"
"20122874","Czech Republic"
"20122881","Czech Republic"
"20130596","Czech Republic"
"20144302","Czech Republic"
"20153229","Czech Republic"
"20154189","Czech Republic"
"20154196","Czech Republic"
"20154691","Czech Republic"
"20164034","Czech Republic"
"20164041","Czech Republic"
"20171742","Czech Republic"
"20179649","Czech Republic"
"20192716","Czech Republic"
"20196318","Czech Republic"
"20198077","Czech Republic"
"20201449","Czech Republic"
"20204457","Czech Republic"
"20212933","Czech Republic"
"20214531","Czech Republic"
"20233655","Czech Republic"
"20236366","Czech Republic"
"20240899","Czech Republic"
"20247775","Czech Republic"
"20252120","Czech Republic"
"20254155","Czech Republic"
"20255428","Czech Republic"
"20259211","Czech Republic"
"20261368","Czech Republic"
"20261375","Czech Republic"
"20263836","Czech Republic"
"20285685","Czech Republic"
"20300623","Czech Republic"
"20310615","Czech Republic"
"20333485","Czech Republic"
"20336547","Czech Republic"
"20337179","Czech Republic"
"20343255","Czech Republic"
"20347123","Czech Republic"
"20377946","Czech Republic"
"20382186","Czech Republic"
"20382339","Czech Republic"
"20385378","Czech Republic"
"20399405","Czech Republic"
"20411978","Czech Republic"
"20429959","Czech Republic"
"20437787","Czech Republic"
"20441951","Czech Republic"
"20465766","Czech Republic"
"20466190","Czech Republic"
"20468583","Czech Republic"
"20482077","Czech Republic"
"20487942","Czech Republic"
"20493240","Czech Republic"
"20493257","Czech Republic"
"20493752","Czech Republic"
"20493851","Czech Republic"
"20509491","Czech Republic"
"20509552","Czech Republic"
"20514976","Czech Republic"
"20516901","Czech Republic"
"20534462","Czech Republic"
"20535483","Czech Republic"
"20535933","Czech Republic"
"20536695","Czech Republic"
"20553036","Czech Republic"
"20558123","Czech Republic"
"20559601","Czech Republic"
"20561864","Czech Republic"
"20562663","Czech Republic"
"20569105","Czech Republic"
"20601799","Czech Republic"
"20616366","Czech Republic"
"20619848","Czech Republic"
"20621452","Czech Republic"
"20645342","Czech Republic"
"20645397","Czech Republic"
"20659547","Czech Republic"
"20669409","Czech Republic"
"20671525","Czech Republic"
"20672775","Czech Republic"
"20685072","Czech Republic"
"20686192","Czech Republic"
"20691981","Czech Republic"
"20691998","Czech Republic"
"20703769","Czech Republic"
"20706852","Czech Republic"
"20711740","Czech Republic"
"20714703","Czech Republic"
"20714710","Czech Republic"
"20724696","Czech Republic"
"20724733","Czech Republic"
"20754648","Czech Republic"
"20761912","Czech Republic"
"20781705","Czech Republic"
"20789916","Czech Republic"
"20800680","Czech Republic"
"20818692","Czech Republic"
"20828875","Czech Republic"
"20830700","Czech Republic"
"20836764","Czech Republic"
"20837082","Czech Republic"
"20837112","Czech Republic"
"20837273","Czech Republic"
"20839062","Czech Republic"
"20851194","Czech Republic"
"20856878","Czech Republic"
"20918286","Czech Republic"
"20949150","Czech Republic"
"20962500","Czech Republic"
"29149834","Czech Republic"
"29149858","Czech Republic"
"29434756","Czech Republic"
"3038354250908","Czech Republic"
"3038354251103","Czech Republic"
"3038354256207","Czech Republic"
"3038359911972","Czech Republic"
"3045140118502","Czech Republic"
"3046920010047","Czech Republic"
"3046920022651","Czech Republic"
"3046920024105","Czech Republic"
"3046920028004","Czech Republic"
"3046920028370","Czech Republic"
"3046920029681","Czech Republic"
"3046920029759","Czech Republic"
"3052910013677","Czech Republic"
"3052910013745","Czech Republic"
"3052910013776","Czech Republic"
"3073780990363","Czech Republic"
"3073781161298","Czech Republic"
"3073781209150","Czech Republic"
"3083680002929","Czech Republic"
"3083680047364","Czech Republic"
"3083680086936","Czech Republic"
"3083680495882","Czech Republic"
"3083680538404","Czech Republic"
"3083681003949","Czech Republic"
"3083681003963","Czech Republic"
"3083681139709","Czech Republic"
"3083681139716","Czech Republic"
"3083681163155","Czech Republic"
"3165950308075","Czech Republic"
"3228020481907","Czech Republic"
"3250392355289","Czech Republic"
"3250392494322","Czech Republic"
"3273220182574","Czech Republic"
"3273227081023","Czech Republic"
"3273227088213","Czech Republic"
"3387390326468","Czech Republic"
"3387390339499","Czech Republic"
"3583784847766","Czech Republic"
"3608580086055","Czech Republic"
"3608580890911","Czech Republic"
"3608580963479","Czech Republic"
"3609200003087","Czech Republic"
"3800200451704","Czech Republic"
"3800205871255","Czech Republic"
"3800205875109","Czech Republic"
"3800205875604","Czech Republic"
"3800205877578","Czech Republic"
"3800232731027","Czech Republic"
"3800233074970","Czech Republic"
"3800233091205","Czech Republic"
"3830074230365","Czech Republic"
"3850104051029","Czech Republic"
"3859888858008","Czech Republic"
"4000177171912","Czech Republic"
"4000177407400","Czech Republic"
"4000177407509","Czech Republic"
"4000177407608","Czech Republic"
"4000177408100","Czech Republic"
"4000417023001","Czech Republic"
"4000417025005","Czech Republic"
"4000417026002","Czech Republic"
"4000417700001","Czech Republic"
"4000417702005","Czech Republic"
"4000417703002","Czech Republic"
"4000512015062","Czech Republic"
"4001954165513","Czech Republic"
"4002971207309","Czech Republic"
"4003419002500","Czech Republic"
"4003490069089","Czech Republic"
"4003514001002","Czech Republic"
"4005500043867","Czech Republic"
"4006040202844","Czech Republic"
"4006040488897","Czech Republic"
"4006952049308","Czech Republic"
"4008258038000","Czech Republic"
"4008258235003","Czech Republic"
"4008400203829","Czech Republic"
"40084725","Czech Republic"
"4009900406918","Czech Republic"
"4010442413159","Czech Republic"
"4011800546519","Czech Republic"
"4011800548513","Czech Republic"
"40122885","Czech Republic"
"4014400400007","Czech Republic"
"4014400932959","Czech Republic"
"4014500509518","Czech Republic"
"4014500512716","Czech Republic"
"4014500512907","Czech Republic"
"4014500512990","Czech Republic"
"4014500519173","Czech Republic"
"4014500520063","Czech Republic"
"4014500520360","Czech Republic"
"4014500521626","Czech Republic"
"4015533041525","Czech Republic"
"4016337912486","Czech Republic"
"4022993046090","Czech Republic"
"4022993047080","Czech Republic"
"4023600013368","Czech Republic"
"4025500132446","Czech Republic"
"4025500132477","Czech Republic"
"4025500135614","Czech Republic"
"4025500179359","Czech Republic"
"4025500235024","Czech Republic"
"4029764001821","Czech Republic"
"40338231","Czech Republic"
"4036500008303","Czech Republic"
"4044889000498","Czech Republic"
"4044889002225","Czech Republic"
"4044889004571","Czech Republic"
"4044889004878","Czech Republic"
"4046097800112","Czech Republic"
"4048517720888","Czech Republic"
"4056489007166","Czech Republic"
"4056489008651","Czech Republic"
"4056489018636","Czech Republic"
"4056489019473","Czech Republic"
"4056489041313","Czech Republic"
"4056489041320","Czech Republic"
"4056489063773","Czech Republic"
"4056489064169","Czech Republic"
"4056489065005","Czech Republic"
"4056489065050","Czech Republic"
"4056489065074","Czech Republic"
"4056489067566","Czech Republic"
"4056489067719","Czech Republic"
"4056489067740","Czech Republic"
"4056489067788","Czech Republic"
"4056489068822","Czech Republic"
"4056489068839","Czech Republic"
"4056489068846","Czech Republic"
"4056489069553","Czech Republic"
"4056489078173","Czech Republic"
"4056489095897","Czech Republic"
"4056489108160","Czech Republic"
"4056489114710","Czech Republic"
"4056489119791","Czech Republic"
"4056489123286","Czech Republic"
"4056489123972","Czech Republic"
"4056489135524","Czech Republic"
"4056489150220","Czech Republic"
"4056489150237","Czech Republic"
"4056489150398","Czech Republic"
"4056489172390","Czech Republic"
"4056489181293","Czech Republic"
"4056489195917","Czech Republic"
"4056489197287","Czech Republic"
"4056489215233","Czech Republic"
"4056489223252","Czech Republic"
"4056489238676","Czech Republic"
"4056489294795","Czech Republic"
"4056489315605","Czech Republic"
"4056489317197","Czech Republic"
"4056489328766","Czech Republic"
"4056489346357","Czech Republic"
"4056489358848","Czech Republic"
"4056489358855","Czech Republic"
"4056489375197","Czech Republic"
"4056489379034","Czech Republic"
"4056489388555","Czech Republic"
"4056489411505","Czech Republic"
"4056489413455","Czech Republic"
"4056489413592","Czech Republic"
"4056489423867","Czech Republic"
"4056489425038","Czech Republic"
"4056489441304","Czech Republic"
"4056489442363","Czech Republic"
"4056489447177","Czech Republic"
"4056489447184","Czech Republic"
"4056489447801","Czech Republic"
"4056489451044","Czech Republic"
"4056489459514","Czech Republic"
"4056489459545","Czech Republic"
"4056489467922","Czech Republic"
"4056489483489","Czech Republic"
"4056489499664","Czech Republic"
"4056489530091","Czech Republic"
"4056489541813","Czech Republic"
"4056489542537","Czech Republic"
"4056489580522","Czech Republic"
"4056489580584","Czech Republic"
"4056489594512","Czech Republic"
"4056489601609","Czech Republic"
"4056489633969","Czech Republic"
"4056489640585","Czech Republic"
"4056489645979","Czech Republic"
"4056489654216","Czech Republic"
"4056489686101","Czech Republic"
"4056489687610","Czech Republic"
"4056489687627","Czech Republic"
"4056489693314","Czech Republic"
"4056489693321","Czech Republic"
"4056489695424","Czech Republic"
"4056489708995","Czech Republic"
"4056489714507","Czech Republic"
"4056489714743","Czech Republic"
"4056489724070","Czech Republic"
"4056489724384","Czech Republic"
"4056489724636","Czech Republic"
"4056489733645","Czech Republic"
"4056489751304","Czech Republic"
"4056489774761","Czech Republic"
"4056489784616","Czech Republic"
"4056489791799","Czech Republic"
"4056489814788","Czech Republic"
"4056489846888","Czech Republic"
"4056489847250","Czech Republic"
"4056489880455","Czech Republic"
"4056489889854","Czech Republic"
"4056489914990","Czech Republic"
"4056489918196","Czech Republic"
"4056489918202","Czech Republic"
"4056489920298","Czech Republic"
"4056489924234","Czech Republic"
"4056489924258","Czech Republic"
"4056489936176","Czech Republic"
"4056489973010","Czech Republic"
"4056489979227","Czech Republic"
"4058172268717","Czech Republic"
"4058172287459","Czech Republic"
"4058172824470","Czech Republic"
"4058172848742","Czech Republic"
"4058172925146","Czech Republic"
"4063367247743","Czech Republic"
"4063367247750","Czech Republic"
"4063367410369","Czech Republic"
"4066447104806","Czech Republic"
"4066447219951","Czech Republic"
"4066447238624","Czech Republic"
"4066447308075","Czech Republic"
"4066447308174","Czech Republic"
"4066447327908","Czech Republic"
"4066447375701","Czech Republic"
"4066447398649","Czech Republic"
"4066447422825","Czech Republic"
"4066447524772","Czech Republic"
"4066447607574","Czech Republic"
"4066447614404","Czech Republic"
"4066447677003","Czech Republic"
"4066447717945","Czech Republic"
"4067796000221","Czech Republic"
"4067796000269","Czech Republic"
"4067796013023","Czech Republic"
"4067796014280","Czech Republic"
"4067796066760","Czech Republic"
"4067796073355","Czech Republic"
"4067796075892","Czech Republic"
"4067796083347","Czech Republic"
"4067796084863","Czech Republic"
"4067796197587","Czech Republic"
"4067796245134","Czech Republic"
"4068134029447","Czech Republic"
"4075600058177","Czech Republic"
"4075600122465","Czech Republic"
"40858029","Czech Republic"
"40858227","Czech Republic"
"4101540707353","Czech Republic"
"4104420018747","Czech Republic"
"4104420031326","Czech Republic"
"4104420031500","Czech Republic"
"4104420054387","Czech Republic"
"4104420094987","Czech Republic"
"4104420095007","Czech Republic"
"4104420095205","Czech Republic"
"4104420135901","Czech Republic"
"4104420141162","Czech Republic"
"4104420181144","Czech Republic"
"4104420186279","Czech Republic"
"4104420204225","Czech Republic"
"4104420213593","Czech Republic"
"4104420221536","Czech Republic"
"4104420222472","Czech Republic"
"4104420224728","Czech Republic"
"4104420224957","Czech Republic"
"4104420230835","Czech Republic"
"4104420236196","Czech Republic"
"4104420241176","Czech Republic"
"42099697","Czech Republic"
"42214458","Czech Republic"
"42373261","Czech Republic"
"42392149","Czech Republic"
"42418566","Czech Republic"
"4250950115019","Czech Republic"
"4260024180089","Czech Republic"
"4260024180270","Czech Republic"
"4304493261730","Czech Republic"
"4305615663876","Czech Republic"
"4305615676883","Czech Republic"
"4305615852379","Czech Republic"
"4335619033993","Czech Republic"
"4335619057487","Czech Republic"
"4335619062665","Czech Republic"
"4335619082946","Czech Republic"
"4335619082960","Czech Republic"
"4335619113480","Czech Republic"
"4335619134324","Czech Republic"
"4335896692500","Czech Republic"
"4335896745619","Czech Republic"
"4335896750729","Czech Republic"
"4337185279836","Czech Republic"
"4337185499838","Czech Republic"
"4337185506857","Czech Republic"
"4337185525438","Czech Republic"
"4337185525469","Czech Republic"
"4337185667954","Czech Republic"
"4337185667978","Czech Republic"
"4337185832888","Czech Republic"
"4337185852596","Czech Republic"
"4337256685559","Czech Republic"
"4337256694643","Czech Republic"
"4710597100828","Czech Republic"
"4711931005113","Czech Republic"
"4711931018427","Czech Republic"
"4711931018441","Czech Republic"
"4771218201751","Czech Republic"
"4820000456531","Czech Republic"
"4820162520231","Czech Republic"
"4820162520309","Czech Republic"
"4820245523067","Czech Republic"
"4823077646294","Czech Republic"
"5000112654028","Czech Republic"
"5011766778169","Czech Republic"
"5014271300429","Czech Republic"
"5014276700811","Czech Republic"
"5024278003025","Czech Republic"
"5034444101202","Czech Republic"
"5034444101219","Czech Republic"
"5035139217505","Czech Republic"
"5052109943899","Czech Republic"
"5056053304706","Czech Republic"
"5056784900482","Czech Republic"
"5057008025042","Czech Republic"
"5057008025165","Czech Republic"
"5057373226471","Czech Republic"
"5057373749130","Czech Republic"
"5057373870902","Czech Republic"
"5057753224325","Czech Republic"
"5057753919696","Czech Republic"
"5060088704783","Czech Republic"
"5060088704882","Czech Republic"
"5060088705087","Czech Republic"
"5060088705148","Czech Republic"
"5060088706046","Czech Republic"
"5060088707661","Czech Republic"
"5060088707685","Czech Republic"
"5060088707999","Czech Republic"
"5060088708019","Czech Republic"
"5060120285065","Czech Republic"
"5060139430241","Czech Republic"
"5060139430265","Czech Republic"
"5060139430647","Czech Republic"
"5060139430913","Czech Republic"
"5060139431019","Czech Republic"
"5060139431460","Czech Republic"
"5060139431484","Czech Republic"
"5060896626406","Czech Republic"
"5061013946124","Czech Republic"
"5202390028519","Czech Republic"
"5290047000117","Czech Republic"
"5410126006353","Czech Republic"
"5410126006360","Czech Republic"
"5410126116236","Czech Republic"
"5410126116953","Czech Republic"
"5410126716016","Czech Republic"
"5411188110842","Czech Republic"
"5411188112549","Czech Republic"
"5411188114666","Czech Republic"
"5411188115366","Czech Republic"
"5411188116592","Czech Republic"
"5411188120742","Czech Republic"
"5411188120988","Czech Republic"
"5411188126393","Czech Republic"
"5411188126416","Czech Republic"
"5411188126430","Czech Republic"
"5411188128700","Czech Republic"
"5411188130055","Czech Republic"
"5411188131038","Czech Republic"
"5411188134985","Czech Republic"
"5411188135005","Czech Republic"
"5411188139362","Czech Republic"
"5411188139386","Czech Republic"
"5411188139720","Czech Republic"
"5411188139928","Czech Republic"
"5411188139966","Czech Republic"
"5411188300328","Czech Republic"
"5411188543381","Czech Republic"
"5411188543398","Czech Republic"
"5412514931117","Czech Republic"
"5449000000439","Czech Republic"
"5449000000996","Czech Republic"
"5449000004840","Czech Republic"
"5449000004864","Czech Republic"
"5449000130389","Czech Republic"
"5449000203823","Czech Republic"
"5449000236999","Czech Republic"
"54491472","Czech Republic"
"5600821266088","Czech Republic"
"5600821267016","Czech Republic"
"5600872804437","Czech Republic"
"5601312306917","Czech Republic"
"5745000657322","Czech Republic"
"5745000657339","Czech Republic"
"5745000657391","Czech Republic"
"5745000657407","Czech Republic"
"5745000657513","Czech Republic"
"5900020011886","Czech Republic"
"5900020013668","Czech Republic"
"5900020016201","Czech Republic"
"5900020018403","Czech Republic"
"5900020019530","Czech Republic"
"5900020022745","Czech Republic"
"5900020022769","Czech Republic"
"5900020027061","Czech Republic"
"5900020043191","Czech Republic"
"5900020044877","Czech Republic"
"5900020044891","Czech Republic"
"5900020045133","Czech Republic"
"5900168530904","Czech Republic"
"5900168530911","Czech Republic"
"5900334007407","Czech Republic"
"5900497611503","Czech Republic"
"5900617038289","Czech Republic"
"5900862215718","Czech Republic"
"5900928087945","Czech Republic"
"5900951140310","Czech Republic"
"5900951247972","Czech Republic"
"5900951311505","Czech Republic"
"5901104005302","Czech Republic"
"5905858674654","Czech Republic"
"5905858676030","Czech Republic"
"5905858676238","Czech Republic"
"5908230530265","Czech Republic"
"5941021001261","Czech Republic"
"5941021022303","Czech Republic"
"5941209017268","Czech Republic"
"5941209024389","Czech Republic"
"5948935000267","Czech Republic"
"5948935000274","Czech Republic"
"5949040202096","Czech Republic"
"5997536140728","Czech Republic"
"5998711723163","Czech Republic"
"6035100105502","Czech Republic"
"7300400118101","Czech Republic"
"7350098476625","Czech Republic"
"7394376044335","Czech Republic"
"7394376123337","Czech Republic"
"7610400090940","Czech Republic"
"7613036915076","Czech Republic"
"7613287248497","Czech Republic"
"7613287466044","Czech Republic"
"7622201388409","Czech Republic"
"7622201388515","Czech Republic"
"7622202010361","Czech Republic"
"7622210018922","Czech Republic"
"7622210103338","Czech Republic"
"7622210140463","Czech Republic"
"7622210248671","Czech Republic"
"7622210277503","Czech Republic"
"7622210404008","Czech Republic"
"7622210690883","Czech Republic"
"7622210977434","Czech Republic"
"7622300134532","Czech Republic"
"7622300313357","Czech Republic"
"7622300315719","Czech Republic"
"7622300315733","Czech Republic"
"7640166798880","Czech Republic"
"8000500023976","Czech Republic"
"8000500082379","Czech Republic"
"8000500179864","Czech Republic"
"8000500426494","Czech Republic"
"8001860252846","Czech Republic"
"8002210133211","Czech Republic"
"8002210133235","Czech Republic"
"8002670504019","Czech Republic"
"8004030026018","Czech Republic"
"8004030044005","Czech Republic"
"8004030860001","Czech Republic"
"80052760","Czech Republic"
"8005510004373","Czech Republic"
"8008343200035","Czech Republic"
"8008343200486","Czech Republic"
"8008343200660","Czech Republic"
"8008698024065","Czech Republic"
"8010721999899","Czech Republic"
"8014433002007","Czech Republic"
"8015854021288","Czech Republic"
"8015854140866","Czech Republic"
"8015854140880","Czech Republic"
"8020542111110","Czech Republic"
"8033837720720","Czech Republic"
"8076802085738","Czech Republic"
"8076802085981","Czech Republic"
"8076809513692","Czech Republic"
"8076809569101","Czech Republic"
"8410342008053","Czech Republic"
"8410770140011","Czech Republic"
"8423352400021","Czech Republic"
"8423352400571","Czech Republic"
"8584002009343","Czech Republic"
"8584004030000","Czech Republic"
"8584004040108","Czech Republic"
"8584004042157","Czech Republic"
"8586015872754","Czech Republic"
"8586017254701","Czech Republic"
"8586019163964","Czech Republic"
"8588000526758","Czech Republic"
"8588004638310","Czech Republic"
"8588004638327","Czech Republic"
"8588004638334","Czech Republic"
"8588005524049","Czech Republic"
"8588006485127","Czech Republic"
"8588007731865","Czech Republic"
"8590074028021","Czech Republic"
"8590421042106","Czech Republic"
"8590421044315","Czech Republic"
"8590421061787","Czech Republic"
"8590421061831","Czech Republic"
"8590421061848","Czech Republic"
"8590421062586","Czech Republic"
"8590421062661","Czech Republic"
"8590421062685","Czech Republic"
"8590421062692","Czech Republic"
"8590421063897","Czech Republic"
"8590421063903","Czech Republic"
"8590421063927","Czech Republic"
"8590421067246","Czech Republic"
"8590421069905","Czech Republic"
"8590421070390","Czech Republic"
"8590421070413","Czech Republic"
"8590421070420","Czech Republic"
"8590421070512","Czech Republic"
"8590421070741","Czech Republic"
"8590421073582","Czech Republic"
"85906662","Czech Republic"
"85912250","Czech Republic"
"85917194","Czech Republic"
"85919396","Czech Republic"
"85920897","Czech Republic"
"85924802","Czech Republic"
"8592784900352","Czech Republic"
"8593803224015","Czech Republic"
"8593803224206","Czech Republic"
"8593803311517","Czech Republic"
"8593803326252","Czech Republic"
"8593803421216","Czech Republic"
"8593803662152","Czech Republic"
"8593807204716","Czech Republic"
"8593807332105","Czech Republic"
"8593807517304","Czech Republic"
"8593893738201","Czech Republic"
"8593893738416","Czech Republic"
"8593893738690","Czech Republic"
"8593893783034","Czech Republic"
"8593893783072","Czech Republic"
"8593893788381","Czech Republic"
"8593893902305","Czech Republic"
"8593894000352","Czech Republic"
"8593894800044","Czech Republic"
"8593894800075","Czech Republic"
"8593894805551","Czech Republic"
"8593894806428","Czech Republic"
"8593894806695","Czech Republic"
"8593894813297","Czech Republic"
"8593894911061","Czech Republic"
"8593894911092","Czech Republic"
"8594000093787","Czech Republic"
"8594000230274","Czech Republic"
"8594000232056","Czech Republic"
"8594001022410","Czech Republic"
"8594001025732","Czech Republic"
"8594001026357","Czech Republic"
"8594001170012","Czech Republic"
"8594001171576","Czech Republic"
"8594001171583","Czech Republic"
"8594001192816","Czech Republic"
"8594001560042","Czech Republic"
"8594001561384","Czech Republic"
"8594002674014","Czech Republic"
"8594003024139","Czech Republic"
"8594003219061","Czech Republic"
"8594003849602","Czech Republic"
"8594003849626","Czech Republic"
"8594006843256","Czech Republic"
"8594008271095","Czech Republic"
"8594008278742","Czech Republic"
"8594008351964","Czech Republic"
"8594008352008","Czech Republic"
"8594010190162","Czech Republic"
"8594012320123","Czech Republic"
"8594012792104","Czech Republic"
"8594012793378","Czech Republic"
"8594012795471","Czech Republic"
"8594012796515","Czech Republic"
"8594014630022","Czech Republic"
"8594014860795","Czech Republic"
"8594014861570","Czech Republic"
"8594014861594","Czech Republic"
"8594014863253","Czech Republic"
"8594017130154","Czech Republic"
"8594017140580","Czech Republic"
"8594017140863","Czech Republic"
"8594017144588","Czech Republic"
"8594017144779","Czech Republic"
"8594017144793","Czech Republic"
"8594052745047","Czech Republic"
"8594057637897","Czech Republic"
"8594068261005","Czech Republic"
"8594068261012","Czech Republic"
"8594068261029","Czech Republic"
"8594068261128","Czech Republic"
"8594068261524","Czech Republic"
"8594068262439","Czech Republic"
"8594068262828","Czech Republic"
"8594068263771","Czech Republic"
"8594070308316","Czech Republic"
"8594070475711","Czech Republic"
"8594070510771","Czech Republic"
"8594070711994","Czech Republic"
"8594070879762","Czech Republic"
"8594071000035","Czech Republic"
"8594071014179","Czech Republic"
"8594071086008","Czech Republic"
"8594071229924","Czech Republic"
"8594071266905","Czech Republic"
"8594071407537","Czech Republic"
"8594071407650","Czech Republic"
"8594071407681","Czech Republic"
"8594071413675","Czech Republic"
"8594071417628","Czech Republic"
"8594071417840","Czech Republic"
"8594071456702","Czech Republic"
"8594071459468","Czech Republic"
"8594071469573","Czech Republic"
"8594071501570","Czech Republic"
"8594071650018","Czech Republic"
"8594071650292","Czech Republic"
"8594071650308","Czech Republic"
"8594073176592","Czech Republic"
"8594157871351","Czech Republic"
"8594403310115","Czech Republic"
"8594404005782","Czech Republic"
"8594404009520","Czech Republic"
"8594404110110","Czech Republic"
"8595002110229","Czech Republic"
"8595021606161","Czech Republic"
"8595021607304","Czech Republic"
"8595121823307","Czech Republic"
"8595139784805","Czech Republic"
"8595139793746","Czech Republic"
"8595139797003","Czech Republic"
"8595139797072","Czech Republic"
"8595229902805","Czech Republic"
"8595229910688","Czech Republic"
"8595229912187","Czech Republic"
"8595229913764","Czech Republic"
"8595229918967","Czech Republic"
"8595229919834","Czech Republic"
"8595229919841","Czech Republic"
"8595229920403","Czech Republic"
"8595229920427","Czech Republic"
"8595229922254","Czech Republic"
"8595229922261","Czech Republic"
"8595229923336","Czech Republic"
"8595229929475","Czech Republic"
"8595231213852","Czech Republic"
"8595231214842","Czech Republic"
"8595231216440","Czech Republic"
"8595241502717","Czech Republic"
"8595241508351","Czech Republic"
"8595241525402","Czech Republic"
"8595245311155","Czech Republic"
"8595564502227","Czech Republic"
"8595564505075","Czech Republic"
"8595564507055","Czech Republic"
"8595564510512","Czech Republic"
"8595564510536","Czech Republic"
"8595564516316","Czech Republic"
"8595564516347","Czech Republic"
"8595564517665","Czech Republic"
"8595573400217","Czech Republic"
"85955790","Czech Republic"
"85955820","Czech Republic"
"8595588205623","Czech Republic"
"8595646208689","Czech Republic"
"8595657103836","Czech Republic"
"85956872","Czech Republic"
"85962859","Czech Republic"
"85971301","Czech Republic"
"85978171","Czech Republic"
"8710522893821","Czech Republic"
"8711200398454","Czech Republic"
"8711200398492","Czech Republic"
"8711299020540","Czech Republic"
"8711327660601","Czech Republic"
"8711327666481","Czech Republic"
"8712857978013","Czech Republic"
"8713305800719","Czech Republic"
"8714065110650","Czech Republic"
"8714065110759","Czech Republic"
"8715035110106","Czech Republic"
"8715700112664","Czech Republic"
"8715700126234","Czech Republic"
"8715700421360","Czech Republic"
"8715700421544","Czech Republic"
"8719200253025","Czech Republic"
"8719200262362","Czech Republic"
"8719200265097","Czech Republic"
"8719200265127","Czech Republic"
"8719200267503","Czech Republic"
"8719979201470","Czech Republic"
"8720182082268","Czech Republic"
"8720182085139","Czech Republic"
"8720182586001","Czech Republic"
"8720182764034","Czech Republic"
"8720182764041","Czech Republic"
"8720182817730","Czech Republic"
"8721800400389","Czech Republic"
"8801043022705","Czech Republic"
"8801043157728","Czech Republic"
"9000331604275","Czech Republic"
"9000331604411","Czech Republic"
"9000331607917","Czech Republic"
"9001400005009","Czech Republic"
"9001432002236","Czech Republic"
"9002490200077","Czech Republic"
"9002975301268","Czech Republic"
"9005300010743","Czech Republic"
"9006900013998","Czech Republic"
"9006900014414","Czech Republic"
"9006900014858","Czech Republic"
"9006900017521","Czech Republic"
"9006900017545","Czech Republic"
"9006900017552","Czech Republic"
"9006900205690","Czech Republic"
"9006900207717","Czech Republic"
"9006900208929","Czech Republic"
"9006900217167","Czech Republic"
"9006900228804","Czech Republic"
"9006900230920","Czech Republic"
"9008684046926","Czech Republic"
"9008700108829","Czech Republic"
"9008700181747","Czech Republic"
"90087066","Czech Republic"
"90087493","Czech Republic"
"9010179000092","Czech Republic"
"9020200016596","Czech Republic"
"9020200017609","Czech Republic"
"9020200023297","Czech Republic"
"90426230","Czech Republic"
"0041143024324","Denmark"
"0041143028643","Denmark"
"0057000038571","Denmark"
"0057000336189","Denmark"
"0057700618967","Denmark"
"0077330346085","Denmark"
"0087666052802","Denmark"
"1057733654504","Denmark"
"20001940","Denmark"
"20004101","Denmark"
"20044350","Denmark"
"20045197","Denmark"
"20060039","Denmark"
"20067816","Denmark"
"20080662","Denmark"
"20095253","Denmark"
"20107338","Denmark"
"20112745","Denmark"
"20115494","Denmark"
"20122577","Denmark"
"20134112","Denmark"
"20140960","Denmark"
"20272760","Denmark"
"20379773","Denmark"
"20516901","Denmark"
"20647117","Denmark"
"20647124","Denmark"
"20686437","Denmark"
"20951337","Denmark"
"3017761010800","Denmark"
"3035542004206","Denmark"
"3036810201372","Denmark"
"3073780853927","Denmark"
"3073781195323","Denmark"
"3083680021722","Denmark"
"3083681003949","Denmark"
"3083681007800","Denmark"
"3083681012583","Denmark"
"3083681012668","Denmark"
"3083681068146","Denmark"
"3083681068184","Denmark"
"3083681085693","Denmark"
"3083681085723","Denmark"
"3083681098389","Denmark"
"3083681126471","Denmark"
"3083681127621","Denmark"
"3161910238710","Denmark"
"3228020114225","Denmark"
"3228023910039","Denmark"
"3228023910107","Denmark"
"3228024090211","Denmark"
"3228024170043","Denmark"
"3395328124710","Denmark"
"3431410132000","Denmark"
"3535800740001","Denmark"
"3560070755349","Denmark"
"3800225476874","Denmark"
"4000417013002","Denmark"
"4000417019004","Denmark"
"4000417222008","Denmark"
"4000417237002","Denmark"
"4000539221804","Denmark"
"4000539221903","Denmark"
"4000539222009","Denmark"
"4000539222108","Denmark"
"4000980469923","Denmark"
"4001724039389","Denmark"
"4001724047384","Denmark"
"4001724819806","Denmark"
"40052441","Denmark"
"4006616000058","Denmark"
"4008155020948","Denmark"
"4008400399324","Denmark"
"40111216","Denmark"
"4011800000080","Denmark"
"4011800563516","Denmark"
"4011800565510","Denmark"
"4011800569518","Denmark"
"4014400900651","Denmark"
"4014400905359","Denmark"
"4014400907636","Denmark"
"4014400908527","Denmark"
"4014400910063","Denmark"
"4056489141716","Denmark"
"4056489181217","Denmark"
"4056489267331","Denmark"
"4056489356110","Denmark"
"4056489447757","Denmark"
"4056489451136","Denmark"
"4056489480693","Denmark"
"4056489542810","Denmark"
"4056489722526","Denmark"
"4056489762959","Denmark"
"4056489781806","Denmark"
"4056489810568","Denmark"
"4056489844426","Denmark"
"4056489844730","Denmark"
"4056489869887","Denmark"
"4056489880325","Denmark"
"4056489893974","Denmark"
"4056489936350","Denmark"
"4056489988670","Denmark"
"4060800135346","Denmark"
"42208532","Denmark"
"4251097406770","Denmark"
"4304493267848","Denmark"
"4311501797310","Denmark"
"4316268700573","Denmark"
"4335619028159","Denmark"
"4335619032644","Denmark"
"4335619069015","Denmark"
"4335619097094","Denmark"
"4335619144989","Denmark"
"4335619149564","Denmark"
"4335619175327","Denmark"
"4335619267732","Denmark"
"4337256738330","Denmark"
"4751036540324","Denmark"
"4779024794573","Denmark"
"4820179259193","Denmark"
"4903333232086","Denmark"
"5000111001540","Denmark"
"5000111018005","Denmark"
"5000159335737","Denmark"
"5000159461122","Denmark"
"5000159489171","Denmark"
"5000159532921","Denmark"
"5000169632680","Denmark"
"5000281005416","Denmark"
"5000328029962","Denmark"
"5010035000826","Denmark"
"5010327000404","Denmark"
"5010338404246","Denmark"
"5010677714006","Denmark"
"5011007003005","Denmark"
"5012427142701","Denmark"
"5021554989172","Denmark"
"5021554989196","Denmark"
"5021684009047","Denmark"
"5024278003100","Denmark"
"5038862132046","Denmark"
"5038862132183","Denmark"
"5038862136150","Denmark"
"5038862136563","Denmark"
"5038862138161","Denmark"
"5038862236171","Denmark"
"5050083122811","Denmark"
"5054267008724","Denmark"
"5054267008755","Denmark"
"5059319023502","Denmark"
"5060088707951","Denmark"
"5060337502290","Denmark"
"5060337502900","Denmark"
"5060487820084","Denmark"
"5201156030230","Denmark"
"5201168515138","Denmark"
"5201704064243","Denmark"
"5290074002450","Denmark"
"5410041342703","Denmark"
"5410316671118","Denmark"
"5411188100324","Denmark"
"5411188110675","Denmark"
"5411188110743","Denmark"
"5411188112549","Denmark"
"5411188138952","Denmark"
"5412514930141","Denmark"
"5601312101161","Denmark"
"5690845002205","Denmark"
"5700002217134","Denmark"
"5700002920270","Denmark"
"5700380908396","Denmark"
"5700381319313","Denmark"
"5700382801947","Denmark"
"5700382973644","Denmark"
"5700383149734","Denmark"
"5700419083360","Denmark"
"5700426101019","Denmark"
"5700426101217","Denmark"
"5700426101613","Denmark"
"5700426219097","Denmark"
"5700426220024","Denmark"
"5700426221045","Denmark"
"5700426260907","Denmark"
"5700426260914","Denmark"
"5700426291154","Denmark"
"5700426291383","Denmark"
"5700426293905","Denmark"
"5700426293912","Denmark"
"5700426293929","Denmark"
"5701018003544","Denmark"
"5701018023269","Denmark"
"5701018026208","Denmark"
"5701018039871","Denmark"
"5701018044547","Denmark"
"5701018044707","Denmark"
"5701018047418","Denmark"
"5701018055109","Denmark"
"5701018055192","Denmark"
"5701018055222","Denmark"
"5701018056137","Denmark"
"5701018056168","Denmark"
"5701018056205","Denmark"
"5701018056694","Denmark"
"5701018057608","Denmark"
"5701018058728","Denmark"
"5701018060929","Denmark"
"5701029023111","Denmark"
"5701029160823","Denmark"
"5701043000303","Denmark"
"5701043001010","Denmark"
"5701043001072","Denmark"
"5701043001294","Denmark"
"5701043001386","Denmark"
"5701043001393","Denmark"
"5701043001430","Denmark"
"5701049165600","Denmark"
"5701049165617","Denmark"
"5701058013213","Denmark"
"5701075203345","Denmark"
"5701101210057","Denmark"
"5701164710389","Denmark"
"5701164713182","Denmark"
"5701164713199","Denmark"
"5701164713205","Denmark"
"5701205001582","Denmark"
"5701205002015","Denmark"
"5701205005412","Denmark"
"5701205005467","Denmark"
"5701205005481","Denmark"
"5701205005542","Denmark"
"5701205005559","Denmark"
"5701205006419","Denmark"
"5701205008031","Denmark"
"5701205008444","Denmark"
"5701205009298","Denmark"
"5701205009731","Denmark"
"5701205009823","Denmark"
"5701205009939","Denmark"
"5701205009953","Denmark"
"5701211011766","Denmark"
"5701211011865","Denmark"
"5701211011889","Denmark"
"5701211012459","Denmark"
"5701246005044","Denmark"
"5701246006195","Denmark"
"5701246016743","Denmark"
"5701246028111","Denmark"
"5701246042322","Denmark"
"5701246102835","Denmark"
"5701246106727","Denmark"
"5701246266209","Denmark"
"5701259000661","Denmark"
"5701259000982","Denmark"
"5701263901596","Denmark"
"5701397326531","Denmark"
"5701397326623","Denmark"
"5701410358396","Denmark"
"5701607582207","Denmark"
"5701607583167","Denmark"
"5701607585789","Denmark"
"5701607586991","Denmark"
"5701607587042","Denmark"
"5701607592817","Denmark"
"5701872203005","Denmark"
"5701924365217","Denmark"
"5701975300021","Denmark"
"5701975300861","Denmark"
"5701975300922","Denmark"
"5701975300939","Denmark"
"5701975302391","Denmark"
"5701975302414","Denmark"
"5701975303411","Denmark"
"5701977000608","Denmark"
"5701977000615","Denmark"
"5701977000912","Denmark"
"5701977002008","Denmark"
"5701977002091","Denmark"
"5701977002299","Denmark"
"5701977002466","Denmark"
"5701977002527","Denmark"
"5701977002534","Denmark"
"5701977002541","Denmark"
"5701977002961","Denmark"
"5701977012014","Denmark"
"5701977012021","Denmark"
"5701977012038","Denmark"
"5701977550936","Denmark"
"5701979975539","Denmark"
"5701979975577","Denmark"
"5701979988171","Denmark"
"5701979991041","Denmark"
"5701979994554","Denmark"
"5701979995476","Denmark"
"5701979995704","Denmark"
"5701979995933","Denmark"
"5701979997661","Denmark"
"5702024008035","Denmark"
"5702040711100","Denmark"
"5703161803002","Denmark"
"5703161805303","Denmark"
"5703161806409","Denmark"
"5703161806652","Denmark"
"5703161810123","Denmark"
"57031880","Denmark"
"5703828027116","Denmark"
"5703855186299","Denmark"
"5703985054673","Denmark"
"5703985055885","Denmark"
"5703985056424","Denmark"
"5704000437495","Denmark"
"5704000437556","Denmark"
"5704000437792","Denmark"
"5704000496744","Denmark"
"5704000501134","Denmark"
"5704000502278","Denmark"
"5704000502391","Denmark"
"5704000520913","Denmark"
"5704025036758","Denmark"
"5704062370846","Denmark"
"5704068016335","Denmark"
"5704068016342","Denmark"
"5704068059325","Denmark"
"5704080955841","Denmark"
"57045399","Denmark"
"57045795","Denmark"
"5705010080367","Denmark"
"5705010082194","Denmark"
"5705010082781","Denmark"
"5705333099442","Denmark"
"5705425003500","Denmark"
"5705425003609","Denmark"
"5705425004958","Denmark"
"5705830000170","Denmark"
"5705830000231","Denmark"
"5705830000965","Denmark"
"5705830001504","Denmark"
"5705830002020","Denmark"
"5705830003485","Denmark"
"5705830006257","Denmark"
"5705830007643","Denmark"
"5705830008275","Denmark"
"5705830008824","Denmark"
"5705830009807","Denmark"
"5705830009821","Denmark"
"5705830010346","Denmark"
"5705830010773","Denmark"
"5705830012081","Denmark"
"5705830012890","Denmark"
"5705830013224","Denmark"
"5705830014252","Denmark"
"5705830014931","Denmark"
"5705830015297","Denmark"
"5705830015952","Denmark"
"5705830016553","Denmark"
"5705830017451","Denmark"
"5705830017604","Denmark"
"5705830017840","Denmark"
"5705830017857","Denmark"
"5705830500090","Denmark"
"5705830605436","Denmark"
"5705830609175","Denmark"
"5705830609540","Denmark"
"5705830610065","Denmark"
"5705830610072","Denmark"
"5705830610096","Denmark"
"5705830610119","Denmark"
"5705830610287","Denmark"
"5705830613356","Denmark"
"5705830614841","Denmark"
"5705830614940","Denmark"
"5706516031396","Denmark"
"57067537","Denmark"
"5706779060058","Denmark"
"5706911027895","Denmark"
"5706911028250","Denmark"
"5707196093254","Denmark"
"5707196154443","Denmark"
"5707196154573","Denmark"
"5707196179163","Denmark"
"5707196205213","Denmark"
"5707196234053","Denmark"
"5707196244069","Denmark"
"5707196272338","Denmark"
"5707196307412","Denmark"
"5707196357394","Denmark"
"5707381001507","Denmark"
"5707381001965","Denmark"
"5707381016341","Denmark"
"5707381019267","Denmark"
"5707527005864","Denmark"
"5707527006014","Denmark"
"5707577120692","Denmark"
"5707577130059","Denmark"
"5707577130394","Denmark"
"5707577131100","Denmark"
"5707653000856","Denmark"
"5708147008365","Denmark"
"5708147009614","Denmark"
"5708209003239","Denmark"
"5708229102899","Denmark"
"5708308034905","Denmark"
"5708308035636","Denmark"
"5708308036633","Denmark"
"5708567083546","Denmark"
"5708776001003","Denmark"
"57089522","Denmark"
"5709152012293","Denmark"
"5709289004505","Denmark"
"5709364100153","Denmark"
"5709364100160","Denmark"
"5709364100177","Denmark"
"57095967","Denmark"
"5710067001500","Denmark"
"5710326002989","Denmark"
"5710326012483","Denmark"
"5710326014302","Denmark"
"5710326016504","Denmark"
"5710326019444","Denmark"
"5710326021737","Denmark"
"5710328002222","Denmark"
"5710328002246","Denmark"
"5710328002253","Denmark"
"5710328004080","Denmark"
"5710405349813","Denmark"
"5710405756864","Denmark"
"5710607000963","Denmark"
"5711070607949","Denmark"
"5711070709933","Denmark"
"5711070802504","Denmark"
"5711070802511","Denmark"
"5711070806977","Denmark"
"5711657012913","Denmark"
"5711657015617","Denmark"
"5711657022318","Denmark"
"5711953006265","Denmark"
"5711953011399","Denmark"
"5711953023873","Denmark"
"5711953029912","Denmark"
"5711953034053","Denmark"
"5711953047596","Denmark"
"5711953048739","Denmark"
"5711953049330","Denmark"
"5711953055706","Denmark"
"5711953058677","Denmark"
"5711953067907","Denmark"
"5711953075575","Denmark"
"5711953084676","Denmark"
"5711953096921","Denmark"
"5711953134029","Denmark"
"5711953135033","Denmark"
"5711953138058","Denmark"
"5711953140396","Denmark"
"5711953153846","Denmark"
"5711953156595","Denmark"
"5711953158520","Denmark"
"5711953159039","Denmark"
"5711953159077","Denmark"
"5711953160769","Denmark"
"5711953165153","Denmark"
"5711953167638","Denmark"
"5711953167690","Denmark"
"5711953168260","Denmark"
"5711953171550","Denmark"
"5711953171628","Denmark"
"5711953172199","Denmark"
"5711953173547","Denmark"
"5711953175152","Denmark"
"5711953179778","Denmark"
"5711953180569","Denmark"
"5711953182556","Denmark"
"5711953182822","Denmark"
"5711953183959","Denmark"
"5711953183980","Denmark"
"5711953190001","Denmark"
"5711953195860","Denmark"
"5711953197529","Denmark"
"5712840020012","Denmark"
"5712840020067","Denmark"
"5712870510132","Denmark"
"5712870510156","Denmark"
"5712870659220","Denmark"
"5712870771038","Denmark"
"5712870869926","Denmark"
"5712870879116","Denmark"
"5712870882499","Denmark"
"5712871081631","Denmark"
"5712871081662","Denmark"
"5712871094457","Denmark"
"5712871110508","Denmark"
"5712871210512","Denmark"
"5712871233030","Denmark"
"5712871577202","Denmark"
"5712871809235","Denmark"
"5712871860885","Denmark"
"5712871891414","Denmark"
"5712872292456","Denmark"
"5712872401629","Denmark"
"5712872788768","Denmark"
"5712872788782","Denmark"
"5712872968672","Denmark"
"5712873671489","Denmark"
"5712873708628","Denmark"
"5712873756452","Denmark"
"5712873838721","Denmark"
"5712873910618","Denmark"
"5712873998203","Denmark"
"5712874603977","Denmark"
"5712874768461","Denmark"
"5712874771508","Denmark"
"5712875244070","Denmark"
"5712875255687","Denmark"
"5712875279225","Denmark"
"5712875337574","Denmark"
"5712875341298","Denmark"
"5712875591686","Denmark"
"5712875638473","Denmark"
"5712875668418","Denmark"
"5712875668470","Denmark"
"5712875672576","Denmark"
"5712875714696","Denmark"
"5712875714818","Denmark"
"5712875930287","Denmark"
"5712875931765","Denmark"
"5712875932069","Denmark"
"5712876049636","Denmark"
"5712876058065","Denmark"
"5712876248671","Denmark"
"5712876249319","Denmark"
"5712876249494","Denmark"
"5712876252951","Denmark"
"5712876255181","Denmark"
"5712876256119","Denmark"
"5712876256195","Denmark"
"5712876485236","Denmark"
"5712876486080","Denmark"
"5712876572097","Denmark"
"5712876767325","Denmark"
"5712877150423","Denmark"
"5712877187696","Denmark"
"5712877517196","Denmark"
"5713300017368","Denmark"
"5713307001001","Denmark"
"5713507054319","Denmark"
"5713507060679","Denmark"
"5715051001580","Denmark"
"5715569949305","Denmark"
"5730800523427","Denmark"
"5730800523601","Denmark"
"5730800723247","Denmark"
"5740200001012","Denmark"
"5740200002415","Denmark"
"5740200017013","Denmark"
"5740200023564","Denmark"
"5740700030581","Denmark"
"5740700979422","Denmark"
"5740700981388","Denmark"
"5740700982972","Denmark"
"5740700995774","Denmark"
"5740700996153","Denmark"
"5740700998799","Denmark"
"5740700999833","Denmark"
"5740900401662","Denmark"
"5740900403383","Denmark"
"5740900403772","Denmark"
"5741000001837","Denmark"
"5741000109151","Denmark"
"5741000123591","Denmark"
"5741000123676","Denmark"
"5741000124024","Denmark"
"5741000124123","Denmark"
"5741000126868","Denmark"
"5741000129623","Denmark"
"5741000129654","Denmark"
"5741000134894","Denmark"
"5741000142899","Denmark"
"5741000155264","Denmark"
"5741000165935","Denmark"
"5741000224083","Denmark"
"5741000224175","Denmark"
"5741000224427","Denmark"
"5741600702547","Denmark"
"5741600702561","Denmark"
"5744001420980","Denmark"
"5744001421024","Denmark"
"5744002360377","Denmark"
"5745000657230","Denmark"
"5745000657322","Denmark"
"5745000657339","Denmark"
"5745000657391","Denmark"
"5745000657407","Denmark"
"5760466101240","Denmark"
"5760466119405","Denmark"
"5760466740999","Denmark"
"5760466745505","Denmark"
"5760466793865","Denmark"
"5760466804547","Denmark"
"5760466817301","Denmark"
"5760466817325","Denmark"
"5760466820691","Denmark"
"5760466870306","Denmark"
"5760466902915","Denmark"
"5760466904742","Denmark"
"5760466904919","Denmark"
"5760466904940","Denmark"
"5760466904964","Denmark"
"5760466920278","Denmark"
"5760466920292","Denmark"
"5760466920643","Denmark"
"5760466961110","Denmark"
"5760466985437","Denmark"
"5760466994613","Denmark"
"5760466996686","Denmark"
"5760932018874","Denmark"
"5765228255018","Denmark"
"5765228351000","Denmark"
"5765228369890","Denmark"
"5772739267973","Denmark"
"5772739448785","Denmark"
"5772739450061","Denmark"
"5774540122601","Denmark"
"5774540137506","Denmark"
"5774540442501","Denmark"
"5775345201263","Denmark"
"5776879000650","Denmark"
"5776879013094","Denmark"
"5776879015074","Denmark"
"5900020024046","Denmark"
"5900125004325","Denmark"
"5902379565836","Denmark"
"5902973788303","Denmark"
"5908230521522","Denmark"
"5908230529238","Denmark"
"5941143028818","Denmark"
"6001068379200","Denmark"
"6412500070188","Denmark"
"7032069713402","Denmark"
"7032069736715","Denmark"
"7041111133440","Denmark"
"7090046311706","Denmark"
"7090046313069","Denmark"
"7090046314103","Denmark"
"7090046314165","Denmark"
"7090046315230","Denmark"
"7300400101332","Denmark"
"7300400115636","Denmark"
"7300400118132","Denmark"
"7300400118408","Denmark"
"7300400128926","Denmark"
"7300400129459","Denmark"
"7300400483261","Denmark"
"7310040020214","Denmark"
"7310090244608","Denmark"
"7310130801709","Denmark"
"7310340464527","Denmark"
"7310350117116","Denmark"
"7310350132874","Denmark"
"7310532101889","Denmark"
"7310532104453","Denmark"
"7310532152775","Denmark"
"7310865073556","Denmark"
"7310867941501","Denmark"
"7310867941518","Denmark"
"7311041049600","Denmark"
"7311041078624","Denmark"
"7311070031959","Denmark"
"7311070032161","Denmark"
"7311070336160","Denmark"
"7311070338188","Denmark"
"7311171008386","Denmark"
"7311311014161","Denmark"
"7311311021169","Denmark"
"7311312000897","Denmark"
"7311312002143","Denmark"
"7314710210004","Denmark"
"7315200015406","Denmark"
"7330242240029","Denmark"
"7340001800494","Denmark"
"7340001804546","Denmark"
"7340001805390","Denmark"
"7340011317869","Denmark"
"7340011342434","Denmark"
"7340011357605","Denmark"
"7340011401841","Denmark"
"7340011416104","Denmark"
"7340011421627","Denmark"
"7340011456476","Denmark"
"7340011475262","Denmark"
"7340011476566","Denmark"
"7340011482772","Denmark"
"7340011486848","Denmark"
"7340011487913","Denmark"
"7340191104846","Denmark"
"7340191109995","Denmark"
"7340191110069","Denmark"
"7340191110625","Denmark"
"7340191120310","Denmark"
"7340191120334","Denmark"
"7340191124165","Denmark"
"7340191144705","Denmark"
"7340191148727","Denmark"
"7340191149564","Denmark"
"7340191150324","Denmark"
"7340191150362","Denmark"
"7340191150669","Denmark"
"7340191158290","Denmark"
"7340191160521","Denmark"
"7340191165335","Denmark"
"7340191173163","Denmark"
"7340191173385","Denmark"
"7340222801072","Denmark"
"7350042716920","Denmark"
"7350054795616","Denmark"
"7391737003383","Denmark"
"7392031000122","Denmark"
"7394376615665","Denmark"
"7394376618963","Denmark"
"75032814","Denmark"
"7610313412525","Denmark"
"7610400095419","Denmark"
"7610700026830","Denmark"
"7613032625474","Denmark"
"7613034917041","Denmark"
"7613036254793","Denmark"
"7622201733681","Denmark"
"7622201748999","Denmark"
"7622210664181","Denmark"
"7622210690883","Denmark"
"7622210796868","Denmark"
"7622300348342","Denmark"
"7622300489434","Denmark"
"7622300683269","Denmark"
"7622300737955","Denmark"
"7622400624520","Denmark"
"8000380007264","Denmark"
"8000430058765","Denmark"
"8002590003111","Denmark"
"8002670004205","Denmark"
"8002710402008","Denmark"
"8002710402930","Denmark"
"8002710812005","Denmark"
"8003170038363","Denmark"
"8005110750502","Denmark"
"8005305900255","Denmark"
"8005510005080","Denmark"
"8008698005286","Denmark"
"8008698010778","Denmark"
"8008698014011","Denmark"
"8010445005166","Denmark"
"8010721998120","Denmark"
"8011242122391","Denmark"
"8015565035154","Denmark"
"8016438001016","Denmark"
"8410076482198","Denmark"
"8410637112014","Denmark"
"8410770022058","Denmark"
"8410770100022","Denmark"
"8410770100091","Denmark"
"8412554000382","Denmark"
"8426617099237","Denmark"
"8426617119355","Denmark"
"8426944000319","Denmark"
"8435595808243","Denmark"
"8680244923246","Denmark"
"8690504008101","Denmark"
"8691707090122","Denmark"
"8710398518774","Denmark"
"8710522882276","Denmark"
"8710522920664","Denmark"
"8710604750950","Denmark"
"87111606","Denmark"
"8711327539396","Denmark"
"8711327607194","Denmark"
"8711327610835","Denmark"
"8712100536939","Denmark"
"8712566175130","Denmark"
"8713305816444","Denmark"
"8714100783498","Denmark"
"8715035230309","Denmark"
"8715035240308","Denmark"
"8715700015026","Denmark"
"8715700121994","Denmark"
"8715700125992","Denmark"
"87157031","Denmark"
"87157406","Denmark"
"8717703638578","Denmark"
"8718114782591","Denmark"
"8718226323064","Denmark"
"8719200004849","Denmark"
"8719200257702","Denmark"
"8720165350025","Denmark"
"8720701148055","Denmark"
"8801073411913","Denmark"
"8850389103159","Denmark"
"8853662060026","Denmark"
"8855702001815","Denmark"
"8991002340305","Denmark"
"9002490216016","Denmark"
"90357985","Denmark"
"9100000748764","Denmark"
"9310264912812","Denmark"
"0010700519528","Egypt"
"0011110017314","Egypt"
"0016500535362","Egypt"
"0032894018847","Egypt"
"0032894020642","Egypt"
"0062287612109","Egypt"
"0070221008680","Egypt"
"00989091","Egypt"
"00990319","Egypt"
"0209354018765","Egypt"
"0622998316804","Egypt"
"06407179","Egypt"
"0684417815671","Egypt"
"0725765203953","Egypt"
"0725765711090","Egypt"
"0733603091785","Egypt"
"0769503575353","Egypt"
"08217189","Egypt"
"2987027189285","Egypt"
"3161711001971","Egypt"
"3228021060460","Egypt"
"3228022070062","Egypt"
"4014400470055","Egypt"
"4056489787600","Egypt"
"4061458021951","Egypt"
"4065019004285","Egypt"
"4088600572956","Egypt"
"4250031354023","Egypt"
"4260646291132","Egypt"
"4751027951078","Egypt"
"4810279004830","Egypt"
"4810279008449","Egypt"
"5000159031103","Egypt"
"5000159550802","Egypt"
"5000159553896","Egypt"
"5000159558440","Egypt"
"5000159558853","Egypt"
"5000318106376","Egypt"
"5000342000770","Egypt"
"5010525134178","Egypt"
"5017162007605","Egypt"
"5053827181341","Egypt"
"5053990101597","Egypt"
"5060608080441","Egypt"
"5060896625126","Egypt"
"5060900684828","Egypt"
"5099466176942","Egypt"
"5099864013245","Egypt"
"5200314327205","Egypt"
"5201043112483","Egypt"
"5206542010698","Egypt"
"5285000391647","Egypt"
"5285000395140","Egypt"
"5301000230400","Egypt"
"5425030790052","Egypt"
"5449000289216","Egypt"
"5449000330680","Egypt"
"5606439000199","Egypt"
"5900617014665","Egypt"
"5900617034809","Egypt"
"5900617037626","Egypt"
"5901126011404","Egypt"
"6111266963207","Egypt"
"6214961209257","Egypt"
"6220100874903","Egypt"
"6220790402967","Egypt"
"6221007005964","Egypt"
"6221007013976","Egypt"
"6221007022183","Egypt"
"6221007025917","Egypt"
"6221007028024","Egypt"
"6221007028116","Egypt"
"6221007028529","Egypt"
"6221007028901","Egypt"
"6221007029519","Egypt"
"6221007032700","Egypt"
"6221007037651","Egypt"
"6221007041009","Egypt"
"6221007042198","Egypt"
"6221012000275","Egypt"
"6221012003047","Egypt"
"6221012030241","Egypt"
"6221012251103","Egypt"
"6221012251240","Egypt"
"6221012365015","Egypt"
"6221012370255","Egypt"
"6221012787015","Egypt"
"6221022110216","Egypt"
"6221022110452","Egypt"
"6221024270017","Egypt"
"6221024991714","Egypt"
"6221024992513","Egypt"
"6221029670157","Egypt"
"6221031002113","Egypt"
"6221031002137","Egypt"
"6221031003745","Egypt"
"6221031003981","Egypt"
"6221031005152","Egypt"
"6221031005398","Egypt"
"6221031490118","Egypt"
"6221031490309","Egypt"
"6221031490330","Egypt"
"6221031490354","Egypt"
"6221031490453","Egypt"
"6221031490675","Egypt"
"6221031490699","Egypt"
"6221031491467","Egypt"
"6221031491474","Egypt"
"6221031492051","Egypt"
"6221031492495","Egypt"
"6221031494192","Egypt"
"6221031497933","Egypt"
"6221033001275","Egypt"
"6221033101289","Egypt"
"6221033101319","Egypt"
"6221033125384","Egypt"
"6221033173217","Egypt"
"6221033177239","Egypt"
"6221033177338","Egypt"
"6221033177512","Egypt"
"6221048900150","Egypt"
"6221073000016","Egypt"
"6221073008012","Egypt"
"6221073008043","Egypt"
"6221073010343","Egypt"
"6221073011180","Egypt"
"6221073011739","Egypt"
"6221073011760","Egypt"
"6221073012101","Egypt"
"6221078111199","Egypt"
"6221078144296","Egypt"
"6221078842253","Egypt"
"6221134010671","Egypt"
"6221134010718","Egypt"
"6221134013016","Egypt"
"6221155047458","Egypt"
"6221155079305","Egypt"
"6221295004519","Egypt"
"6221333005966","Egypt"
"62217927","Egypt"
"6222001100570","Egypt"
"6222003006528","Egypt"
"6222014300127","Egypt"
"6222014300905","Egypt"
"6222014301193","Egypt"
"6222014301476","Egypt"
"6222014310805","Egypt"
"6222014310898","Egypt"
"6222014312519","Egypt"
"6222014318016","Egypt"
"6222014330674","Egypt"
"6222014332760","Egypt"
"6222014332807","Egypt"
"6222014335518","Egypt"
"6222014335563","Egypt"
"6222014335570","Egypt"
"6222014336171","Egypt"
"6222014351396","Egypt"
"6222014351877","Egypt"
"6222014352065","Egypt"
"6222014352195","Egypt"
"6222014353116","Egypt"
"6222020800444","Egypt"
"6222020802899","Egypt"
"6222020803841","Egypt"
"6222020804961","Egypt"
"6222020805043","Egypt"
"6222024104524","Egypt"
"6222024104920","Egypt"
"6222027800102","Egypt"
"6222027800188","Egypt"
"6222035202929","Egypt"
"6222035227533","Egypt"
"6222035227540","Egypt"
"6222035227557","Egypt"
"6222035227786","Egypt"
"6222035228233","Egypt"
"6222035228257","Egypt"
"6222035228264","Egypt"
"6222035229391","Egypt"
"6222035231226","Egypt"
"6222035232414","Egypt"
"6222035232421","Egypt"
"6222035233756","Egypt"
"6222035235286","Egypt"
"6222035235293","Egypt"
"6222035239079","Egypt"
"6222035243540","Egypt"
"6222035247920","Egypt"
"6222580700017","Egypt"
"6223000038512","Egypt"
"6223000055168","Egypt"
"6223000055618","Egypt"
"6223000057704","Egypt"
"6223000082201","Egypt"
"6223000083758","Egypt"
"6223000228012","Egypt"
"6223000228326","Egypt"
"6223000270202","Egypt"
"6223000273340","Egypt"
"6223000277966","Egypt"
"6223000350010","Egypt"
"6223000350065","Egypt"
"6223000350201","Egypt"
"6223000352533","Egypt"
"6223000352656","Egypt"
"6223000370308","Egypt"
"6223000410080","Egypt"
"6223000410110","Egypt"
"6223000411001","Egypt"
"6223000430026","Egypt"
"6223000430040","Egypt"
"6223000430095","Egypt"
"6223000432242","Egypt"
"6223000490624","Egypt"
"6223000491294","Egypt"
"6223000492161","Egypt"
"6223000495124","Egypt"
"6223000495148","Egypt"
"6223000498309","Egypt"
"6223000508619","Egypt"
"6223000551530","Egypt"
"6223000552643","Egypt"
"6223000553855","Egypt"
"6223000555613","Egypt"
"6223000556184","Egypt"
"6223000556351","Egypt"
"6223000556481","Egypt"
"6223000557624","Egypt"
"6223000680384","Egypt"
"6223000680391","Egypt"
"6223000717356","Egypt"
"6223000717431","Egypt"
"6223000719206","Egypt"
"6223000756218","Egypt"
"6223000756652","Egypt"
"6223000758564","Egypt"
"6223000760215","Egypt"
"6223000760369","Egypt"
"6223000761021","Egypt"
"6223000762042","Egypt"
"6223000840009","Egypt"
"6223001057123","Egypt"
"6223001062547","Egypt"
"6223001200239","Egypt"
"6223001200772","Egypt"
"6223001360063","Egypt"
"6223001360346","Egypt"
"6223001360506","Egypt"
"6223001360766","Egypt"
"6223001361046","Egypt"
"6223001361732","Egypt"
"6223001361770","Egypt"
"6223001364993","Egypt"
"6223001366041","Egypt"
"6223001367130","Egypt"
"6223001752837","Egypt"
"6223001752868","Egypt"
"6223001872924","Egypt"
"6223001874294","Egypt"
"6223001874317","Egypt"
"6223001877165","Egypt"
"6223001878001","Egypt"
"6223001878308","Egypt"
"6223001878520","Egypt"
"6223001878643","Egypt"
"6223002380169","Egypt"
"6223002380695","Egypt"
"6223002384525","Egypt"
"6223002389636","Egypt"
"6223003114008","Egypt"
"6223003192013","Egypt"
"6223003192020","Egypt"
"6223003395025","Egypt"
"6223003395445","Egypt"
"6223003803308","Egypt"
"6223003803759","Egypt"
"6223003803827","Egypt"
"6223003803834","Egypt"
"6223003804664","Egypt"
"6223003806538","Egypt"
"6223003806552","Egypt"
"6223003806569","Egypt"
"6223003940270","Egypt"
"6223003942915","Egypt"
"6223004760198","Egypt"
"6223004760945","Egypt"
"6223004763762","Egypt"
"6223006051232","Egypt"
"6223006052161","Egypt"
"6223006310759","Egypt"
"6223006311848","Egypt"
"6223006312388","Egypt"
"6223006881822","Egypt"
"6223007290050","Egypt"
"6223007290074","Egypt"
"6223007290111","Egypt"
"6223007290913","Egypt"
"6223007375122","Egypt"
"6223007430531","Egypt"
"6223007520331","Egypt"
"6223007520812","Egypt"
"6223007943994","Egypt"
"6223009440279","Egypt"
"6223009440507","Egypt"
"6223009440699","Egypt"
"6223011330018","Egypt"
"6223011431111","Egypt"
"6223011811210","Egypt"
"6223011811227","Egypt"
"6223012520012","Egypt"
"6224000045012","Egypt"
"6224000045111","Egypt"
"6224000147143","Egypt"
"6224000234065","Egypt"
"6224000432096","Egypt"
"6224000529024","Egypt"
"6224000529215","Egypt"
"6224000582197","Egypt"
"6224000698799","Egypt"
"6224000702878","Egypt"
"6224000805401","Egypt"
"6224000920371","Egypt"
"6224000992910","Egypt"
"6224001032271","Egypt"
"6224001071867","Egypt"
"6224001105005","Egypt"
"6224001105487","Egypt"
"6224001105838","Egypt"
"6224001167423","Egypt"
"6224001184451","Egypt"
"6224001733161","Egypt"
"6224001925221","Egypt"
"6224002146632","Egypt"
"6224003311091","Egypt"
"6224003311121","Egypt"
"6224003479067","Egypt"
"6224007235041","Egypt"
"6224007975633","Egypt"
"6224008245063","Egypt"
"6224008245124","Egypt"
"6224008245261","Egypt"
"6224008245278","Egypt"
"6224008245490","Egypt"
"6224008245568","Egypt"
"6224008245612","Egypt"
"6224008265931","Egypt"
"6224008267034","Egypt"
"6224008267645","Egypt"
"6224008467922","Egypt"
"6224008526506","Egypt"
"6224008526520","Egypt"
"6224008603559","Egypt"
"6224008637028","Egypt"
"6224008709053","Egypt"
"6224008756293","Egypt"
"6224008845775","Egypt"
"6224008857136","Egypt"
"6224008857518","Egypt"
"6224008913122","Egypt"
"6224008913948","Egypt"
"6224009042333","Egypt"
"6224009082650","Egypt"
"6224009126781","Egypt"
"6224009265152","Egypt"
"6224009337255","Egypt"
"6224009363063","Egypt"
"6224009377022","Egypt"
"6224009431281","Egypt"
"6224009577293","Egypt"
"6224009584017","Egypt"
"6224009584482","Egypt"
"6224009689019","Egypt"
"6224009922109","Egypt"
"6224009991211","Egypt"
"6224010035010","Egypt"
"6224010081062","Egypt"
"6224010090019","Egypt"
"6224010103030","Egypt"
"6224010103047","Egypt"
"6224010103108","Egypt"
"6224010124127","Egypt"
"6224010181168","Egypt"
"6224010433021","Egypt"
"6224010439283","Egypt"
"6224010623613","Egypt"
"6224010623729","Egypt"
"6224010623736","Egypt"
"6224010623750","Egypt"
"6224010950146","Egypt"
"6224011241069","Egypt"
"6224011241366","Egypt"
"6224011241427","Egypt"
"6224011241564","Egypt"
"6224011374392","Egypt"
"6224011536349","Egypt"
"6225000177802","Egypt"
"6225000201927","Egypt"
"6225000266391","Egypt"
"6225000399044","Egypt"
"6225000434318","Egypt"
"6229920003432","Egypt"
"6281007045346","Egypt"
"6281055704516","Egypt"
"6287034101277","Egypt"
"6291003000584","Egypt"
"6291003096099","Egypt"
"6291108341711","Egypt"
"6335003120504","Egypt"
"6772504392632","Egypt"
"6772504452244","Egypt"
"6970606990149","Egypt"
"6982018028457","Egypt"
"7613031370641","Egypt"
"7613035728257","Egypt"
"7622201437657","Egypt"
"7622201510671","Egypt"
"7622201519544","Egypt"
"7622201694869","Egypt"
"7622201695248","Egypt"
"7622201730253","Egypt"
"7622201750480","Egypt"
"7622201764555","Egypt"
"7622202209918","Egypt"
"7622202350092","Egypt"
"7622210077660","Egypt"
"7622210549440","Egypt"
"7622210627216","Egypt"
"7622210757050","Egypt"
"7622300876760","Egypt"
"7622300876777","Egypt"
"7891118010769","Egypt"
"8028868001306","Egypt"
"80930341","Egypt"
"8101802088943","Egypt"
"8402001032592","Egypt"
"8410175065414","Egypt"
"8595229910633","Egypt"
"8690504550686","Egypt"
"8690504551263","Egypt"
"8690504552895","Egypt"
"8690504554455","Egypt"
"8690767714641","Egypt"
"8691216094239","Egypt"
"8691216095496","Egypt"
"8691216098299","Egypt"
"8691707095127","Egypt"
"8714555000300","Egypt"
"8850124080202","Egypt"
"8901138504557","Egypt"
"8996001303764","Egypt"
"90162602","Egypt"
"9023800431011","Egypt"
"90435775","Egypt"
"90474750","Egypt"
"9222445232438","Egypt"
"9556995203601","Egypt"
"9557062321136","Egypt"
"0024000024675","Finland"
"0024000124023","Finland"
"0024000124955","Finland"
"0041570112656","Finland"
"0440360328329","Finland"
"0640000081588","Finland"
"0643435147492","Finland"
"0643435289291","Finland"
"0643435328563","Finland"
"0643435552579","Finland"
"0643435648463","Finland"
"0643435694958","Finland"
"0643435781627","Finland"
"0643435937390","Finland"
"0643435937420","Finland"
"0643435982116","Finland"
"0643439830727","Finland"
"0643439944929","Finland"
"0643843671534","Finland"
"0643843718680","Finland"
"0643843800835","Finland"
"0643843803225","Finland"
"0644209122332","Finland"
"0644504010013","Finland"
"0646670523465","Finland"
"0648436310029","Finland"
"0648960075371","Finland"
"0680569854124","Finland"
"20000660","Finland"
"20001155","Finland"
"20001674","Finland"
"20001940","Finland"
"20002183","Finland"
"20002268","Finland"
"20002381","Finland"
"20002961","Finland"
"20003937","Finland"
"20004125","Finland"
"20004132","Finland"
"20005573","Finland"
"20005825","Finland"
"20005832","Finland"
"20005917","Finland"
"20006334","Finland"
"20008741","Finland"
"20013165","Finland"
"20022464","Finland"
"20024673","Finland"
"20026554","Finland"
"20030049","Finland"
"20035259","Finland"
"20036850","Finland"
"20037154","Finland"
"20041670","Finland"
"20042042","Finland"
"20043032","Finland"
"20043537","Finland"
"20045142","Finland"
"20045197","Finland"
"20047559","Finland"
"20047900","Finland"
"20050238","Finland"
"20051433","Finland"
"20064006","Finland"
"20064013","Finland"
"20064020","Finland"
"20072803","Finland"
"20080655","Finland"
"20082185","Finland"
"20093099","Finland"
"20103286","Finland"
"20103354","Finland"
"20107338","Finland"
"20122393","Finland"
"20122577","Finland"
"20131548","Finland"
"20131579","Finland"
"20131968","Finland"
"20134112","Finland"
"20134792","Finland"
"20139766","Finland"
"20155087","Finland"
"20199876","Finland"
"20211301","Finland"
"20214456","Finland"
"20219901","Finland"
"20242169","Finland"
"20258696","Finland"
"20272760","Finland"
"20280239","Finland"
"20333966","Finland"
"20351922","Finland"
"20358709","Finland"
"20396121","Finland"
"20405557","Finland"
"20418328","Finland"
"20423827","Finland"
"20425609","Finland"
"20431938","Finland"
"20437817","Finland"
"20519322","Finland"
"20531867","Finland"
"20544317","Finland"
"20546090","Finland"
"20556372","Finland"
"20559694","Finland"
"20575557","Finland"
"20621452","Finland"
"20624088","Finland"
"20624477","Finland"
"20673635","Finland"
"20673659","Finland"
"20691974","Finland"
"20692209","Finland"
"20703431","Finland"
"20706845","Finland"
"20706852","Finland"
"20708207","Finland"
"20724108","Finland"
"20757809","Finland"
"20776800","Finland"
"20788209","Finland"
"20816315","Finland"
"20829735","Finland"
"20861308","Finland"
"20884277","Finland"
"20884604","Finland"
"20886875","Finland"
"20927103","Finland"
"20942243","Finland"
"20948955","Finland"
"20951337","Finland"
"20994945","Finland"
"20995294","Finland"
"20995317","Finland"
"20995324","Finland"
"20995553","Finland"
"2244429002698","Finland"
"3046920011013","Finland"
"3046920028752","Finland"
"3046920029759","Finland"
"3083681003949","Finland"
"3083681012668","Finland"
"3083681068184","Finland"
"3083681127621","Finland"
"3083681139709","Finland"
"3083681139716","Finland"
"3083681139723","Finland"
"3088542500285","Finland"
"3161910238710","Finland"
"3250552519377","Finland"
"3387390320558","Finland"
"3431410131003","Finland"
"3800233781830","Finland"
"3800236132332","Finland"
"3850102314126","Finland"
"4000339697908","Finland"
"4000539671104","Finland"
"4000607854606","Finland"
"4001724029526","Finland"
"4001724039082","Finland"
"4001724039204","Finland"
"4001724039389","Finland"
"4002971207309","Finland"
"4002971244403","Finland"
"4002971247503","Finland"
"4002971247909","Finland"
"4002971275902","Finland"
"4002971283907","Finland"
"4002971301601","Finland"
"4002971303506","Finland"
"4002971317909","Finland"
"4002971329001","Finland"
"4002971466102","Finland"
"4008400173627","Finland"
"4008400221021","Finland"
"4008400301327","Finland"
"4008400401621","Finland"
"40084725","Finland"
"4011800407339","Finland"
"4011800407414","Finland"
"4011800408336","Finland"
"4011800420413","Finland"
"4011800563516","Finland"
"4011800564414","Finland"
"4011800565510","Finland"
"4014400907902","Finland"
"4014400910063","Finland"
"4029764001807","Finland"
"4030300022200","Finland"
"4044019390031","Finland"
"4056489009184","Finland"
"4056489023647","Finland"
"4056489061762","Finland"
"4056489062998","Finland"
"4056489095897","Finland"
"4056489095927","Finland"
"4056489098607","Finland"
"4056489104254","Finland"
"4056489109594","Finland"
"4056489115328","Finland"
"4056489117056","Finland"
"4056489127284","Finland"
"4056489133032","Finland"
"4056489135623","Finland"
"4056489152866","Finland"
"4056489168096","Finland"
"4056489181293","Finland"
"4056489182252","Finland"
"4056489183457","Finland"
"4056489195917","Finland"
"4056489203339","Finland"
"4056489249818","Finland"
"4056489253006","Finland"
"4056489253099","Finland"
"4056489279167","Finland"
"4056489332848","Finland"
"4056489332855","Finland"
"4056489351207","Finland"
"4056489351214","Finland"
"4056489356110","Finland"
"4056489367130","Finland"
"4056489367611","Finland"
"4056489375067","Finland"
"4056489375463","Finland"
"4056489412090","Finland"
"4056489412328","Finland"
"4056489421559","Finland"
"4056489439660","Finland"
"4056489440871","Finland"
"4056489442981","Finland"
"4056489454458","Finland"
"4056489454809","Finland"
"4056489454960","Finland"
"4056489454977","Finland"
"4056489466628","Finland"
"4056489466635","Finland"
"4056489467571","Finland"
"4056489467618","Finland"
"4056489482017","Finland"
"4056489526889","Finland"
"4056489580591","Finland"
"4056489592181","Finland"
"4056489599067","Finland"
"4056489599302","Finland"
"4056489628897","Finland"
"4056489644644","Finland"
"4056489670964","Finland"
"4056489691907","Finland"
"4056489694489","Finland"
"4056489694496","Finland"
"4056489695295","Finland"
"4056489695370","Finland"
"4056489741503","Finland"
"4056489773344","Finland"
"4056489803645","Finland"
"4056489815785","Finland"
"4056489878216","Finland"
"4056489887775","Finland"
"4056489904755","Finland"
"4056489927129","Finland"
"4056489944089","Finland"
"4056489944102","Finland"
"4056489944355","Finland"
"4056489944447","Finland"
"4056489945000","Finland"
"4056489955146","Finland"
"4056489961680","Finland"
"4056489962625","Finland"
"4056489978084","Finland"
"4056489988656","Finland"
"4056489989356","Finland"
"40875125","Finland"
"40875583","Finland"
"40893532","Finland"
"4100290024758","Finland"
"4250231139956","Finland"
"4335619046658","Finland"
"4335619063020","Finland"
"4335619073852","Finland"
"4335619104396","Finland"
"4335619128866","Finland"
"4335619173255","Finland"
"4607005091376","Finland"
"4640001734014","Finland"
"4711931037084","Finland"
"4740036016250","Finland"
"4740036016267","Finland"
"4740113091101","Finland"
"4740113091446","Finland"
"4740153336026","Finland"
"4742382000105","Finland"
"4742885010212","Finland"
"4750075901509","Finland"
"4751037280830","Finland"
"5000157150950","Finland"
"5000159471725","Finland"
"5000159484695","Finland"
"5000159527088","Finland"
"5000159527118","Finland"
"5000159528269","Finland"
"5000159528320","Finland"
"5000159528368","Finland"
"5000159556804","Finland"
"5000159561532","Finland"
"5000169049112","Finland"
"5000171057815","Finland"
"5000184321064","Finland"
"5010029000160","Finland"
"5010338303006","Finland"
"5011053026713","Finland"
"5021991944307","Finland"
"5029396222334","Finland"
"5032722306523","Finland"
"5050083122811","Finland"
"5053990167692","Finland"
"5056357900697","Finland"
"5059319016634","Finland"
"5059319023502","Finland"
"5060122036849","Finland"
"5060402906961","Finland"
"5060517880804","Finland"
"5200115450157","Finland"
"5201049211210","Finland"
"5201059017444","Finland"
"5201409900211","Finland"
"5202178083839","Finland"
"5400117585899","Finland"
"5410041001204","Finland"
"5410126006360","Finland"
"5410126006377","Finland"
"5410126116953","Finland"
"5410146421013","Finland"
"5410146421044","Finland"
"5410673005861","Finland"
"5411188082583","Finland"
"5411188091622","Finland"
"5411188100324","Finland"
"5411188102809","Finland"
"5411188110743","Finland"
"5411188110842","Finland"
"5411188112549","Finland"
"5411188112709","Finland"
"5411188115434","Finland"
"5411188119098","Finland"
"5411188119753","Finland"
"5411188121213","Finland"
"5411188121305","Finland"
"5411188121435","Finland"
"5411188121947","Finland"
"5411188121992","Finland"
"5411188124191","Finland"
"5411188125341","Finland"
"5411188125808","Finland"
"5411188126393","Finland"
"5411188128458","Finland"
"5411188128588","Finland"
"5411188128601","Finland"
"5411188128625","Finland"
"5411188128663","Finland"
"5411188128977","Finland"
"5411188130055","Finland"
"5411188132110","Finland"
"5411188133476","Finland"
"5411188133759","Finland"
"5411188137702","Finland"
"5411188137740","Finland"
"5411188138099","Finland"
"5411188138952","Finland"
"5411188141174","Finland"
"5449000085757","Finland"
"5690527983303","Finland"
"5690845000423","Finland"
"5690845003219","Finland"
"5701029160823","Finland"
"5701073028940","Finland"
"5701259100187","Finland"
"5701397332815","Finland"
"5701977550936","Finland"
"5704190114145","Finland"
"5709281011150","Finland"
"5711953169991","Finland"
"5711953182419","Finland"
"5712840020029","Finland"
"5712849004310","Finland"
"5740700983122","Finland"
"57420271","Finland"
"5765228113868","Finland"
"5765228351000","Finland"
"5765228397343","Finland"
"5900020033963","Finland"
"5900020036049","Finland"
"5900020037046","Finland"
"5902057003285","Finland"
"5904730218139","Finland"
"5904730218320","Finland"
"5904730218351","Finland"
"5907652545543","Finland"
"5908230521522","Finland"
"5997523312299","Finland"
"6406510091196","Finland"
"6406510096474","Finland"
"6407790901137","Finland"
"6407810017947","Finland"
"6407840041172","Finland"
"6407860065295","Finland"
"6407870070333","Finland"
"6407870074041","Finland"
"6407880085075","Finland"
"6408180733260","Finland"
"6408180733772","Finland"
"6408180733901","Finland"
"6408180736636","Finland"
"6408180737510","Finland"
"6408430000135","Finland"
"6408430000142","Finland"
"6408430000258","Finland"
"6408430000418","Finland"
"6408430000432","Finland"
"6408430000449","Finland"
"6408430000623","Finland"
"6408430001811","Finland"
"6408430002016","Finland"
"6408430002023","Finland"
"6408430015481","Finland"
"6408430021024","Finland"
"6408430021048","Finland"
"6408430024209","Finland"
"6408430024841","Finland"
"6408430025138","Finland"
"6408430026432","Finland"
"6408430030002","Finland"
"6408430030026","Finland"
"6408430030309","Finland"
"6408430030316","Finland"
"6408430032686","Finland"
"6408430033805","Finland"
"6408430039432","Finland"
"6408430039517","Finland"
"6408430042081","Finland"
"6408430042395","Finland"
"6408430043019","Finland"
"6408430043200","Finland"
"6408430044030","Finland"
"6408430062195","Finland"
"6408430102068","Finland"
"6408430102433","Finland"
"6408430102501","Finland"
"6408430141487","Finland"
"6408430142286","Finland"
"6408430310630","Finland"
"6408430310784","Finland"
"6408430310845","Finland"
"6408430310876","Finland"
"6408430337590","Finland"
"6408430338078","Finland"
"6408430338313","Finland"
"6408430339327","Finland"
"6408430339556","Finland"
"6408430340521","Finland"
"6408430340538","Finland"
"6408430341894","Finland"
"6408430341917","Finland"
"6408430342105","Finland"
"6408430400058","Finland"
"6408430400102","Finland"
"6408430400119","Finland"
"6408430400348","Finland"
"6408430400454","Finland"
"6408430400782","Finland"
"6408430401147","Finland"
"6408430407200","Finland"
"6408430407545","Finland"
"6408430407675","Finland"
"6408430407682","Finland"
"6408430408146","Finland"
"6408430408214","Finland"
"6408430408641","Finland"
"6408430408917","Finland"
"6408432000751","Finland"
"6408432001024","Finland"
"6408432095863","Finland"
"6408432102462","Finland"
"6408432201462","Finland"
"6408432202407","Finland"
"6408653125660","Finland"
"6409100024628","Finland"
"6409100043230","Finland"
"6409100045166","Finland"
"6409100046286","Finland"
"6409531659413","Finland"
"6409620003523","Finland"
"6409770077061","Finland"
"6409770080054","Finland"
"6410191000118","Finland"
"6410222008700","Finland"
"6410380041670","Finland"
"6410380041823","Finland"
"6410380049669","Finland"
"6410381083068","Finland"
"6410402011865","Finland"
"6410402018161","Finland"
"6410405060457","Finland"
"6410405124517","Finland"
"6410405133182","Finland"
"6410405138507","Finland"
"6410405141675","Finland"
"6410405164247","Finland"
"6410405197641","Finland"
"6410405223944","Finland"
"6410405227041","Finland"
"6410405234452","Finland"
"6410405243508","Finland"
"6410405284365","Finland"
"6410405323194","Finland"
"6410405324078","Finland"
"6410405324092","Finland"
"6410500090014","Finland"
"6410500900108","Finland"
"6411200001096","Finland"
"6411200001126","Finland"
"6411200002673","Finland"
"6411200002703","Finland"
"6411200103271","Finland"
"6411200104858","Finland"
"6411200111511","Finland"
"6411200112259","Finland"
"6411200112310","Finland"
"6411200112747","Finland"
"6411200212317","Finland"
"6411401014826","Finland"
"6411401015090","Finland"
"6411401015151","Finland"
"6411401015908","Finland"
"6411401019012","Finland"
"6411401019029","Finland"
"6411401037115","Finland"
"6411401037870","Finland"
"6411401042355","Finland"
"6411402106407","Finland"
"6411402126108","Finland"
"6411402159403","Finland"
"6411402159908","Finland"
"6411402164803","Finland"
"6411402164902","Finland"
"6411402197108","Finland"
"6411402202208","Finland"
"6411404035187","Finland"
"6411410000742","Finland"
"6412000030521","Finland"
"6412500002141","Finland"
"6412500011938","Finland"
"6412500070188","Finland"
"6412500073028","Finland"
"6413300015515","Finland"
"6413300019667","Finland"
"6413300020519","Finland"
"6413300025392","Finland"
"6413300308600","Finland"
"6413466080204","Finland"
"6413467282508","Finland"
"6413467449604","Finland"
"6413600004301","Finland"
"6413600015147","Finland"
"6413600017509","Finland"
"6413600151579","Finland"
"6413600191537","Finland"
"6413600207207","Finland"
"6413600283287","Finland"
"6414202701001","Finland"
"6414202702008","Finland"
"6414202702503","Finland"
"6414891801020","Finland"
"6414891802126","Finland"
"6414893094918","Finland"
"6414893095588","Finland"
"6414893097124","Finland"
"6414893206427","Finland"
"6414893385498","Finland"
"6414893385658","Finland"
"6414893385672","Finland"
"6414893385818","Finland"
"6414893385832","Finland"
"6414893386082","Finland"
"6414893386488","Finland"
"6414893394209","Finland"
"6414893397019","Finland"
"6414894500401","Finland"
"6415000119067","Finland"
"6415130089827","Finland"
"6415131402342","Finland"
"6415600501781","Finland"
"6415600501811","Finland"
"6415600502078","Finland"
"6415600515566","Finland"
"6415600550390","Finland"
"6415600550420","Finland"
"6415600555722","Finland"
"6415711804245","Finland"
"6415711804269","Finland"
"6415712000813","Finland"
"6415712003432","Finland"
"6415712506032","Finland"
"6415712506117","Finland"
"6415712506568","Finland"
"6415712614508","Finland"
"6415712713652","Finland"
"6415715104808","Finland"
"6416120000600","Finland"
"6416211000441","Finland"
"6416288111170","Finland"
"6416419130971","Finland"
"6416453014657","Finland"
"6416453014794","Finland"
"6416453017405","Finland"
"6416453021624","Finland"
"6416453033979","Finland"
"6416453036383","Finland"
"6416453036413","Finland"
"6416453054578","Finland"
"6416453075153","Finland"
"6416453113206","Finland"
"6416597113919","Finland"
"6417700050725","Finland"
"6417700050749","Finland"
"6417700290008","Finland"
"6417777042258","Finland"
"6417801801202","Finland"
"6417801801226","Finland"
"6417801801240","Finland"
"6417808235819","Finland"
"6417808235918","Finland"
"6417808290610","Finland"
"6417900844209","Finland"
"6418784011107","Finland"
"6419641014132","Finland"
"6419811101709","Finland"
"6420101882666","Finland"
"6420256012673","Finland"
"6420256012680","Finland"
"6420256014134","Finland"
"6420256015568","Finland"
"6420256016824","Finland"
"6421682097494","Finland"
"6421766017240","Finland"
"6424200067016","Finland"
"6424514000228","Finland"
"6424908115057","Finland"
"6430013258008","Finland"
"6430017901498","Finland"
"6430029763091","Finland"
"6430033521090","Finland"
"6430039223134","Finland"
"6430043010973","Finland"
"6430043242015","Finland"
"6430051825415","Finland"
"6430055214802","Finland"
"6430055214956","Finland"
"6430055219142","Finland"
"6430056260884","Finland"
"6430056262109","Finland"
"6430056289670","Finland"
"6430056289724","Finland"
"6430056289731","Finland"
"6430056289748","Finland"
"6430056590851","Finland"
"6430063960159","Finland"
"6430064401453","Finland"
"6430067846695","Finland"
"6430081490041","Finland"
"6430081490218","Finland"
"6430081490447","Finland"
"6430081490676","Finland"
"6430081490775","Finland"
"6430081490881","Finland"
"6430104920302","Finland"
"6430104920401","Finland"
"6430104921583","Finland"
"6430104966812","Finland"
"6431003105302","Finland"
"6437002001454","Finland"
"6437005003752","Finland"
"6437005040986","Finland"
"6437005053368","Finland"
"6437005058394","Finland"
"6437005058516","Finland"
"6437005058660","Finland"
"6437005083679","Finland"
"6438207000051","Finland"
"6438207000402","Finland"
"6438207011453","Finland"
"6438207011613","Finland"
"6438207020110","Finland"
"6438348001566","Finland"
"6438460328329","Finland"
"6438460995491","Finland"
"6438574005871","Finland"
"6438574042463","Finland"
"6438574052578","Finland"
"6438574109319","Finland"
"6438574132522","Finland"
"6438574133505","Finland"
"6438574148684","Finland"
"7037710020069","Finland"
"7037710090055","Finland"
"7090046311706","Finland"
"7090046314103","Finland"
"7090046314134","Finland"
"7300400114776","Finland"
"7300400118408","Finland"
"7310090771623","Finland"
"7310090781622","Finland"
"7310100602282","Finland"
"7310100857200","Finland"
"7310130009433","Finland"
"7310130009839","Finland"
"7310130011566","Finland"
"7310130013256","Finland"
"7310130801709","Finland"
"7310240200386","Finland"
"7310240606386","Finland"
"7310240651287","Finland"
"7310350132874","Finland"
"7310350136353","Finland"
"7310700673262","Finland"
"7310865064462","Finland"
"7311070006209","Finland"
"7311070006353","Finland"
"7311142102006","Finland"
"7311142201358","Finland"
"7311142201457","Finland"
"7311310031015","Finland"
"7311310035341","Finland"
"7311311020599","Finland"
"7311311020612","Finland"
"7311311020643","Finland"
"7311311021121","Finland"
"7311311022760","Finland"
"7311312000873","Finland"
"7311312000897","Finland"
"7311312007834","Finland"
"7311312008084","Finland"
"7311312008329","Finland"
"7311870012202","Finland"
"7311870031463","Finland"
"7312220005103","Finland"
"7312220096019","Finland"
"73143611","Finland"
"7315120014329","Finland"
"7316150670271","Finland"
"7318690518037","Finland"
"7322550052715","Finland"
"7331217012993","Finland"
"7340001800227","Finland"
"7340001800715","Finland"
"7340001804522","Finland"
"7340001804676","Finland"
"7340001804812","Finland"
"7340001805383","Finland"
"7340001806205","Finland"
"7340001806670","Finland"
"7340011320029","Finland"
"7340011342434","Finland"
"7340011351399","Finland"
"7340011454915","Finland"
"7340011474180","Finland"
"7340011483069","Finland"
"7340011496717","Finland"
"7340011499916","Finland"
"7340150801007","Finland"
"7340191105096","Finland"
"7340191112179","Finland"
"7340191119451","Finland"
"7340191127104","Finland"
"7340191134782","Finland"
"7340191135888","Finland"
"7340191141438","Finland"
"7340191143265","Finland"
"7340191143807","Finland"
"7340191144620","Finland"
"7340191144644","Finland"
"7340191144651","Finland"
"7340191144873","Finland"
"7340191146556","Finland"
"7340191149779","Finland"
"7340191149878","Finland"
"7340191150676","Finland"
"7340191156159","Finland"
"7340191157590","Finland"
"7340191157958","Finland"
"7340191158221","Finland"
"7340191160231","Finland"
"7340191162310","Finland"
"7340191165014","Finland"
"7340191167476","Finland"
"7340191169302","Finland"
"7340191169975","Finland"
"7340191170414","Finland"
"7340191170896","Finland"
"7340191171480","Finland"
"7340191171503","Finland"
"7340191173286","Finland"
"7350000553215","Finland"
"7350020720017","Finland"
"7350028543762","Finland"
"7350028549009","Finland"
"7350042710515","Finland"
"7350054795623","Finland"
"7350054797450","Finland"
"7350068291111","Finland"
"7350068294082","Finland"
"7350068296116","Finland"
"7350101604502","Finland"
"7350104403041","Finland"
"7350115944168","Finland"
"7350126082958","Finland"
"7392672000697","Finland"
"7392672002134","Finland"
"7392672002561","Finland"
"7392672004459","Finland"
"7392672104074","Finland"
"7392672104104","Finland"
"7394376616037","Finland"
"7394376616723","Finland"
"7394376618048","Finland"
"7394376620300","Finland"
"7394376620683","Finland"
"7394376620690","Finland"
"7394376621017","Finland"
"7394376621666","Finland"
"7394376621994","Finland"
"7394376622809","Finland"
"7394376622816","Finland"
"7610313412150","Finland"
"7613035312050","Finland"
"7613035366749","Finland"
"7614500010013","Finland"
"7622201388652","Finland"
"7622201733681","Finland"
"7622202264412","Finland"
"7622210137258","Finland"
"7622210690883","Finland"
"7622210850652","Finland"
"7622210998781","Finland"
"7622300336738","Finland"
"7622300489434","Finland"
"7622300571351","Finland"
"7622300740375","Finland"
"7622400969034","Finland"
"7640164291352","Finland"
"8000500269169","Finland"
"8001665722131","Finland"
"8001860187735","Finland"
"8002270586859","Finland"
"8002670004205","Finland"
"8004030125025","Finland"
"8005110000454","Finland"
"8005110004766","Finland"
"8005110551215","Finland"
"8005840006092","Finland"
"8006040000484","Finland"
"8006040257321","Finland"
"8008343201179","Finland"
"8008698005347","Finland"
"8008698007303","Finland"
"8008698026090","Finland"
"8023678162216","Finland"
"8023678162360","Finland"
"8076809513388","Finland"
"8076809513739","Finland"
"8410000810004","Finland"
"8410076472403","Finland"
"8410076473998","Finland"
"8410076481597","Finland"
"8410090010636","Finland"
"8410159016586","Finland"
"8410342007032","Finland"
"8410843019466","Finland"
"8410843127376","Finland"
"8413178368407","Finland"
"8435185953711","Finland"
"8436048962581","Finland"
"8436048962697","Finland"
"8436048966053","Finland"
"8594034993015","Finland"
"8600114011040","Finland"
"8691707059037","Finland"
"8710532452582","Finland"
"8710532455750","Finland"
"8710605030051","Finland"
"8710671001184","Finland"
"8711118013593","Finland"
"8711327373105","Finland"
"8711327609464","Finland"
"8711327612242","Finland"
"8711327622869","Finland"
"8711327626638","Finland"
"8711327626997","Finland"
"8711327648036","Finland"
"8711327653245","Finland"
"8711327661509","Finland"
"8711327667020","Finland"
"8711900018676","Finland"
"8711900019031","Finland"
"8711900021010","Finland"
"8713305816444","Finland"
"8713800138812","Finland"
"8715035110106","Finland"
"8715700016504","Finland"
"8715700415604","Finland"
"87157239","Finland"
"87157604","Finland"
"8715800002278","Finland"
"8717677336616","Finland"
"8717677336630","Finland"
"8717677336654","Finland"
"8717703638578","Finland"
"8719200006133","Finland"
"8719200235304","Finland"
"8719200235366","Finland"
"8801043025256","Finland"
"8801043061308","Finland"
"8801043157728","Finland"
"8801073113428","Finland"
"8801073113893","Finland"
"8801392051050","Finland"
"8801392051210","Finland"
"8850987101076","Finland"
"8850987128561","Finland"
"8851876201549","Finland"
"8855702001815","Finland"
"8990044000000","Finland"
"9020200021002","Finland"
"90426278","Finland"
"90444470","Finland"
"9421009030347","Finland"
"0022314010025","France"
"0037600106009","France"
"0037600106412","France"
"0089686120110","France"
"06110273","France"
"06153153","France"
"06175634","France"
"06175700","France"
"13356194","France"
"16256163","France"
"20003166","France"
"20004132","France"
"20005733","France"
"20005832","France"
"20019907","France"
"20047238","France"
"20072803","France"
"20150907","France"
"20159917","France"
"20177218","France"
"20266387","France"
"20266394","France"
"20267605","France"
"20283360","France"
"20474478","France"
"20621469","France"
"20665241","France"
"20713713","France"
"20724696","France"
"20815394","France"
"20920210","France"
"20995553","France"
"3011360030498","France"
"3017620420702","France"
"3017620421006","France"
"3017620422003","France"
"3017620425035","France"
"3017620429484","France"
"3017760000062","France"
"3017760030106","France"
"3017760363990","France"
"3017760542890","France"
"3017760756198","France"
"3017760771894","France"
"3017760819121","France"
"3019081238643","France"
"3019081241193","France"
"3019081241216","France"
"3019081241230","France"
"3019081241582","France"
"3019089043584","France"
"3021690201116","France"
"3021690201123","France"
"3021769505602","France"
"3023260030928","France"
"3023290030547","France"
"3023290030585","France"
"3023290030608","France"
"3023290035801","France"
"3023290091142","France"
"3023290634578","France"
"3023291122005","France"
"3023470001015","France"
"3023470020016","France"
"3024720026895","France"
"3027030011810","France"
"3029330004233","France"
"3029330004240","France"
"3029330022411","France"
"3029330022428","France"
"3029330069898","France"
"3029330071280","France"
"3029330801900","France"
"3029330801924","France"
"3033490004521","France"
"3033491451652","France"
"3033491454080","France"
"3033491485756","France"
"3033491993138","France"
"3033492056603","France"
"3033710074525","France"
"3033710077274","France"
"3033710084913","France"
"3038354199603","France"
"3038359004544","France"
"3041090063206","France"
"3045140105502","France"
"3045320517101","France"
"3046920010047","France"
"3046920010283","France"
"3046920016377","France"
"3046920021043","France"
"3046920022507","France"
"3046920022606","France"
"3046920022651","France"
"3046920022705","France"
"3046920027885","France"
"3046920028004","France"
"3046920028363","France"
"3046920028721","France"
"3046920029681","France"
"3046920029759","France"
"3056440070896","France"
"3057640257773","France"
"3061990141101","France"
"3061990143365","France"
"3061990143594","France"
"3068320080000","France"
"3068320120256","France"
"3068320123264","France"
"3073781077025","France"
"3073781131888","France"
"3073781131925","France"
"3073781131963","France"
"3073781177916","France"
"3073781192186","France"
"3073781192254","France"
"3083680484466","France"
"3083680613576","France"
"3083680901024","France"
"3083680973939","France"
"3083681001808","France"
"3083681093926","France"
"3083681094459","France"
"3083681094923","France"
"3083681095296","France"
"3083681148619","France"
"3083681148626","France"
"3083681148640","France"
"3088540004440","France"
"3088542500285","France"
"3088542506508","France"
"3088543506255","France"
"3088545004001","France"
"3092718637064","France"
"3095757697105","France"
"3095758049019","France"
"3123930650026","France"
"3124480184344","France"
"3124480186560","France"
"3124480191182","France"
"3154230600121","France"
"3154230600183","France"
"3154230800965","France"
"3154230802259","France"
"3154230802280","France"
"3154230802310","France"
"3154230809869","France"
"3154230809890","France"
"3154230810131","France"
"3154230812616","France"
"3155250349793","France"
"3155250358788","France"
"3155250364772","France"
"3155251204343","France"
"3155251205296","France"
"3155251205302","France"
"3155251205319","France"
"3155251205388","France"
"3155251205500","France"
"3155251205524","France"
"3159470000120","France"
"3159470001424","France"
"3159470005071","France"
"3161711000622","France"
"3161711001971","France"
"3165433724019","France"
"3165433864012","France"
"3165950211726","France"
"3165950216011","France"
"3165957058010","France"
"3165958350014","France"
"3166353931402","France"
"3168930002987","France"
"3168930003632","France"
"3168930009078","France"
"3168930009795","France"
"3168930010265","France"
"3168930010890","France"
"3168930010906","France"
"3168930159896","France"
"3168930163480","France"
"3168930167983","France"
"3168930168133","France"
"3168930170549","France"
"3168930171737","France"
"3168930173311","France"
"3174061039105","France"
"3174660084513","France"
"3175680011442","France"
"3175680011480","France"
"3175680011534","France"
"3175680012937","France"
"3175680015228","France"
"3175681026766","France"
"3175681028098","France"
"3175681028111","France"
"3175681037854","France"
"3175681037885","France"
"3175681039599","France"
"3175681066632","France"
"3175681077324","France"
"3175681105423","France"
"3175681110106","France"
"3175681116832","France"
"3175681116863","France"
"3175681132467","France"
"3175681134904","France"
"3175681134935","France"
"3175681135895","France"
"3175681170841","France"
"3175681170872","France"
"3175681209282","France"
"3175681216273","France"
"3175681257528","France"
"3175681257535","France"
"3175681257542","France"
"3175681257566","France"
"3175681259089","France"
"3175681261365","France"
"3175681261372","France"
"3175681272934","France"
"3175681280502","France"
"3175681290297","France"
"3175681290440","France"
"3175681297098","France"
"3175681297104","France"
"3175681302679","France"
"3175681308190","France"
"3175681851849","France"
"3175681851856","France"
"3175681851863","France"
"3176571983008","France"
"3176582033563","France"
"3178050000749","France"
"3178530402728","France"
"3178530405736","France"
"3178530405743","France"
"3178530407396","France"
"3178530410105","France"
"3178530410143","France"
"3178530423815","France"
"3182180001477","France"
"3182180001996","France"
"3182180002115","France"
"3182180002436","France"
"3182180002542","France"
"3182180060320","France"
"3182189999805","France"
"3183280001800","France"
"3184670001080","France"
"3187570015447","France"
"3187670002347","France"
"3228021170022","France"
"3228021170039","France"
"3228021170046","France"
"3228021170053","France"
"3228850006035","France"
"3228857000166","France"
"3228857000852","France"
"3228857000869","France"
"3228857000876","France"
"3228857000883","France"
"3228857000913","France"
"3228857001101","France"
"3228857001118","France"
"3228857001194","France"
"3228857001231","France"
"3228857001316","France"
"3228857001347","France"
"3228857002184","France"
"3228857002191","France"
"3228857002221","France"
"3228857002245","France"
"3228857002344","France"
"3228857002351","France"
"3229820004334","France"
"3229820019192","France"
"3229820019208","France"
"3229820019307","France"
"3229820019604","France"
"3229820021027","France"
"3229820100234","France"
"3229820116716","France"
"3229820129112","France"
"3229820129488","France"
"3229820160672","France"
"3229820181424","France"
"3229820181950","France"
"3229820762692","France"
"3229820769165","France"
"3229820782560","France"
"3229820783338","France"
"3229820783673","France"
"3229820784939","France"
"3229820786605","France"
"3229820787008","France"
"3229820787015","France"
"3229820787985","France"
"3229820789149","France"
"3229820791074","France"
"3229820791081","France"
"3229820792132","France"
"3229820794112","France"
"3229820794525","France"
"3229820794532","France"
"3229820794549","France"
"3229820794556","France"
"3229820794624","France"
"3229820794648","France"
"3229820796857","France"
"3229820797861","France"
"3229820797922","France"
"3229820797946","France"
"3229820798110","France"
"3229820800721","France"
"3229820801087","France"
"3229820802138","France"
"3236240070405","France"
"3240931547213","France"
"3240931548111","France"
"3240931548128","France"
"3240931548135","France"
"3242274002053","France"
"3242274030056","France"
"3242274034054","France"
"3245413451804","France"
"3245550078681","France"
"3248340054063","France"
"3248830000143","France"
"3248830000150","France"
"3250541920139","France"
"3251490307002","France"
"3251490320001","France"
"3251490332080","France"
"3251491787803","France"
"3251491787810","France"
"3254550006013","France"
"3256224080435","France"
"3256228686558","France"
"3256540000698","France"
"3256540001008","France"
"3256540001787","France"
"3256540002890","France"
"3257971309114","France"
"3259011799893","France"
"3259011799909","France"
"3263670115819","France"
"3263670162219","France"
"3265474000018","France"
"3265474573000","France"
"3268840001008","France"
"3270190021087","France"
"3270190025337","France"
"3270190127765","France"
"3272770004725","France"
"3272770015516","France"
"3272770015523","France"
"3272770016131","France"
"3272770094412","France"
"3272770095334","France"
"3272770096850","France"
"3272770096942","France"
"3272770097642","France"
"3272770098090","France"
"3273220012123","France"
"3273220541012","France"
"3274080005003","France"
"3278690085646","France"
"3278693504076","France"
"3281780893892","France"
"3281780893915","France"
"3284230006408","France"
"3284230011884","France"
"3292070001576","France"
"3292070005161","France"
"3302740021244","France"
"3302740025136","France"
"3302740039362","France"
"3302740047367","France"
"3302740047404","France"
"3302740050268","France"
"3302740057502","France"
"3302740058660","France"
"3302740059193","France"
"3302740087042","France"
"3302740087059","France"
"3302740087103","France"
"3302740100796","France"
"3307130803004","France"
"3322680010290","France"
"3327272107259","France"
"3327272107969","France"
"3329757002998","France"
"3329770051072","France"
"3329770051096","France"
"3329770073265","France"
"3329770076471","France"
"3329770077003","France"
"3329770083233","France"
"3330720237361","France"
"3330720237378","France"
"3330720244000","France"
"3330720244017","France"
"3336971805021","France"
"3336971805038","France"
"3336972109104","France"
"3336972306046","France"
"3362600011044","France"
"3362600011228","France"
"3366321051549","France"
"3366321051983","France"
"3366321052003","France"
"3366321052386","France"
"3366321053284","France"
"3366321053307","France"
"3380380046940","France"
"3380380047749","France"
"3380380048432","France"
"3387390019995","France"
"3387390123210","France"
"3387390326574","France"
"3390390000153","France"
"3392460480827","France"
"3392460481114","France"
"3392460510050","France"
"3392460511200","France"
"3412290070071","France"
"3412290070088","France"
"3412290070101","France"
"3412290070385","France"
"3412290071801","France"
"3421557110221","France"
"3421557110313","France"
"3421557501630","France"
"3421557501722","France"
"3421557501975","France"
"3421557502446","France"
"3421557502767","France"
"3421557910203","France"
"3428273980046","France"
"3451790439506","France"
"3451790988042","France"
"3451790988677","France"
"3451790988813","France"
"3456300002508","France"
"3456300014556","France"
"3468570116601","France"
"3478820005654","France"
"3478820023184","France"
"3478820600651","France"
"3480341000636","France"
"3480341000674","France"
"3480341000704","France"
"3497911105127","France"
"3497917000518","France"
"3497917000907","France"
"3497917002451","France"
"3497917002741","France"
"3502110009449","France"
"3523230028431","France"
"3523230030793","France"
"3560070157198","France"
"3560070308316","France"
"3560070614202","France"
"3560070669981","France"
"3560070845408","France"
"3560070879762","France"
"3560070910366","France"
"3560071010058","France"
"3560071014094","France"
"3560071232719","France"
"3560071407650","France"
"3560071507480","France"
"3564700005552","France"
"3564700007433","France"
"3564706604360","France"
"3564707000864","France"
"3571492210019","France"
"3587220002252","France"
"3587222521508","France"
"3599741003380","France"
"3599741006305","France"
"3599741006312","France"
"3600900011037","France"
"3608580065340","France"
"3608580065371","France"
"3608580124047","France"
"3608580124108","France"
"3608580142966","France"
"3608580157885","France"
"3608580758686","France"
"3608580789758","France"
"3608580823445","France"
"3608580823452","France"
"3608580823476","France"
"3608580823490","France"
"3608580890898","France"
"3660140948258","France"
"3661344221772","France"
"3661344221796","France"
"3661344288690","France"
"3661344688339","France"
"3664346305860","France"
"3664346306621","France"
"3700214611548","France"
"3700214614259","France"
"3700214614266","France"
"3760020500658","France"
"3760020507350","France"
"3760020508012","France"
"3760020508388","France"
"3760049790214","France"
"3760049790252","France"
"3760049790818","France"
"3760049791006","France"
"3760049794298","France"
"3760049794373","France"
"3760049795479","France"
"3760049796384","France"
"3760049797909","France"
"3760049798029","France"
"3760049798609","France"
"3760049798845","France"
"3760049798869","France"
"3760049798876","France"
"3760049798890","France"
"3760049799408","France"
"3760091720207","France"
"3760091721747","France"
"3760091722508","France"
"3760091724632","France"
"3760091726650","France"
"3760091726667","France"
"3760091727732","France"
"3760278866964","France"
"3760324300015","France"
"3760324300145","France"
"3760336830357","France"
"3760336830586","France"
"3760381260666","France"
"3760381260819","France"
"3770008009653","France"
"3770008009882","France"
"3770016162029","France"
"3770016162036","France"
"3770016162043","France"
"3770016162098","France"
"3770018078038","France"
"3770018078144","France"
"4002359006715","France"
"4006985906203","France"
"4008400163826","France"
"4008400260921","France"
"4008400401621","France"
"4008400404127","France"
"4012200032947","France"
"4014400400007","France"
"4056489007180","France"
"4056489028109","France"
"4056489039518","France"
"4056489141877","France"
"4056489235798","France"
"4056489254683","France"
"4056489296805","France"
"4056489300786","France"
"4056489346357","France"
"4056489366461","France"
"4056489367260","France"
"4056489369134","France"
"4056489424918","France"
"4056489471264","France"
"4056489491217","France"
"4056489546092","France"
"4056489620938","France"
"4056489682677","France"
"4056489721413","France"
"4056489843580","France"
"4056489997511","France"
"4058172309250","France"
"40896243","France"
"40897677","France"
"42105220","France"
"5000112611861","France"
"5000157024671","France"
"5000159492737","France"
"5000168198491","France"
"5000168198514","France"
"5010029000016","France"
"5010029000023","France"
"5010029229110","France"
"5010477348357","France"
"5010477348395","France"
"5010477348517","France"
"5010477348555","France"
"5010477348630","France"
"5010477348678","France"
"5010477354051","France"
"5010477356277","France"
"5010477360755","France"
"5010477365316","France"
"5013665115557","France"
"5013665115571","France"
"50184453","France"
"5050083296079","France"
"5053827110983","France"
"5053990101573","France"
"5053990101597","France"
"5053990107339","France"
"5053990107384","France"
"5053990127726","France"
"5053990127740","France"
"5053990155354","France"
"5053990156009","France"
"5053990161669","France"
"5059319023762","France"
"5059319025711","France"
"5060042641000","France"
"5060042641406","France"
"5060042641420","France"
"5060088700112","France"
"5060088706022","France"
"5060088707685","France"
"5061013962506","France"
"5410041001204","France"
"5410041005707","France"
"5410041010800","France"
"5410041040807","France"
"5410081200551","France"
"5410126116953","France"
"5410126706970","France"
"5410126806069","France"
"5410126832051","France"
"5410221305085","France"
"5411188110835","France"
"5411188110842","France"
"5411188112709","France"
"5411188115366","France"
"5411188115472","France"
"5411188116592","France"
"5411188118961","France"
"5411188119098","France"
"5411188125808","France"
"5411188128311","France"
"5411188137993","France"
"5449000000439","France"
"5449000000996","France"
"5449000015105","France"
"5449000036872","France"
"5449000036889","France"
"5449000036957","France"
"5449000054227","France"
"5449000061515","France"
"5449000131805","France"
"5449000131836","France"
"5449000132277","France"
"5449000133328","France"
"5449000147417","France"
"5449000206770","France"
"5449000214799","France"
"5449000214911","France"
"5449000232250","France"
"5449000232311","France"
"5449000267412","France"
"5449000334343","France"
"54491472","France"
"5900617002983","France"
"5900951311505","France"
"59032823","France"
"6111018903161","France"
"6111021026000","France"
"6111021090056","France"
"6111021090100","France"
"6111024001516","France"
"6111024004746","France"
"6111024004753","France"
"6111029000118","France"
"6111031005064","France"
"6111032002208","France"
"6111032002918","France"
"6111032002925","France"
"6111032002963","France"
"6111032004448","France"
"6111032006619","France"
"6111032006749","France"
"6111032007128","France"
"6111032008453","France"
"6111035000027","France"
"6111035000058","France"
"6111035000430","France"
"6111035001024","France"
"6111035002052","France"
"6111035002175","France"
"6111035003035","France"
"6111099000247","France"
"6111099000254","France"
"6111099000582","France"
"6111099000605","France"
"6111101001361","France"
"6111126001711","France"
"6111126001988","France"
"6111162000181","France"
"6111162000716","France"
"6111162000839","France"
"6111180000231","France"
"6111180000392","France"
"6111184000213","France"
"6111184001173","France"
"6111184001562","France"
"6111184004129","France"
"6111203001467","France"
"6111203005779","France"
"6111203006653","France"
"6111206000733","France"
"6111214004747","France"
"6111242100206","France"
"6111242100305","France"
"6111242100817","France"
"6111242100930","France"
"6111242100992","France"
"6111242102019","France"
"6111242102187","France"
"6111242102361","France"
"6111242102552","France"
"6111242103696","France"
"6111242104556","France"
"6111242106949","France"
"6111246721261","France"
"6111246721278","France"
"6111246721339","France"
"6111246721940","France"
"6111246722107","France"
"6111246910023","France"
"6111251420272","France"
"6111251754247","France"
"6111252421568","France"
"6111259092495","France"
"6111259343108","France"
"6111260550595","France"
"6111266962187","France"
"6111266963207","France"
"6130234001147","France"
"6132500711040","France"
"6191509900671","France"
"6191509900855","France"
"6410500090014","France"
"6923818812082","France"
"6923818881323","France"
"7300400481571","France"
"7300400481588","France"
"7300400481595","France"
"7300400483063","France"
"7311070032574","France"
"7311070032581","France"
"7311070032598","France"
"7311070032604","France"
"7311070032611","France"
"7311070362664","France"
"7394376616709","France"
"7610036002737","France"
"7610313390076","France"
"7613032779566","France"
"7613035040793","France"
"7613035040823","France"
"7613035449626","France"
"7613035648463","France"
"7613035648494","France"
"7613035694958","France"
"7613035694989","France"
"7613035859098","France"
"7613035866386","France"
"7613035898646","France"
"7613035937420","France"
"7613036021265","France"
"7613036249928","France"
"7613036669146","France"
"7613037397956","France"
"7613038954226","France"
"7613287514325","France"
"7614500010013","France"
"7622201133337","France"
"7622202023958","France"
"7622202028335","France"
"7622210100917","France"
"7622210103314","France"
"7622210204424","France"
"7622210416629","France"
"7622210416681","France"
"7622210421968","France"
"7622210422163","France"
"7622210444127","France"
"7622210444141","France"
"7622210449283","France"
"7622210449313","France"
"7622210450029","France"
"7622210476104","France"
"7622210476241","France"
"7622210476296","France"
"7622210578464","France"
"7622210584724","France"
"7622210601988","France"
"7622210713780","France"
"7622210713803","France"
"7622210713889","France"
"7622210713902","France"
"7622210713926","France"
"7622210724519","France"
"7622210770714","France"
"7622210869616","France"
"7622210941480","France"
"7622210988034","France"
"7622210995063","France"
"7622210995087","France"
"7622210995100","France"
"7622300336738","France"
"7622300441937","France"
"7622300685782","France"
"7622300689124","France"
"7622300694678","France"
"7622400006753","France"
"7622400013935","France"
"8000500082379","France"
"8000500267035","France"
"8000500269169","France"
"8000500273296","France"
"8000500310427","France"
"8000500426494","France"
"8000500435670","France"
"8001665726580","France"
"8002270014901","France"
"8002470023727","France"
"8005110517006","France"
"80052760","France"
"8008698005576","France"
"8010721001509","France"
"80176800","France"
"8024884500403","France"
"8024884600301","France"
"8052575090230","France"
"8052575090247","France"
"8052575090254","France"
"8052575090292","France"
"8052575090346","France"
"80761761","France"
"8076800195057","France"
"8076800376999","France"
"8076802085738","France"
"8076802085981","France"
"8076809513388","France"
"8076809513722","France"
"8076809513746","France"
"8076809513753","France"
"8076809517706","France"
"8076809517751","France"
"8076809523547","France"
"8076809529419","France"
"8076809529433","France"
"8076809543934","France"
"8076809545396","France"
"8076809573252","France"
"8402001010873","France"
"8410076470812","France"
"8410076472946","France"
"8410076472953","France"
"8410076481597","France"
"8410076601131","France"
"8410076601148","France"
"8410076610621","France"
"8410076610737","France"
"8410076610744","France"
"8410076801180","France"
"8410076801197","France"
"8410076901026","France"
"8410109121551","France"
"8410111000707","France"
"8410111211202","France"
"8410261643014","France"
"8410376009392","France"
"8410376009415","France"
"8410376026962","France"
"8410376033267","France"
"8410376040425","France"
"8410376047578","France"
"8412674005021","France"
"8420756010320","France"
"8425197712024","France"
"8434165437418","France"
"8445291061132","France"
"8445291659445","France"
"8480000095367","France"
"8480000823021","France"
"8710522920725","France"
"8710522922019","France"
"8711200548002","France"
"8711200584383","France"
"8711327615380","France"
"8712100338694","France"
"8712100441639","France"
"8712100724572","France"
"8712100731822","France"
"8712100751370","France"
"8715035110106","France"
"8715035130104","France"
"8715700017006","France"
"8715700112596","France"
"8715700407760","France"
"8715700421353","France"
"8715700423913","France"
"87157215","France"
"87157277","France"
"87157635","France"
"8718114734484","France"
"8719200012516","France"
"8719200012608","France"
"8719200031524","France"
"8719200251649","France"
"8719200251700","France"
"8720182460721","France"
"8720182556738","France"
"8720182557315","France"
"8720182557452","France"
"8721800402055","France"
"8722700113348","France"
"8722700197508","France"
"8886303210207","France"
"8886303210238","France"
"8964000577066","France"
"9002490100070","France"
"9002515601018","France"
"90338243","France"
"90382383","France"
"0011210697003","Germany"
"0022314010025","Germany"
"0037600106009","Germany"
"0037600106412","Germany"
"0037600110754","Germany"
"0043647868039","Germany"
"0046000815213","Germany"
"0051500240946","Germany"
"0051500255162","Germany"
"0068100084245","Germany"
"0078895126396","Germany"
"0097339000054","Germany"
"0612322000127","Germany"
"0747479000413","Germany"
"0898999000022","Germany"
"10614594","Germany"
"1103086260005","Germany"
"11044204","Germany"
"1230000168007","Germany"
"1234567890128","Germany"
"13356194","Germany"
"16811207","Germany"
"20000653","Germany"
"20000691","Germany"
"20001049","Germany"
"20002183","Germany"
"20002268","Germany"
"20003166","Germany"
"20003234","Germany"
"20003555","Germany"
"20003937","Germany"
"20004132","Germany"
"20004279","Germany"
"20004361","Germany"
"20005573","Germany"
"20005726","Germany"
"20005733","Germany"
"20005771","Germany"
"20005825","Germany"
"20005832","Germany"
"20006105","Germany"
"20006167","Germany"
"20006174","Germany"
"20019907","Germany"
"20022464","Germany"
"20023218","Germany"
"20029838","Germany"
"20036126","Germany"
"20037154","Germany"
"20047238","Germany"
"20047900","Germany"
"20051389","Germany"
"20052713","Germany"
"20057237","Germany"
"20063399","Germany"
"20072803","Germany"
"20095291","Germany"
"20103286","Germany"
"20103644","Germany"
"20114329","Germany"
"20114671","Germany"
"20115777","Germany"
"20116705","Germany"
"20144302","Germany"
"20146092","Germany"
"20150907","Germany"
"20153229","Germany"
"20155087","Germany"
"20159917","Germany"
"20163402","Germany"
"20164034","Germany"
"20164041","Germany"
"20166083","Germany"
"20170196","Germany"
"20171742","Germany"
"20171841","Germany"
"20173074","Germany"
"20177218","Germany"
"20179649","Germany"
"20191573","Germany"
"20198107","Germany"
"20198114","Germany"
"20202392","Germany"
"20202866","Germany"
"20205607","Germany"
"20267605","Germany"
"20275693","Germany"
"20276515","Germany"
"20276539","Germany"
"20283360","Germany"
"20326890","Germany"
"20333737","Germany"
"20343255","Germany"
"20353032","Germany"
"20353889","Germany"
"20416690","Germany"
"20425555","Germany"
"20443375","Germany"
"20468583","Germany"
"20474478","Germany"
"20481940","Germany"
"20487942","Germany"
"20521493","Germany"
"20534455","Germany"
"20534479","Germany"
"20558123","Germany"
"20559625","Germany"
"20621452","Germany"
"20621483","Germany"
"20622381","Germany"
"20633257","Germany"
"20681937","Germany"
"20692230","Germany"
"20706852","Germany"
"20724696","Germany"
"20757809","Germany"
"20772970","Germany"
"20775025","Germany"
"20815356","Germany"
"20815394","Germany"
"20815400","Germany"
"20815882","Germany"
"20816438","Germany"
"20816445","Germany"
"20840839","Germany"
"20856090","Germany"
"20879983","Germany"
"20884260","Germany"
"20884680","Germany"
"20884697","Germany"
"20917609","Germany"
"20917975","Germany"
"20918279","Germany"
"20941130","Germany"
"20955427","Germany"
"20995553","Germany"
"20995744","Germany"
"20995751","Germany"
"3011360030108","Germany"
"3017233001008","Germany"
"3017620421006","Germany"
"3017620425035","Germany"
"3017760000406","Germany"
"3017760038379","Germany"
"3019081238391","Germany"
"3019081238643","Germany"
"3019081241216","Germany"
"3023290030356","Germany"
"3023290030547","Germany"
"3023470001015","Germany"
"3027030016396","Germany"
"3029330004233","Germany"
"3033490004743","Germany"
"3033491213205","Germany"
"3033491235375","Germany"
"3033491454080","Germany"
"3033710084913","Germany"
"3036810201280","Germany"
"3036811460266","Germany"
"3038350013002","Germany"
"3038350015006","Germany"
"3038352876506","Germany"
"3038352880305","Germany"
"3038359004544","Germany"
"3038359005572","Germany"
"3038359011443","Germany"
"3038359011481","Germany"
"3038359011498","Germany"
"3039820540400","Germany"
"3039824100358","Germany"
"3043932232702","Germany"
"3043933232701","Germany"
"3045140105502","Germany"
"3045140118502","Germany"
"3045320001570","Germany"
"3045320074895","Germany"
"3045320517699","Germany"
"3046920010047","Germany"
"3046920010856","Germany"
"3046920016377","Germany"
"3046920022606","Germany"
"3046920022651","Germany"
"3046920028004","Germany"
"3046920028363","Germany"
"3046920028721","Germany"
"3046920029674","Germany"
"3046920029681","Germany"
"3046920029759","Germany"
"3046920042932","Germany"
"3057640186158","Germany"
"3057640257773","Germany"
"3068110703232","Germany"
"3068111752222","Germany"
"3068320124377","Germany"
"3073781131888","Germany"
"3073781131963","Germany"
"3073781192148","Germany"
"3080216049632","Germany"
"3083680025881","Germany"
"3083680613576","Germany"
"3083680652094","Germany"
"3083680918497","Germany"
"3083681037746","Germany"
"3083681040609","Germany"
"3083681094282","Germany"
"3083681095296","Germany"
"3083681120578","Germany"
"3083681139709","Germany"
"3083681139716","Germany"
"3083681139723","Germany"
"3088545004001","Germany"
"3088864620050","Germany"
"3092718637392","Germany"
"3092718637699","Germany"
"3109850018511","Germany"
"3111902100020","Germany"
"3124480184344","Germany"
"3155251205500","Germany"
"3159470000120","Germany"
"3159470001424","Germany"
"3161710000128","Germany"
"3161711001971","Germany"
"3165430501002","Germany"
"3165440006702","Germany"
"3165440008621","Germany"
"3165950216080","Germany"
"3165957813015","Germany"
"3165958350014","Germany"
"3168930009788","Germany"
"3168930010265","Germany"
"3174660032316","Germany"
"3174660084513","Germany"
"3175680011480","Germany"
"3175681116832","Germany"
"3175681851849","Germany"
"3178050000749","Germany"
"3178530402988","Germany"
"3178530402995","Germany"
"3178530403022","Germany"
"3178530408515","Germany"
"3178530422245","Germany"
"3179140123805","Germany"
"3179142054589","Germany"
"3182384011012","Germany"
"3183280000728","Germany"
"3183280012875","Germany"
"3184670007808","Germany"
"3192200002117","Germany"
"3223920620128","Germany"
"3223920700127","Germany"
"3228021000084","Germany"
"3228021170046","Germany"
"3228023230090","Germany"
"3228857000913","Germany"
"3229820019307","Germany"
"3229820762692","Germany"
"3242272346050","Germany"
"3242272347552","Germany"
"3245361001120","Germany"
"3245361002240","Germany"
"3245390028594","Germany"
"3245390068422","Germany"
"3245412542831","Germany"
"3245412542862","Germany"
"3250546095238","Germany"
"3250546610271","Germany"
"3252755150005","Germany"
"3252971341003","Germany"
"3254550020262","Germany"
"3256225042104","Germany"
"3256225436095","Germany"
"3256225722075","Germany"
"3261055420503","Germany"
"3261055930422","Germany"
"3263670008494","Germany"
"3263670111330","Germany"
"3263670127010","Germany"
"3265266075019","Germany"
"3265266075118","Germany"
"3265474000018","Germany"
"3266980138721","Germany"
"3268840001008","Germany"
"3270160717668","Germany"
"3272770014656","Germany"
"3272770015516","Germany"
"3272770015523","Germany"
"3272770016384","Germany"
"3274080005003","Germany"
"3280640653010","Germany"
"3329770080119","Germany"
"3330720251091","Germany"
"3336590104260","Germany"
"3387390326468","Germany"
"3387390339499","Germany"
"3412290015997","Germany"
"3412290016185","Germany"
"3412290070071","Germany"
"3415581101010","Germany"
"3422440006638","Germany"
"3451790563256","Germany"
"3451790961038","Germany"
"3451790988042","Germany"
"3472860408208","Germany"
"3478820043625","Germany"
"3478820600651","Germany"
"3483050001420","Germany"
"3487400000408","Germany"
"3497911101129","Germany"
"3498425591253","Germany"
"3502110008329","Germany"
"3502110009357","Germany"
"3523230030793","Germany"
"3560070972180","Germany"
"3564700010846","Germany"
"3564700291634","Germany"
"3564700568903","Germany"
"3564707000055","Germany"
"3564707087384","Germany"
"3587220002252","Germany"
"3599741006329","Germany"
"3600900005067","Germany"
"3600900006972","Germany"
"3600900011037","Germany"
"3608580758686","Germany"
"3608580758693","Germany"
"3660603004828","Germany"
"3664320011510","Germany"
"3760381260758","Germany"
"3800205875109","Germany"
"3800205875208","Germany"
"4000177211311","Germany"
"4000339035229","Germany"
"4000405002360","Germany"
"4000405004968","Germany"
"4000417702005","Germany"
"4000540000108","Germany"
"4000607852008","Germany"
"4001518117316","Germany"
"4001724038870","Germany"
"4001724038993","Germany"
"4001724039143","Germany"
"4001954161010","Germany"
"4001954165018","Germany"
"4002359018268","Germany"
"4002359660894","Germany"
"4002671157751","Germany"
"4003247102304","Germany"
"4003586101310","Germany"
"4004980401907","Germany"
"4005500310105","Germany"
"4006040007999","Germany"
"4006985902304","Germany"
"4008100151611","Germany"
"4008258051030","Germany"
"4008258052006","Germany"
"4008258065013","Germany"
"4008258074008","Germany"
"4008258107010","Germany"
"4008258130018","Germany"
"4008258150092","Germany"
"4008258154229","Germany"
"4008258185001","Germany"
"4008258274019","Germany"
"4008258276006","Germany"
"4008258442012","Germany"
"4008400163826","Germany"
"4008400221021","Germany"
"4008400221823","Germany"
"4008400260921","Germany"
"4008400401621","Germany"
"4008400401829","Germany"
"4008400402222","Germany"
"4008400404127","Germany"
"4008400409627","Germany"
"4008400828121","Germany"
"40084015","Germany"
"40084077","Germany"
"40084107","Germany"
"4008452010222","Germany"
"40084725","Germany"
"4008713713411","Germany"
"4012200032947","Germany"
"4012200040263","Germany"
"4012359111104","Germany"
"4012359113108","Germany"
"4012359114303","Germany"
"4012359133007","Germany"
"4012359144003","Germany"
"4012359144102","Germany"
"4012860003110","Germany"
"4014400400007","Germany"
"4014400932959","Germany"
"40144382","Germany"
"40144450","Germany"
"4014500520179","Germany"
"4017100370007","Germany"
"4017100376108","Germany"
"4017100706004","Germany"
"40193151","Germany"
"4025500287955","Germany"
"4027400148008","Germany"
"4029764001807","Germany"
"4032277007211","Germany"
"4033634061020","Germany"
"40349558","Germany"
"4056489007166","Germany"
"4056489009184","Germany"
"4056489009191","Germany"
"4056489012788","Germany"
"4056489018636","Germany"
"4056489028109","Germany"
"4056489033042","Germany"
"4056489041313","Germany"
"4056489041320","Germany"
"4056489095736","Germany"
"4056489104254","Germany"
"4056489108375","Germany"
"4056489126669","Germany"
"4056489135524","Germany"
"4056489135623","Germany"
"4056489135760","Germany"
"4056489163534","Germany"
"4056489166856","Germany"
"4056489182528","Germany"
"4056489183631","Germany"
"4056489192923","Germany"
"4056489209980","Germany"
"4056489216162","Germany"
"4056489216223","Germany"
"4056489216230","Germany"
"4056489232872","Germany"
"4056489238072","Germany"
"4056489254157","Germany"
"4056489254676","Germany"
"4056489254683","Germany"
"4056489258346","Germany"
"4056489258353","Germany"
"4056489273264","Germany"
"4056489296805","Germany"
"4056489300786","Germany"
"4056489336136","Germany"
"4056489346357","Germany"
"4056489357117","Germany"
"4056489379737","Germany"
"4056489387602","Germany"
"4056489406662","Germany"
"4056489412175","Germany"
"4056489416951","Germany"
"4056489424918","Germany"
"4056489424925","Germany"
"4056489440116","Germany"
"4056489467953","Germany"
"4056489471264","Germany"
"4056489472261","Germany"
"4056489495369","Germany"
"4056489530268","Germany"
"4056489564737","Germany"
"4056489617181","Germany"
"4056489620938","Germany"
"4056489678151","Germany"
"4056489682677","Germany"
"4056489685937","Germany"
"4056489687641","Germany"
"4056489695370","Germany"
"4056489703990","Germany"
"4056489719618","Germany"
"4056489719694","Germany"
"4056489721413","Germany"
"4056489724070","Germany"
"4056489764762","Germany"
"4056489774747","Germany"
"4056489774754","Germany"
"4056489801771","Germany"
"4056489814764","Germany"
"4056489849742","Germany"
"4056489882367","Germany"
"4056489920007","Germany"
"4056489920045","Germany"
"4056489955016","Germany"
"4056489955177","Germany"
"4056489962991","Germany"
"4056489983477","Germany"
"4056489983507","Germany"
"4056489989363","Germany"
"4056489997511","Germany"
"4056489997665","Germany"
"4058172309250","Germany"
"4058172922077","Germany"
"4061458024068","Germany"
"4061458047685","Germany"
"4066447468342","Germany"
"4066447562644","Germany"
"4066447646283","Germany"
"4066600603405","Germany"
"40822938","Germany"
"40893532","Germany"
"40896243","Germany"
"40897677","Germany"
"4100290080389","Germany"
"42105220","Germany"
"4335619014404","Germany"
"4335619014442","Germany"
"4335619014459","Germany"
"4335619014480","Germany"
"4335619022119","Germany"
"4335619022126","Germany"
"4335619057487","Germany"
"4335619110694","Germany"
"4335619185227","Germany"
"4335619201859","Germany"
"4337256112925","Germany"
"4337256686464","Germany"
"4337256690508","Germany"
"5000111041836","Germany"
"5000112546415","Germany"
"5000112558265","Germany"
"5000112611311","Germany"
"5000157024671","Germany"
"5000157024886","Germany"
"5000157062673","Germany"
"5000157073020","Germany"
"5000157143037","Germany"
"5000159492737","Germany"
"5000159528481","Germany"
"5000159555500","Germany"
"5000159557702","Germany"
"5000159557771","Germany"
"5000159558280","Germany"
"5000159560498","Germany"
"5000159568395","Germany"
"5000168036755","Germany"
"5000184321071","Germany"
"5000396021202","Germany"
"5010029000023","Germany"
"5010029201246","Germany"
"5010029227062","Germany"
"5010477348678","Germany"
"5011157888101","Germany"
"5011308700375","Germany"
"50147588","Germany"
"50157617","Germany"
"50184453","Germany"
"5022019090204","Germany"
"5035139217604","Germany"
"5053827101424","Germany"
"5053827156189","Germany"
"5053827199667","Germany"
"5053990101542","Germany"
"5053990107292","Germany"
"5053990107339","Germany"
"5053990107384","Germany"
"5053990127665","Germany"
"5053990127726","Germany"
"5053990127740","Germany"
"5053990155354","Germany"
"5053990161607","Germany"
"5053990161935","Germany"
"5053990161966","Germany"
"5053990167807","Germany"
"5053990167845","Germany"
"5053990175888","Germany"
"5053990175949","Germany"
"5053990182077","Germany"
"5056315500891","Germany"
"5059319024349","Germany"
"5060042641000","Germany"
"5060042641406","Germany"
"5060042641413","Germany"
"5060042641420","Germany"
"5060042641437","Germany"
"5060088706534","Germany"
"5060088707661","Germany"
"5060092030977","Germany"
"5060108450348","Germany"
"5060108450386","Germany"
"5060337220415","Germany"
"5060337500401","Germany"
"5060482841565","Germany"
"5202390015885","Germany"
"5202390020407","Germany"
"5202390024214","Germany"
"5391532121710","Germany"
"5391532124162","Germany"
"5400101076556","Germany"
"5407003034752","Germany"
"5410041001204","Germany"
"5410041010800","Germany"
"5410041066005","Germany"
"5410041472509","Germany"
"5410126004021","Germany"
"5410126006049","Germany"
"5410126006353","Germany"
"5410126006360","Germany"
"5410126116953","Germany"
"5411188102809","Germany"
"5411188110835","Germany"
"5411188110842","Germany"
"5411188112709","Germany"
"5411188112747","Germany"
"5411188115366","Germany"
"5411188115472","Germany"
"5411188115533","Germany"
"5411188116592","Germany"
"5411188118961","Germany"
"5411188119098","Germany"
"5411188120742","Germany"
"5411188121213","Germany"
"5411188122661","Germany"
"5411188124269","Germany"
"5411188124689","Germany"
"5411188124702","Germany"
"5411188124726","Germany"
"5411188125808","Germany"
"5411188127697","Germany"
"5411188128311","Germany"
"5411188128588","Germany"
"5411188128649","Germany"
"5411188130031","Germany"
"5411188130055","Germany"
"5411188131380","Germany"
"5411188134985","Germany"
"5411188135005","Germany"
"5411188136347","Germany"
"5411188137993","Germany"
"5411188138013","Germany"
"5411188138099","Germany"
"5413548283128","Germany"
"5425600101370","Germany"
"5425600102483","Germany"
"5449000000439","Germany"
"5449000000996","Germany"
"5449000004840","Germany"
"5449000006271","Germany"
"5449000011527","Germany"
"5449000017888","Germany"
"5449000052926","Germany"
"5449000054227","Germany"
"5449000130389","Germany"
"5449000131805","Germany"
"5449000131836","Germany"
"5449000131843","Germany"
"5449000133328","Germany"
"5449000133335","Germany"
"5449000169327","Germany"
"5449000214799","Germany"
"5449000214911","Germany"
"5449000223555","Germany"
"5449000233295","Germany"
"5449000267412","Germany"
"54491472","Germany"
"5701977000097","Germany"
"5711953068881","Germany"
"5711953103766","Germany"
"5900020043481","Germany"
"5900020043504","Germany"
"5900020043832","Germany"
"5900020045133","Germany"
"5900512300108","Germany"
"5900531000010","Germany"
"5900617012197","Germany"
"5900617034809","Germany"
"5900951311321","Germany"
"5900951311505","Germany"
"5900951313592","Germany"
"59032823","Germany"
"5941868200087","Germany"
"6111035000058","Germany"
"6111255771196","Germany"
"6111266960336","Germany"
"6111266960725","Germany"
"6194049100105","Germany"
"6410500090014","Germany"
"6921804700269","Germany"
"7300400114714","Germany"
"7300400118101","Germany"
"7300400118118","Germany"
"7311070019780","Germany"
"7311070362664","Germany"
"7394376616228","Germany"
"7394376616501","Germany"
"7394376621932","Germany"
"7610058207714","Germany"
"7610700603024","Germany"
"7612100907603","Germany"
"7612100909591","Germany"
"7613035040793","Germany"
"7613035040823","Germany"
"7613035544482","Germany"
"7613035898646","Germany"
"7614500010013","Germany"
"7614500010310","Germany"
"7622201127206","Germany"
"7622210100917","Germany"
"7622210137258","Germany"
"7622210396334","Germany"
"7622210449283","Germany"
"7622210449931","Germany"
"7622300315733","Germany"
"7622300336738","Germany"
"7622300441937","Germany"
"7622300744663","Germany"
"7622300784751","Germany"
"8000430137866","Germany"
"8000430138719","Germany"
"8000430172010","Germany"
"8000500037874","Germany"
"8000500082379","Germany"
"8000500166697","Germany"
"8000500179864","Germany"
"8000500217078","Germany"
"8000500227848","Germany"
"8000500267035","Germany"
"8000500267103","Germany"
"8000500269169","Germany"
"8000500272442","Germany"
"8000500273296","Germany"
"8000500273883","Germany"
"8000500309469","Germany"
"8000500310427","Germany"
"8000500359556","Germany"
"8000500359815","Germany"
"8000500385807","Germany"
"8000500390306","Germany"
"8000500391228","Germany"
"8000500408162","Germany"
"8000500415573","Germany"
"8000500425183","Germany"
"8000500426449","Germany"
"8000500426494","Germany"
"8000500435472","Germany"
"8000500435618","Germany"
"8000500435731","Germany"
"8001010076568","Germany"
"8001060000933","Germany"
"8001230000787","Germany"
"8001250120076","Germany"
"8001250120120","Germany"
"8001250120342","Germany"
"8001250120410","Germany"
"8002190020167","Germany"
"8002724002966","Germany"
"8002885004557","Germany"
"80042532","Germany"
"80042563","Germany"
"8005110000775","Germany"
"8005110001673","Germany"
"8005110060007","Germany"
"8005110170300","Germany"
"8005110171215","Germany"
"8005110171710","Germany"
"8005110172106","Germany"
"8005110413520","Germany"
"8005110517006","Germany"
"8005110518003","Germany"
"8005110519000","Germany"
"8005110551215","Germany"
"8005110630408","Germany"
"80053835","Germany"
"8007990406982","Germany"
"8008343200134","Germany"
"8008343200486","Germany"
"8008343200660","Germany"
"8008343200851","Germany"
"8008343201179","Germany"
"8008698005491","Germany"
"8008698005576","Germany"
"8008698007303","Germany"
"8008698011683","Germany"
"8008698022214","Germany"
"8009750923845","Germany"
"8010721001509","Germany"
"8013355999143","Germany"
"8017596057105","Germany"
"80176800","Germany"
"80177609","Germany"
"80177616","Germany"
"80310891","Germany"
"80751151","Germany"
"80761761","Germany"
"8076800105056","Germany"
"8076800105735","Germany"
"8076800195019","Germany"
"8076800195033","Germany"
"8076800195057","Germany"
"8076800376999","Germany"
"8076802085738","Germany"
"8076802085912","Germany"
"8076802085981","Germany"
"8076808050440","Germany"
"8076808140325","Germany"
"8076808150072","Germany"
"8076808890015","Germany"
"8076809504720","Germany"
"8076809504751","Germany"
"8076809512268","Germany"
"8076809513388","Germany"
"8076809513692","Germany"
"8076809513715","Germany"
"8076809513722","Germany"
"8076809513746","Germany"
"8076809513753","Germany"
"8076809514439","Germany"
"8076809517751","Germany"
"8076809521543","Germany"
"8076809521581","Germany"
"8076809523509","Germany"
"8076809523547","Germany"
"8076809523714","Germany"
"8076809523738","Germany"
"8076809529419","Germany"
"8076809529433","Germany"
"8076809535755","Germany"
"8076809537711","Germany"
"8076809545396","Germany"
"8076809545440","Germany"
"8076809545457","Germany"
"8076809545488","Germany"
"8076809572569","Germany"
"8076809573252","Germany"
"8076809574082","Germany"
"8076809574631","Germany"
"8076809576574","Germany"
"8076809576598","Germany"
"8076809578264","Germany"
"8076809578356","Germany"
"8076809578363","Germany"
"8076809579100","Germany"
"8076809579438","Germany"
"8076809580618","Germany"
"8076809580724","Germany"
"8076809581318","Germany"
"8076809581868","Germany"
"8076809582643","Germany"
"8076809584548","Germany"
"8076809585866","Germany"
"8076809585873","Germany"
"8076809586177","Germany"
"80798026","Germany"
"80809180","Germany"
"8402001009266","Germany"
"8410066118700","Germany"
"8410066139231","Germany"
"8410076470553","Germany"
"8410076481597","Germany"
"8410076481757","Germany"
"8410076801180","Germany"
"8410076801197","Germany"
"8410076801203","Germany"
"8410076901033","Germany"
"8410100020549","Germany"
"8410376042481","Germany"
"8410376042498","Germany"
"8421384009724","Germany"
"8434165443358","Germany"
"8437020396028","Germany"
"8445290157348","Germany"
"8445290728791","Germany"
"8480000054647","Germany"
"8480000137388","Germany"
"8480000156624","Germany"
"8480000156648","Germany"
"8480000171283","Germany"
"8480000180186","Germany"
"8480000232649","Germany"
"8480000390325","Germany"
"8480000510525","Germany"
"8690508101426","Germany"
"8710522921500","Germany"
"87108026","Germany"
"8711000522967","Germany"
"8711100080060","Germany"
"8711200584383","Germany"
"8711299021004","Germany"
"8711327370708","Germany"
"8711327373105","Germany"
"8711327608665","Germany"
"8711327611924","Germany"
"8712100338694","Germany"
"8712100338724","Germany"
"8712100441660","Germany"
"8712100724572","Germany"
"8712566246496","Germany"
"8712566361601","Germany"
"8712857005900","Germany"
"8714100846155","Germany"
"8714100846179","Germany"
"8715035110106","Germany"
"8715035110205","Germany"
"8715035110502","Germany"
"8715035110809","Germany"
"8715035130104","Germany"
"8715035130302","Germany"
"8715035210301","Germany"
"8715035250307","Germany"
"8715700016504","Germany"
"8715700017006","Germany"
"8715700112596","Germany"
"8715700117140","Germany"
"8715700117829","Germany"
"8715700407760","Germany"
"8715700421957","Germany"
"87157215","Germany"
"87157239","Germany"
"87157277","Germany"
"87157857","Germany"
"8718114734484","Germany"
"8719200233041","Germany"
"8719200261464","Germany"
"8719200262140","Germany"
"8719200282612","Germany"
"8720182460721","Germany"
"8720182461247","Germany"
"8720182556738","Germany"
"8720182557452","Germany"
"8722700430889","Germany"
"8801073110502","Germany"
"8801073113893","Germany"
"8801073116467","Germany"
"8801073116474","Germany"
"8852018101017","Germany"
"8852018101055","Germany"
"8853662056005","Germany"
"8853662056012","Germany"
"8853662056661","Germany"
"9002490100070","Germany"
"9002490205973","Germany"
"90162565","Germany"
"90162800","Germany"
"94001129","Germany"
"9780201379624","Germany"
"0070450020873","Greece"
"0818290011589","Greece"
"0818290016652","Greece"
"1005242110004","Greece"
"1504476540002","Greece"
"20015855","Greece"
"20026172","Greece"
"20026394","Greece"
"20036454","Greece"
"20046064","Greece"
"20080754","Greece"
"20128784","Greece"
"20154196","Greece"
"20176808","Greece"
"20189235","Greece"
"20202866","Greece"
"20251635","Greece"
"20255428","Greece"
"20262969","Greece"
"20269937","Greece"
"20272760","Greece"
"20285685","Greece"
"20352066","Greece"
"20399405","Greece"
"20444112","Greece"
"20466190","Greece"
"20531805","Greece"
"20548834","Greece"
"20560768","Greece"
"20582012","Greece"
"20621483","Greece"
"20645892","Greece"
"20652784","Greece"
"20654351","Greece"
"20710279","Greece"
"20724696","Greece"
"20815882","Greece"
"20851750","Greece"
"20993481","Greece"
"20993504","Greece"
"3046920028721","Greece"
"3073781094930","Greece"
"3073781160482","Greece"
"3073781192148","Greece"
"3073781192216","Greece"
"3083680025881","Greece"
"3083680836371","Greece"
"3083681003949","Greece"
"3083681030990","Greece"
"3083681032345","Greece"
"3083681068184","Greece"
"3092718638894","Greece"
"3161910340130","Greece"
"3273227083324","Greece"
"3304360000142","Greece"
"3387390320008","Greece"
"3387390326468","Greece"
"3387390331523","Greece"
"3387390331660","Greece"
"3415581152920","Greece"
"3560070046478","Greece"
"3560070204908","Greece"
"3560070316243","Greece"
"3560070614202","Greece"
"3560070759927","Greece"
"3560071018689","Greece"
"3800048203015","Greece"
"3800209838650","Greece"
"3800230253019","Greece"
"3800232731027","Greece"
"3800233070026","Greece"
"3800233070040","Greece"
"3800233070071","Greece"
"3800233076592","Greece"
"3800233076691","Greece"
"3800233076707","Greece"
"4000339695027","Greece"
"4000339697908","Greece"
"4000417025005","Greece"
"4000512363835","Greece"
"4001686705315","Greece"
"4001724039389","Greece"
"4009900416276","Greece"
"4009900418126","Greece"
"4012359110107","Greece"
"4012359111104","Greece"
"4012359113405","Greece"
"4012359114907","Greece"
"4012359133007","Greece"
"4012359144003","Greece"
"4016337912486","Greece"
"40257389","Greece"
"4044889004601","Greece"
"4044889004649","Greece"
"4056489018636","Greece"
"4056489024279","Greece"
"4056489041313","Greece"
"4056489041320","Greece"
"4056489091585","Greece"
"4056489091936","Greece"
"4056489108122","Greece"
"4056489108160","Greece"
"4056489108214","Greece"
"4056489125532","Greece"
"4056489125624","Greece"
"4056489190240","Greece"
"4056489190943","Greece"
"4056489209997","Greece"
"4056489216162","Greece"
"4056489232872","Greece"
"4056489254157","Greece"
"4056489254683","Greece"
"4056489263777","Greece"
"4056489296805","Greece"
"4056489300786","Greece"
"4056489346357","Greece"
"4056489356042","Greece"
"4056489357117","Greece"
"4056489366461","Greece"
"4056489375197","Greece"
"4056489380986","Greece"
"4056489381419","Greece"
"4056489381587","Greece"
"4056489406679","Greece"
"4056489423867","Greece"
"4056489424918","Greece"
"4056489424925","Greece"
"4056489440598","Greece"
"4056489464976","Greece"
"4056489465249","Greece"
"4056489470847","Greece"
"4056489476672","Greece"
"4056489482017","Greece"
"4056489602873","Greece"
"4056489602910","Greece"
"4056489602927","Greece"
"4056489602934","Greece"
"4056489603337","Greece"
"4056489617198","Greece"
"4056489639145","Greece"
"4056489654582","Greece"
"4056489672111","Greece"
"4056489704782","Greece"
"4056489771333","Greece"
"4056489771449","Greece"
"4056489772163","Greece"
"4056489772729","Greece"
"4056489773047","Greece"
"4056489789291","Greece"
"4056489822448","Greece"
"4056489822646","Greece"
"4056489834267","Greece"
"4056489905547","Greece"
"4056489905981","Greece"
"4056489906889","Greece"
"4056489907060","Greece"
"4056489907732","Greece"
"4056489918196","Greece"
"4056489923282","Greece"
"4056489927129","Greece"
"4056489973935","Greece"
"40804071","Greece"
"40896243","Greece"
"4100290077617","Greece"
"4260024180089","Greece"
"4260556672540","Greece"
"4335619069961","Greece"
"4335619073456","Greece"
"4335619082601","Greece"
"4335619091832","Greece"
"4335619097575","Greece"
"4335619098176","Greece"
"4335619098602","Greece"
"4335619166097","Greece"
"4335619231009","Greece"
"4335619299504","Greece"
"4771218200969","Greece"
"4820192262118","Greece"
"49814521","Greece"
"5000108022824","Greece"
"5000159335737","Greece"
"5000169235973","Greece"
"5010029000092","Greece"
"5010029231090","Greece"
"5012501022097","Greece"
"5012501022141","Greece"
"5012501034076","Greece"
"5012501057037","Greece"
"5012501081049","Greece"
"5012501081100","Greece"
"5012501081148","Greece"
"5024278003117","Greece"
"5053827101424","Greece"
"5053827185356","Greece"
"5053990127726","Greece"
"5053990127740","Greece"
"5053990168675","Greece"
"5054267006102","Greece"
"5059319020709","Greece"
"5059319020730","Greece"
"5059319020792","Greece"
"5059319020822","Greece"
"5059319024592","Greece"
"5059319024905","Greece"
"5059319035772","Greece"
"5060100603278","Greece"
"5060166693534","Greece"
"5060166697365","Greece"
"5060337501125","Greece"
"5060639121670","Greece"
"5060878780744","Greece"
"5200100937472","Greece"
"5200100937489","Greece"
"5200100937496","Greece"
"5200100937502","Greece"
"5200100939728","Greece"
"5200100941608","Greece"
"5200100942438","Greece"
"5200100942452","Greece"
"5200100942513","Greece"
"5200100945125","Greece"
"5200100947921","Greece"
"5200100947945","Greece"
"5200104802912","Greece"
"5200106870018","Greece"
"5200106870377","Greece"
"5200106871329","Greece"
"5200106871572","Greece"
"5200106872722","Greece"
"5200108385084","Greece"
"5200120690029","Greece"
"5200125351734","Greece"
"5200132753880","Greece"
"5200132753903","Greece"
"5200132754030","Greece"
"5200132754054","Greece"
"5200132754115","Greece"
"5200132754139","Greece"
"5200132754450","Greece"
"5200300115007","Greece"
"5200334220012","Greece"
"5200378901809","Greece"
"5201002000011","Greece"
"5201002000103","Greece"
"5201002000233","Greece"
"5201002002138","Greece"
"5201002002503","Greece"
"5201002002886","Greece"
"5201002003043","Greece"
"5201002004798","Greece"
"5201002005313","Greece"
"5201002005368","Greece"
"5201002009007","Greece"
"5201002011024","Greece"
"5201004020338","Greece"
"5201004020758","Greece"
"5201004020840","Greece"
"5201004021076","Greece"
"5201004021328","Greece"
"5201004021755","Greece"
"5201004022141","Greece"
"5201004022158","Greece"
"5201004022165","Greece"
"5201004022189","Greece"
"5201004022448","Greece"
"5201004022455","Greece"
"5201004023360","Greece"
"5201004028112","Greece"
"5201004028280","Greece"
"5201004031044","Greece"
"5201004031747","Greece"
"5201004040541","Greece"
"5201004040626","Greece"
"5201004040633","Greece"
"5201004040640","Greece"
"5201004042484","Greece"
"5201004042927","Greece"
"5201004043726","Greece"
"5201004046161","Greece"
"5201004055040","Greece"
"5201004056474","Greece"
"5201004058294","Greece"
"5201004058744","Greece"
"5201004059086","Greece"
"5201004059123","Greece"
"5201004059178","Greece"
"5201004059222","Greece"
"5201004059239","Greece"
"5201004059277","Greece"
"5201004066473","Greece"
"5201004066831","Greece"
"5201004066930","Greece"
"5201004154835","Greece"
"5201004156655","Greece"
"5201004166449","Greece"
"5201004166494","Greece"
"5201004354822","Greece"
"5201004541444","Greece"
"5201005001466","Greece"
"5201005001473","Greece"
"5201005004443","Greece"
"5201005074163","Greece"
"5201005079373","Greece"
"5201005080034","Greece"
"5201008001104","Greece"
"5201008418520","Greece"
"5201010015083","Greece"
"5201010144523","Greece"
"5201013012508","Greece"
"5201024002192","Greece"
"5201024009054","Greece"
"5201024009672","Greece"
"5201024010463","Greece"
"5201024010531","Greece"
"5201024511397","Greece"
"5201024512189","Greece"
"5201024782018","Greece"
"5201024782117","Greece"
"5201024786054","Greece"
"5201024865032","Greece"
"5201024865179","Greece"
"5201024865186","Greece"
"5201024865193","Greece"
"5201024865209","Greece"
"5201024865216","Greece"
"5201024865353","Greece"
"5201024865377","Greece"
"5201031250708","Greece"
"5201031300045","Greece"
"5201031300052","Greece"
"5201037403306","Greece"
"5201037404129","Greece"
"5201037404792","Greece"
"5201037404945","Greece"
"5201037507745","Greece"
"5201037507905","Greece"
"5201037508452","Greece"
"5201037508896","Greece"
"5201037509107","Greece"
"5201037509121","Greece"
"5201037509138","Greece"
"5201037510127","Greece"
"5201037712996","Greece"
"5201037713009","Greece"
"5201037713030","Greece"
"5201044011785","Greece"
"5201049132218","Greece"
"5201049211210","Greece"
"5201049211425","Greece"
"5201049404001","Greece"
"5201049404018","Greece"
"5201049404155","Greece"
"5201050111042","Greece"
"5201054001240","Greece"
"5201054001318","Greece"
"5201054002094","Greece"
"5201054002711","Greece"
"5201054004524","Greece"
"5201054004531","Greece"
"5201054004906","Greece"
"5201054017432","Greece"
"5201057011413","Greece"
"5201057011543","Greece"
"5201057012113","Greece"
"5201059017444","Greece"
"5201066003003","Greece"
"5201066012029","Greece"
"5201066012371","Greece"
"5201066012685","Greece"
"5201066012722","Greece"
"5201066111128","Greece"
"5201066171771","Greece"
"5201080102706","Greece"
"5201080102713","Greece"
"5201080113238","Greece"
"5201080113245","Greece"
"5201083325256","Greece"
"5201083335231","Greece"
"5201083347135","Greece"
"5201083347531","Greece"
"5201083350241","Greece"
"5201083351484","Greece"
"5201083351958","Greece"
"5201083352047","Greece"
"5201083352054","Greece"
"5201083352061","Greece"
"5201098110106","Greece"
"5201106271270","Greece"
"5201106272765","Greece"
"5201125003609","Greece"
"5201127013101","Greece"
"5201127013415","Greece"
"5201127019462","Greece"
"5201127030245","Greece"
"5201127034045","Greece"
"5201127092212","Greece"
"5201127092229","Greece"
"5201127092236","Greece"
"5201156031961","Greece"
"5201156039653","Greece"
"5201156130817","Greece"
"5201156172565","Greece"
"5201156851552","Greece"
"5201156933227","Greece"
"5201168415148","Greece"
"5201168415865","Greece"
"5201168515138","Greece"
"5201168715217","Greece"
"5201182023053","Greece"
"5201182023220","Greece"
"5201182036114","Greece"
"5201182083231","Greece"
"5201182083255","Greece"
"5201193100019","Greece"
"5201193101061","Greece"
"5201193106011","Greece"
"5201193106028","Greece"
"5201193106172","Greece"
"5201193111916","Greece"
"5201193111961","Greece"
"5201193120123","Greece"
"5201193121700","Greece"
"5201193206841","Greece"
"5201219000101","Greece"
"5201219488794","Greece"
"5201219488800","Greece"
"5201219488978","Greece"
"5201261031030","Greece"
"5201261801008","Greece"
"5201310000864","Greece"
"5201340000018","Greece"
"5201340000094","Greece"
"5201340011106","Greece"
"5201340065024","Greece"
"5201360528561","Greece"
"5201360655731","Greece"
"5201383506799","Greece"
"5201415200770","Greece"
"5201415201982","Greece"
"5201415204174","Greece"
"5201415204679","Greece"
"5201415204822","Greece"
"5201415204969","Greece"
"5201415205737","Greece"
"5201415205836","Greece"
"5201415207199","Greece"
"5201458210064","Greece"
"5201485000034","Greece"
"5201485000188","Greece"
"5201485005589","Greece"
"5201485009020","Greece"
"5201485009044","Greece"
"5201485009181","Greece"
"5201485009358","Greece"
"5201485009365","Greece"
"5201494920064","Greece"
"5201502110050","Greece"
"5201502210019","Greece"
"5201502210026","Greece"
"5201502210057","Greece"
"5201502211047","Greece"
"5201502240016","Greece"
"5201502240047","Greece"
"5201502310030","Greece"
"5201502310047","Greece"
"5201583085919","Greece"
"5201627019887","Greece"
"5201673001034","Greece"
"5201673001041","Greece"
"5201673001058","Greece"
"5201673001140","Greece"
"5201673001652","Greece"
"5201673005216","Greece"
"5201673005254","Greece"
"5201673005315","Greece"
"5201673005407","Greece"
"5201673005452","Greece"
"5201673005605","Greece"
"5201673006503","Greece"
"5201673006572","Greece"
"5201673006947","Greece"
"5201673006954","Greece"
"5201673007319","Greece"
"5201673007326","Greece"
"5201673011248","Greece"
"5201673100768","Greece"
"5201673100799","Greece"
"5201704064694","Greece"
"5201882006646","Greece"
"5201882006721","Greece"
"5201946900613","Greece"
"5201946900798","Greece"
"5202082002247","Greece"
"5202082002452","Greece"
"5202082002469","Greece"
"5202082002476","Greece"
"5202082002490","Greece"
"5202132010277","Greece"
"5202132074392","Greece"
"5202132074736","Greece"
"5202132135437","Greece"
"5202175000938","Greece"
"5202175001522","Greece"
"5202175002116","Greece"
"5202175002192","Greece"
"5202178000331","Greece"
"5202178000607","Greece"
"5202178001208","Greece"
"5202178001956","Greece"
"5202178002199","Greece"
"5202178002274","Greece"
"5202178002793","Greece"
"5202178004964","Greece"
"5202178005671","Greece"
"5202178007934","Greece"
"5202178008276","Greece"
"5202178009006","Greece"
"5202178010705","Greece"
"5202178012020","Greece"
"5202178012037","Greece"
"5202178040177","Greece"
"5202178070037","Greece"
"5202178082559","Greece"
"5202178083440","Greece"
"5202178083747","Greece"
"5202178300004","Greece"
"5202178305078","Greece"
"5202214000011","Greece"
"5202234140193","Greece"
"5202234143088","Greece"
"5202234160610","Greece"
"5202234610931","Greece"
"5202234611433","Greece"
"5202234620923","Greece"
"5202234630380","Greece"
"5202234631998","Greece"
"5202234632001","Greece"
"5202234632155","Greece"
"5202258025803","Greece"
"5202336076260","Greece"
"5202390021640","Greece"
"5202390030611","Greece"
"5202474070014","Greece"
"5202474090210","Greece"
"5202535177003","Greece"
"5202535177010","Greece"
"5202535177034","Greece"
"5202535177058","Greece"
"5202535177065","Greece"
"5202535179113","Greece"
"5202535179120","Greece"
"5202535179151","Greece"
"5202535179175","Greece"
"5202535179267","Greece"
"5202558081349","Greece"
"5202576043626","Greece"
"5202576097759","Greece"
"5202576099104","Greece"
"5202576203587","Greece"
"5202576250048","Greece"
"5202576300989","Greece"
"5202576308015","Greece"
"5202576308046","Greece"
"5202576309357","Greece"
"5202576309463","Greece"
"5202576475137","Greece"
"5202576602380","Greece"
"5202576630383","Greece"
"5202576630390","Greece"
"5202576630482","Greece"
"5202576633865","Greece"
"5202576682429","Greece"
"5202632001003","Greece"
"5202646000016","Greece"
"5202646000955","Greece"
"5202646001136","Greece"
"5202646001747","Greece"
"5202646002577","Greece"
"5202646002836","Greece"
"5202646003659","Greece"
"5202646003970","Greece"
"5202772236129","Greece"
"5202877000762","Greece"
"5203064001180","Greece"
"5203064004501","Greece"
"5203064006574","Greece"
"5203064006796","Greece"
"5203064006802","Greece"
"5203064006925","Greece"
"5203064008424","Greece"
"5203064008905","Greece"
"5203064008943","Greece"
"5203064008967","Greece"
"5203064009124","Greece"
"5203149001456","Greece"
"5203149005362","Greece"
"5203190210012","Greece"
"5203342100024","Greece"
"5203927556796","Greece"
"5203927556802","Greece"
"5203927999883","Greece"
"5203967687269","Greece"
"5204193811282","Greece"
"5204193812289","Greece"
"5204193814290","Greece"
"5204193820406","Greece"
"5204193840404","Greece"
"5204193840411","Greece"
"5204193848110","Greece"
"5204217919710","Greece"
"5204610000848","Greece"
"5204653003448","Greece"
"5204653003547","Greece"
"5204710062067","Greece"
"5206542000699","Greece"
"5206546000329","Greece"
"5206546002286","Greece"
"5206674102001","Greece"
"5206674102032","Greece"
"5206851036860","Greece"
"5206851036884","Greece"
"5206851036891","Greece"
"5206851071489","Greece"
"5206851071496","Greece"
"5208046020289","Greece"
"5208046020296","Greece"
"5208046088951","Greece"
"5208046089163","Greece"
"5208046089170","Greece"
"5208046089798","Greece"
"5208046090985","Greece"
"5208046258750","Greece"
"5208056061012","Greece"
"5208056061029","Greece"
"5208056061128","Greece"
"5208056074067","Greece"
"5208069003160","Greece"
"5208069003313","Greece"
"5208069003320","Greece"
"52100482","Greece"
"5212002253420","Greece"
"5214001318711","Greece"
"5291732000498","Greece"
"5410126116953","Greece"
"5410126716016","Greece"
"5410673006943","Greece"
"5410673007056","Greece"
"5410673007261","Greece"
"5411188110835","Greece"
"5411188112709","Greece"
"5411188114666","Greece"
"5411188124726","Greece"
"5411188128311","Greece"
"5411188130055","Greece"
"5411188133476","Greece"
"5411188136613","Greece"
"5411188140368","Greece"
"5411188300328","Greece"
"5411188543381","Greece"
"5449000000439","Greece"
"5449000054227","Greece"
"5449000131836","Greece"
"5449000133328","Greece"
"5449000133335","Greece"
"5449000214775","Greece"
"5449000214799","Greece"
"5449000214829","Greece"
"5449000214911","Greece"
"5449000220950","Greece"
"5449000227041","Greece"
"5449000233295","Greece"
"5449000233332","Greece"
"5449000233356","Greece"
"5449000233417","Greece"
"5449000236197","Greece"
"5449000272218","Greece"
"5449000272256","Greece"
"5449000335906","Greece"
"5449000335951","Greece"
"5449000336019","Greece"
"54490086","Greece"
"54491472","Greece"
"57027920","Greece"
"5708776000860","Greece"
"5711953071751","Greece"
"5711953117312","Greece"
"5711953158421","Greece"
"5711953158452","Greece"
"5740900401662","Greece"
"5740900403772","Greece"
"5740900837317","Greece"
"5760466401043","Greece"
"5900020025395","Greece"
"5900020025401","Greece"
"5900020030405","Greece"
"5900020043481","Greece"
"5900125001836","Greece"
"5900125008453","Greece"
"5900259118639","Greece"
"5900531001512","Greece"
"5900617039798","Greece"
"5900783009908","Greece"
"5900820015978","Greece"
"5908230521522","Greece"
"5908260251963","Greece"
"5908260251970","Greece"
"5941035012642","Greece"
"5941664011726","Greece"
"5949040201044","Greece"
"5949040202058","Greece"
"5949065022310","Greece"
"5998710962426","Greece"
"5998711723491","Greece"
"5999884034209","Greece"
"5999884034469","Greece"
"6210241014276","Greece"
"6410500090014","Greece"
"6413300018042","Greece"
"7300400114714","Greece"
"7300400114745","Greece"
"7300400118101","Greece"
"7610200314017","Greece"
"7613031467303","Greece"
"7613033213342","Greece"
"7613033667640","Greece"
"7613034152381","Greece"
"7613035578555","Greece"
"7613036679978","Greece"
"7622201125608","Greece"
"7622201126032","Greece"
"7622201126131","Greece"
"7622201389345","Greece"
"7622201803469","Greece"
"7622202011726","Greece"
"7622202014918","Greece"
"7622202017827","Greece"
"7622202021527","Greece"
"7622202038686","Greece"
"7622202039188","Greece"
"7622202207310","Greece"
"7622202214394","Greece"
"7622210249227","Greece"
"7622210717986","Greece"
"7622210787460","Greece"
"7622210948779","Greece"
"7622300160692","Greece"
"7622300166854","Greece"
"7622300336738","Greece"
"7622300444181","Greece"
"7622300464349","Greece"
"7622300464356","Greece"
"7622300489434","Greece"
"76224904","Greece"
"7630428785185","Greece"
"8000500071083","Greece"
"8000500310427","Greece"
"8000550502803","Greece"
"8002670004205","Greece"
"8004030357532","Greece"
"8004030381681","Greece"
"80052333","Greece"
"80052760","Greece"
"8010265640202","Greece"
"8010265645207","Greece"
"80135876","Greece"
"80176800","Greece"
"80177616","Greece"
"8032958468788","Greece"
"80753605","Greece"
"8076800195057","Greece"
"8076800376999","Greece"
"8076808150072","Greece"
"8076809513456","Greece"
"8076809513722","Greece"
"8076809513746","Greece"
"8076809514064","Greece"
"8076809523547","Greece"
"8076809572569","Greece"
"8076809580410","Greece"
"8410076481597","Greece"
"8410076481757","Greece"
"8410076600479","Greece"
"8410076600790","Greece"
"8410076801180","Greece"
"8410188012092","Greece"
"8410376015515","Greece"
"8410376040913","Greece"
"8410376047035","Greece"
"8410376052893","Greece"
"8410525178085","Greece"
"8414192348499","Greece"
"8414474131337","Greece"
"84164391","Greece"
"8445290728791","Greece"
"8445291484634","Greece"
"8590421061831","Greece"
"8590421061848","Greece"
"8590421062685","Greece"
"8590421068571","Greece"
"8590421070512","Greece"
"8600197470512","Greece"
"8606018701520","Greece"
"8710100103410","Greece"
"8710912042907","Greece"
"8710912525097","Greece"
"8711200400393","Greece"
"8711327420618","Greece"
"8712566134144","Greece"
"8712566385188","Greece"
"8715300303332","Greece"
"8715300303349","Greece"
"8715700110196","Greece"
"8715700112923","Greece"
"8715700112930","Greece"
"8715700421582","Greece"
"87157635","Greece"
"8716200054782","Greece"
"8716200615020","Greece"
"8716200615129","Greece"
"87162660","Greece"
"8718114717029","Greece"
"8718114717081","Greece"
"8718114717128","Greece"
"8718114720784","Greece"
"8718114721019","Greece"
"8719200267763","Greece"
"8720182308078","Greece"
"8720182586001","Greece"
"8720608019441","Greece"
"8721201922268","Greece"
"8722700001232","Greece"
"8722700491194","Greece"
"8722700498339","Greece"
"8722700498704","Greece"
"8722700498728","Greece"
"8722700775386","Greece"
"8723400938910","Greece"
"8723400938941","Greece"
"8723400939146","Greece"
"90162602","Greece"
"9020200010907","Greece"
"9020200017609","Greece"
"9421009030316","Greece"
"0024463062801","Hungary"
"0613008753320","Hungary"
"0613008768843","Hungary"
"1204835920000","Hungary"
"1703543090000","Hungary"
"1903749190003","Hungary"
"20000639","Hungary"
"20001407","Hungary"
"20001582","Hungary"
"20002077","Hungary"
"20002190","Hungary"
"20002305","Hungary"
"20002589","Hungary"
"20003234","Hungary"
"20003258","Hungary"
"20003326","Hungary"
"20003395","Hungary"
"20003470","Hungary"
"20004354","Hungary"
"20005825","Hungary"
"20006167","Hungary"
"20006228","Hungary"
"20014384","Hungary"
"20017088","Hungary"
"20029845","Hungary"
"20032982","Hungary"
"20034184","Hungary"
"20039486","Hungary"
"20039547","Hungary"
"20039929","Hungary"
"20044749","Hungary"
"20047238","Hungary"
"20047559","Hungary"
"20048686","Hungary"
"20052454","Hungary"
"20052942","Hungary"
"20058548","Hungary"
"20058623","Hungary"
"20063757","Hungary"
"20071080","Hungary"
"20071127","Hungary"
"20076092","Hungary"
"20084431","Hungary"
"20092665","Hungary"
"20094508","Hungary"
"20096410","Hungary"
"20098285","Hungary"
"20101053","Hungary"
"20105204","Hungary"
"20107338","Hungary"
"20110482","Hungary"
"20117153","Hungary"
"20118761","Hungary"
"20121556","Hungary"
"20122805","Hungary"
"20123093","Hungary"
"20123109","Hungary"
"20126919","Hungary"
"20147471","Hungary"
"20153366","Hungary"
"20155810","Hungary"
"20156213","Hungary"
"20166083","Hungary"
"20174552","Hungary"
"20186289","Hungary"
"20192716","Hungary"
"20196301","Hungary"
"20198107","Hungary"
"20213114","Hungary"
"20219901","Hungary"
"20220211","Hungary"
"20225087","Hungary"
"20243135","Hungary"
"20247874","Hungary"
"20247942","Hungary"
"20251635","Hungary"
"20255428","Hungary"
"20267605","Hungary"
"20270032","Hungary"
"20280239","Hungary"
"20281151","Hungary"
"20284329","Hungary"
"20303822","Hungary"
"20303839","Hungary"
"20310615","Hungary"
"20329211","Hungary"
"20347529","Hungary"
"20364618","Hungary"
"20367343","Hungary"
"20387594","Hungary"
"20402013","Hungary"
"20436322","Hungary"
"20442767","Hungary"
"20443382","Hungary"
"20444112","Hungary"
"20452735","Hungary"
"20466190","Hungary"
"20484804","Hungary"
"20488703","Hungary"
"20491598","Hungary"
"20499822","Hungary"
"20503581","Hungary"
"20510114","Hungary"
"20529963","Hungary"
"20531072","Hungary"
"20536350","Hungary"
"20553036","Hungary"
"20570095","Hungary"
"20603373","Hungary"
"20612610","Hungary"
"20622411","Hungary"
"20622671","Hungary"
"20628130","Hungary"
"20683894","Hungary"
"20684181","Hungary"
"20684204","Hungary"
"20706869","Hungary"
"20724696","Hungary"
"20755256","Hungary"
"20755270","Hungary"
"20760991","Hungary"
"20761776","Hungary"
"20771126","Hungary"
"20805845","Hungary"
"20809676","Hungary"
"20815394","Hungary"
"20849924","Hungary"
"20859664","Hungary"
"20880514","Hungary"
"20934804","Hungary"
"20948405","Hungary"
"20950170","Hungary"
"20955427","Hungary"
"20961022","Hungary"
"20962227","Hungary"
"20962470","Hungary"
"20962517","Hungary"
"20995720","Hungary"
"2200255573054","Hungary"
"24078498","Hungary"
"3045140105502","Hungary"
"3046920028004","Hungary"
"3046920028363","Hungary"
"3046920028370","Hungary"
"3073780839631","Hungary"
"3083680002875","Hungary"
"3083680003629","Hungary"
"3083680009508","Hungary"
"3083680090742","Hungary"
"3083680495882","Hungary"
"3083680538404","Hungary"
"3083680973038","Hungary"
"3083681003963","Hungary"
"3083681068146","Hungary"
"3083681068184","Hungary"
"3083681139709","Hungary"
"3083681139716","Hungary"
"3083681152333","Hungary"
"3083681157888","Hungary"
"3083681163155","Hungary"
"3083681165296","Hungary"
"3083681181036","Hungary"
"3596710335510","Hungary"
"3596710363575","Hungary"
"3596710364787","Hungary"
"3596710442393","Hungary"
"3596710468027","Hungary"
"3596710517442","Hungary"
"3609200009126","Hungary"
"3700123300014","Hungary"
"3700977700046","Hungary"
"3800061603328","Hungary"
"3800200450967","Hungary"
"3800205875109","Hungary"
"3800205877578","Hungary"
"3800233070033","Hungary"
"3800233070071","Hungary"
"3800233070118","Hungary"
"3800233074208","Hungary"
"3850104050565","Hungary"
"3850104051029","Hungary"
"3858884600932","Hungary"
"4000417023001","Hungary"
"4000417701008","Hungary"
"4000512015062","Hungary"
"4000521020224","Hungary"
"4000521035853","Hungary"
"4000522064890","Hungary"
"4001686005927","Hungary"
"4002671123701","Hungary"
"4002971253207","Hungary"
"4006814001529","Hungary"
"4008400290126","Hungary"
"4008400401621","Hungary"
"4008400553023","Hungary"
"40084725","Hungary"
"40084794","Hungary"
"4008569001014","Hungary"
"4009900406918","Hungary"
"4009900412087","Hungary"
"4009900412117","Hungary"
"4009900484695","Hungary"
"40111216","Hungary"
"4011800567415","Hungary"
"4011800588113","Hungary"
"4014400400007","Hungary"
"4014400901405","Hungary"
"4014400934038","Hungary"
"4014500504520","Hungary"
"4014500511658","Hungary"
"4014500512976","Hungary"
"4014500512990","Hungary"
"4014500515502","Hungary"
"4014500517278","Hungary"
"4014500517711","Hungary"
"4014500519180","Hungary"
"4023600013368","Hungary"
"4023800012833","Hungary"
"4025500135614","Hungary"
"4025500276423","Hungary"
"4052917024804","Hungary"
"4056489009184","Hungary"
"4056489009214","Hungary"
"4056489018636","Hungary"
"4056489028109","Hungary"
"4056489036371","Hungary"
"4056489038597","Hungary"
"4056489041320","Hungary"
"4056489041917","Hungary"
"4056489042952","Hungary"
"4056489063513","Hungary"
"4056489063773","Hungary"
"4056489064169","Hungary"
"4056489070252","Hungary"
"4056489071037","Hungary"
"4056489071297","Hungary"
"4056489096627","Hungary"
"4056489104230","Hungary"
"4056489108160","Hungary"
"4056489108375","Hungary"
"4056489114710","Hungary"
"4056489117728","Hungary"
"4056489150398","Hungary"
"4056489156628","Hungary"
"4056489157427","Hungary"
"4056489158172","Hungary"
"4056489158196","Hungary"
"4056489158363","Hungary"
"4056489158448","Hungary"
"4056489178811","Hungary"
"4056489181286","Hungary"
"4056489195917","Hungary"
"4056489216155","Hungary"
"4056489216216","Hungary"
"4056489244707","Hungary"
"4056489254157","Hungary"
"4056489258353","Hungary"
"4056489270294","Hungary"
"4056489271314","Hungary"
"4056489271321","Hungary"
"4056489271758","Hungary"
"4056489273264","Hungary"
"4056489296805","Hungary"
"4056489300786","Hungary"
"4056489303930","Hungary"
"4056489332398","Hungary"
"4056489332848","Hungary"
"4056489336136","Hungary"
"4056489337126","Hungary"
"4056489346074","Hungary"
"4056489346357","Hungary"
"4056489346364","Hungary"
"4056489375197","Hungary"
"4056489406921","Hungary"
"4056489413455","Hungary"
"4056489424918","Hungary"
"4056489424925","Hungary"
"4056489440512","Hungary"
"4056489451020","Hungary"
"4056489456544","Hungary"
"4056489467953","Hungary"
"4056489483489","Hungary"
"4056489486701","Hungary"
"4056489580591","Hungary"
"4056489599302","Hungary"
"4056489640868","Hungary"
"4056489658474","Hungary"
"4056489682677","Hungary"
"4056489683070","Hungary"
"4056489715917","Hungary"
"4056489716341","Hungary"
"4056489724360","Hungary"
"4056489724391","Hungary"
"4056489745518","Hungary"
"4056489811275","Hungary"
"4056489813842","Hungary"
"4056489827443","Hungary"
"4056489827702","Hungary"
"4056489827757","Hungary"
"4056489827870","Hungary"
"4056489827900","Hungary"
"4056489828105","Hungary"
"4056489828112","Hungary"
"4056489829485","Hungary"
"4056489829614","Hungary"
"4056489829638","Hungary"
"4056489830054","Hungary"
"4056489830092","Hungary"
"4056489870081","Hungary"
"4056489918196","Hungary"
"4056489918530","Hungary"
"4056489920052","Hungary"
"4056489924234","Hungary"
"4056489924258","Hungary"
"4056489966494","Hungary"
"4056489966517","Hungary"
"4056489966722","Hungary"
"4056489973010","Hungary"
"4056489989363","Hungary"
"4058172307348","Hungary"
"4058172716232","Hungary"
"4061459043419","Hungary"
"4061459044270","Hungary"
"4061459206333","Hungary"
"4061459306071","Hungary"
"4061459443943","Hungary"
"4061459477979","Hungary"
"4061459498158","Hungary"
"4061459535938","Hungary"
"4061459599770","Hungary"
"4061459675412","Hungary"
"4061459743111","Hungary"
"4061459754773","Hungary"
"4061459811506","Hungary"
"4061461531003","Hungary"
"4061461561024","Hungary"
"4061462232213","Hungary"
"4061462240133","Hungary"
"4061462302794","Hungary"
"4061462501173","Hungary"
"4061462582868","Hungary"
"4061462615481","Hungary"
"4061462625589","Hungary"
"4061463186799","Hungary"
"4061463380098","Hungary"
"4061464268623","Hungary"
"4062800006206","Hungary"
"4066447422825","Hungary"
"4066447524413","Hungary"
"4066447524772","Hungary"
"4066447677003","Hungary"
"4066447732559","Hungary"
"4066447816181","Hungary"
"4067517001131","Hungary"
"4067796000221","Hungary"
"4067796000245","Hungary"
"4067796066760","Hungary"
"40822938","Hungary"
"40858029","Hungary"
"40858210","Hungary"
"40858227","Hungary"
"40875125","Hungary"
"40875583","Hungary"
"4088500661385","Hungary"
"4088600330037","Hungary"
"40893532","Hungary"
"4099200011479","Hungary"
"4099200015828","Hungary"
"4099200017150","Hungary"
"4099200018713","Hungary"
"4099200028019","Hungary"
"4099200034966","Hungary"
"4099200034980","Hungary"
"4099200059310","Hungary"
"4099200063560","Hungary"
"4099200122731","Hungary"
"4099200122762","Hungary"
"4099200172026","Hungary"
"4099200243870","Hungary"
"4099200701769","Hungary"
"4104420031661","Hungary"
"4104420248861","Hungary"
"42070351","Hungary"
"42244035","Hungary"
"42247371","Hungary"
"42274377","Hungary"
"42356127","Hungary"
"4260183211334","Hungary"
"4304493266490","Hungary"
"4305615666785","Hungary"
"4305615678276","Hungary"
"4305615837918","Hungary"
"4305615847603","Hungary"
"4316268671347","Hungary"
"4335619009264","Hungary"
"4335619009318","Hungary"
"4335619031616","Hungary"
"4335619038592","Hungary"
"4335619047228","Hungary"
"4335619058750","Hungary"
"4335619069961","Hungary"
"4335619082960","Hungary"
"4335619150737","Hungary"
"4337185458927","Hungary"
"4337185531873","Hungary"
"4337185626104","Hungary"
"4337185667954","Hungary"
"4337185667992","Hungary"
"4337185832888","Hungary"
"4337185857768","Hungary"
"4337185886065","Hungary"
"4337256212526","Hungary"
"4337256220200","Hungary"
"4337256551793","Hungary"
"4337256770941","Hungary"
"4337256778817","Hungary"
"4337256857338","Hungary"
"4337256898799","Hungary"
"4388860237597","Hungary"
"4388860604467","Hungary"
"4601512005291","Hungary"
"4751007732994","Hungary"
"4751007735223","Hungary"
"4770179182826","Hungary"
"4770190038430","Hungary"
"4771218201935","Hungary"
"4820048617390","Hungary"
"4820206080066","Hungary"
"4823077630392","Hungary"
"4823077634222","Hungary"
"4823077646287","Hungary"
"5000112670233","Hungary"
"5000112670240","Hungary"
"5000112682458","Hungary"
"5000159407236","Hungary"
"5000159459228","Hungary"
"5000159461122","Hungary"
"5000159500258","Hungary"
"5000159500845","Hungary"
"5000184321552","Hungary"
"5000354915673","Hungary"
"5011308610032","Hungary"
"5034444101318","Hungary"
"5051007115445","Hungary"
"5051007161633","Hungary"
"5051007165143","Hungary"
"5053990101573","Hungary"
"5053990101597","Hungary"
"5053990106981","Hungary"
"5056784901090","Hungary"
"5060057801192","Hungary"
"5060309490044","Hungary"
"5060309490488","Hungary"
"5060561603138","Hungary"
"5061013945837","Hungary"
"5061013945868","Hungary"
"5061013946001","Hungary"
"5061013947213","Hungary"
"50985104","Hungary"
"5201050111042","Hungary"
"5201704054183","Hungary"
"5400101173699","Hungary"
"54088191","Hungary"
"5410041435702","Hungary"
"5410046020248","Hungary"
"5410363000626","Hungary"
"5411188110835","Hungary"
"5411188112549","Hungary"
"5411188112709","Hungary"
"5411188115366","Hungary"
"5411188116592","Hungary"
"5411188120742","Hungary"
"5411188120988","Hungary"
"5411188126393","Hungary"
"5411188126430","Hungary"
"5411188128311","Hungary"
"5411188128700","Hungary"
"5411188131458","Hungary"
"5411188134985","Hungary"
"5412514333324","Hungary"
"5412514932022","Hungary"
"5413548280189","Hungary"
"5449000054227","Hungary"
"5449000130389","Hungary"
"5449000131836","Hungary"
"5449000132499","Hungary"
"5449000132505","Hungary"
"5449000133328","Hungary"
"5449000147042","Hungary"
"5449000214799","Hungary"
"5449000214805","Hungary"
"5449000214911","Hungary"
"5449000227553","Hungary"
"5449000236623","Hungary"
"5449000237040","Hungary"
"54490697","Hungary"
"54491472","Hungary"
"5712840020111","Hungary"
"5740900400849","Hungary"
"5740900402133","Hungary"
"5760466612999","Hungary"
"5900020016201","Hungary"
"5900020027061","Hungary"
"5900020027467","Hungary"
"5900020027481","Hungary"
"5900020027696","Hungary"
"5900020038555","Hungary"
"5900020043191","Hungary"
"5900020043481","Hungary"
"5900120016811","Hungary"
"5900247000786","Hungary"
"5900247001196","Hungary"
"5900259353276","Hungary"
"5900497311014","Hungary"
"5900497611503","Hungary"
"5900910000037","Hungary"
"5900928002795","Hungary"
"5900951247897","Hungary"
"5900951310454","Hungary"
"5901067461108","Hungary"
"5901104005302","Hungary"
"5901154042005","Hungary"
"5901713001245","Hungary"
"5901882120198","Hungary"
"5904358566612","Hungary"
"5904988124688","Hungary"
"5907070001010","Hungary"
"5907627470306","Hungary"
"5907653104725","Hungary"
"5941021022563","Hungary"
"5941168000233","Hungary"
"5941311009076","Hungary"
"5941355005324","Hungary"
"5941355017068","Hungary"
"5941634005144","Hungary"
"5941868201046","Hungary"
"5941904700021","Hungary"
"5942289002847","Hungary"
"5949040203000","Hungary"
"5990031646634","Hungary"
"5990031646641","Hungary"
"5990031646658","Hungary"
"5992895005862","Hungary"
"5993330000022","Hungary"
"5993330000039","Hungary"
"5993330000053","Hungary"
"5993330000077","Hungary"
"5993330000138","Hungary"
"5993330000190","Hungary"
"5993330003382","Hungary"
"5995663909096","Hungary"
"5995663973011","Hungary"
"5996253001008","Hungary"
"5996253001541","Hungary"
"5996253001978","Hungary"
"5996253002210","Hungary"
"5996379000411","Hungary"
"59969242","Hungary"
"59969778","Hungary"
"5997003581139","Hungary"
"5997003584789","Hungary"
"5997010301126","Hungary"
"5997010301133","Hungary"
"5997010301195","Hungary"
"5997010302048","Hungary"
"5997010302239","Hungary"
"5997010303229","Hungary"
"5997010303267","Hungary"
"5997010303281","Hungary"
"5997010304561","Hungary"
"5997010305094","Hungary"
"5997010305186","Hungary"
"5997010307944","Hungary"
"5997010309085","Hungary"
"5997148701881","Hungary"
"5997148701904","Hungary"
"5997148702352","Hungary"
"5997148703601","Hungary"
"5997264103958","Hungary"
"5997264104573","Hungary"
"5997264159320","Hungary"
"5997312702065","Hungary"
"5997312706018","Hungary"
"5997312762465","Hungary"
"5997347540144","Hungary"
"5997347540151","Hungary"
"5997347540298","Hungary"
"5997347541073","Hungary"
"5997347541790","Hungary"
"5997347542049","Hungary"
"5997347542759","Hungary"
"5997347542766","Hungary"
"5997347542902","Hungary"
"5997347543169","Hungary"
"5997347544166","Hungary"
"5997347544173","Hungary"
"5997347544289","Hungary"
"5997347544395","Hungary"
"5997347556800","Hungary"
"5997380352865","Hungary"
"5997380352872","Hungary"
"5997465370258","Hungary"
"5997523300012","Hungary"
"5997523328238","Hungary"
"5997523335212","Hungary"
"5997536134314","Hungary"
"5997642500270","Hungary"
"5997956701097","Hungary"
"5998003124104","Hungary"
"5998200140181","Hungary"
"5998200450402","Hungary"
"5998200460197","Hungary"
"5998200466687","Hungary"
"5998200481178","Hungary"
"5998200481192","Hungary"
"5998200483783","Hungary"
"5998200484209","Hungary"
"5998200557088","Hungary"
"5998200557682","Hungary"
"5998200560521","Hungary"
"5998200564338","Hungary"
"5998200569609","Hungary"
"5998200744013","Hungary"
"5998200749032","Hungary"
"5998200750502","Hungary"
"5998201002907","Hungary"
"5998201080394","Hungary"
"5998201214416","Hungary"
"5998201225405","Hungary"
"5998201228352","Hungary"
"5998201449993","Hungary"
"5998202940109","Hungary"
"5998202942448","Hungary"
"5998208925995","Hungary"
"5998208926435","Hungary"
"5998216704803","Hungary"
"5998279181177","Hungary"
"5998304057927","Hungary"
"5998400303867","Hungary"
"5998400304130","Hungary"
"5998400305151","Hungary"
"5998400305519","Hungary"
"5998400306745","Hungary"
"5998400307667","Hungary"
"5998400307698","Hungary"
"5998400308985","Hungary"
"5998400310902","Hungary"
"5998400310926","Hungary"
"5998400311541","Hungary"
"5998400311961","Hungary"
"5998400313897","Hungary"
"5998571525020","Hungary"
"5998704303242","Hungary"
"5998711388928","Hungary"
"5998711388935","Hungary"
"5998711388942","Hungary"
"5998711389000","Hungary"
"5998711723491","Hungary"
"5998815123081","Hungary"
"5998815123142","Hungary"
"5998815123166","Hungary"
"5998815124224","Hungary"
"5998821515832","Hungary"
"5998828512568","Hungary"
"5998828512629","Hungary"
"5998858706883","Hungary"
"5999033877039","Hungary"
"5999033884259","Hungary"
"5999033895026","Hungary"
"5999033896351","Hungary"
"5999033896719","Hungary"
"5999076223619","Hungary"
"5999076225064","Hungary"
"5999076228379","Hungary"
"5999076236688","Hungary"
"5999076238477","Hungary"
"5999076239894","Hungary"
"5999100027626","Hungary"
"5999139403316","Hungary"
"5999546790078","Hungary"
"5999559314889","Hungary"
"5999566100239","Hungary"
"5999571050598","Hungary"
"5999571050611","Hungary"
"5999571052486","Hungary"
"5999571052783","Hungary"
"5999571057009","Hungary"
"5999860497073","Hungary"
"5999860497097","Hungary"
"5999860497646","Hungary"
"5999860692089","Hungary"
"5999862168339","Hungary"
"5999884034209","Hungary"
"5999884034445","Hungary"
"5999884034506","Hungary"
"5999884034612","Hungary"
"5999885257157","Hungary"
"5999885257164","Hungary"
"5999885319039","Hungary"
"5999885747085","Hungary"
"5999885747733","Hungary"
"5999885917617","Hungary"
"5999885917655","Hungary"
"5999885917679","Hungary"
"5999885917761","Hungary"
"5999887702464","Hungary"
"6420211000332","Hungary"
"6957735788861","Hungary"
"7300400112734","Hungary"
"7300400118101","Hungary"
"7312930005585","Hungary"
"7312930010886","Hungary"
"7350054797498","Hungary"
"7350104401085","Hungary"
"7610036002744","Hungary"
"7613287424600","Hungary"
"7622200007769","Hungary"
"7622201120931","Hungary"
"7622201137526","Hungary"
"7622201392215","Hungary"
"7622201685768","Hungary"
"7622201760229","Hungary"
"7622202237744","Hungary"
"7622202251597","Hungary"
"7622202265648","Hungary"
"7622202308727","Hungary"
"7622210078988","Hungary"
"7622210145390","Hungary"
"7622210180278","Hungary"
"7622210248671","Hungary"
"7622210277503","Hungary"
"7622210411679","Hungary"
"7622210449283","Hungary"
"7622210653215","Hungary"
"7622210669315","Hungary"
"7622210690883","Hungary"
"7622210835338","Hungary"
"7622300026752","Hungary"
"7622300134532","Hungary"
"7622300617820","Hungary"
"7622300784751","Hungary"
"8000212030033","Hungary"
"8000500023976","Hungary"
"8000500082379","Hungary"
"8000500267035","Hungary"
"8000500269169","Hungary"
"8000500309469","Hungary"
"8000500350768","Hungary"
"8000500390306","Hungary"
"80008859","Hungary"
"8001860252938","Hungary"
"8003340093000","Hungary"
"8003340097916","Hungary"
"8003490037800","Hungary"
"8003490037909","Hungary"
"8003490038005","Hungary"
"8004030546004","Hungary"
"80052043","Hungary"
"80052760","Hungary"
"80052807","Hungary"
"8005510004113","Hungary"
"8006165418638","Hungary"
"8007990404964","Hungary"
"8007990406982","Hungary"
"8008698002070","Hungary"
"8008698007303","Hungary"
"8008698024188","Hungary"
"8009004800496","Hungary"
"8010445004596","Hungary"
"80135876","Hungary"
"80135944","Hungary"
"8017596106131","Hungary"
"80176800","Hungary"
"80177609","Hungary"
"8019315070341","Hungary"
"8019428000013","Hungary"
"8019428007289","Hungary"
"80761761","Hungary"
"8076800376999","Hungary"
"8076809529433","Hungary"
"80895237","Hungary"
"8410376036169","Hungary"
"8410376037784","Hungary"
"8410376042481","Hungary"
"8410376047578","Hungary"
"8410376050936","Hungary"
"8424536921462","Hungary"
"8424536938668","Hungary"
"8445290167170","Hungary"
"8445290384669","Hungary"
"8445290942319","Hungary"
"8445291036192","Hungary"
"8445291036635","Hungary"
"8584004010200","Hungary"
"8585002505415","Hungary"
"8585002595065","Hungary"
"8586000510760","Hungary"
"8593893007468","Hungary"
"8593893007499","Hungary"
"8594002780487","Hungary"
"8594008040202","Hungary"
"8594012792104","Hungary"
"8594014869842","Hungary"
"8594071650018","Hungary"
"8594157871351","Hungary"
"8594157871511","Hungary"
"8594157872280","Hungary"
"8594403310115","Hungary"
"8595564510536","Hungary"
"8600105005010","Hungary"
"8600498170029","Hungary"
"8606012185067","Hungary"
"8680201451850","Hungary"
"8710411045263","Hungary"
"8710522976876","Hungary"
"8710604742658","Hungary"
"8710604742900","Hungary"
"8710671003232","Hungary"
"8710671088901","Hungary"
"8711200405879","Hungary"
"8711327535268","Hungary"
"8711327616332","Hungary"
"8711327619579","Hungary"
"8715700112664","Hungary"
"8715700112671","Hungary"
"8715700116983","Hungary"
"8715700422510","Hungary"
"8715700423838","Hungary"
"87157154","Hungary"
"8719200198838","Hungary"
"8719200198869","Hungary"
"8719200251328","Hungary"
"8719200267503","Hungary"
"8719200275836","Hungary"
"8720182792761","Hungary"
"8720608014248","Hungary"
"8851019010014","Hungary"
"8851613101392","Hungary"
"8853662005027","Hungary"
"8853662056098","Hungary"
"8886303210207","Hungary"
"9000144046903","Hungary"
"9000331604275","Hungary"
"9000331607719","Hungary"
"9001395807015","Hungary"
"90020421","Hungary"
"9002975472814","Hungary"
"9006900207717","Hungary"
"9008684038839","Hungary"
"9008700106665","Hungary"
"9008700146982","Hungary"
"9008700176491","Hungary"
"90087066","Hungary"
"9010158014041","Hungary"
"9012501006550","Hungary"
"9020200017609","Hungary"
"9020200024898","Hungary"
"90311277","Hungary"
"90331701","Hungary"
"90426230","Hungary"
"9100000009681","Hungary"
"9100000034843","Hungary"
"9100000037486","Hungary"
"9100000087450","Hungary"
"9100000448855","Hungary"
"9100000829319","Hungary"
"9100000832906","Hungary"
"9100000847009","Hungary"
"9100000864488","Hungary"
"9100000965284","Hungary"
"9120012040014","Hungary"
"00001295","India"
"00001569","India"
"0015000047757","India"
"0051111407592","India"
"0070970474088","India"
"0073935942400","India"
"0716270001660","India"
"0840222000149","India"
"0846203004878","India"
"0846203004885","India"
"0846203081923","India"
"0850006000012","India"
"0856069005209","India"
"09141209","India"
"0941458000290","India"
"12111202","India"
"12345678","India"
"1234567890128","India"
"19010588","India"
"19017198","India"
"19017648","India"
"3017620425035","India"
"3046920028004","India"
"3948764011252","India"
"3948764012273","India"
"3948764012303","India"
"3948764012914","India"
"3948764032271","India"
"3948764032707","India"
"3948764042270","India"
"3948764042904","India"
"3948764042911","India"
"3948764092800","India"
"4000417224002","India"
"4008400351926","India"
"4897036691427","India"
"4897036692455","India"
"5000171010025","India"
"5000232192202","India"
"5410942104158","India"
"5449000000996","India"
"54491496","India"
"5999884034469","India"
"6111242100992","India"
"6291100212606","India"
"6291100213146","India"
"6291100213160","India"
"6291100213467","India"
"7622201762063","India"
"7622202025426","India"
"7622202216695","India"
"7622202216916","India"
"7622202225512","India"
"7622202225550","India"
"7622202245558","India"
"7622202252396","India"
"7622202253638","India"
"7622202271861","India"
"7622202272639","India"
"7622202307171","India"
"7622202318078","India"
"7622202324260","India"
"7622202324871","India"
"7622202325939","India"
"7622202325960","India"
"7622202325991","India"
"7622202334009","India"
"7622202346385","India"
"80135890","India"
"80768258","India"
"8410076601445","India"
"8480024754288","India"
"8801043018470","India"
"8801073115378","India"
"8850389100684","India"
"8850389100691","India"
"8854761951413","India"
"8886467122392","India"
"8886467122408","India"
"8886467122415","India"
"8886467122439","India"
"8886467122446","India"
"8886467124723","India"
"89000724","India"
"89002940","India"
"89006610","India"
"89009949","India"
"8901012350010","India"
"8901014000159","India"
"8901030532719","India"
"8901030735097","India"
"8901030783241","India"
"8901030807176","India"
"8901030818660","India"
"8901030831690","India"
"8901030831706","India"
"8901030872693","India"
"8901030877131","India"
"8901030897542","India"
"8901030898105","India"
"8901030902369","India"
"8901030902383","India"
"8901030902390","India"
"8901030902932","India"
"8901030919305","India"
"8901030921667","India"
"8901030921797","India"
"8901030922787","India"
"8901030953217","India"
"8901030976735","India"
"8901030976742","India"
"8901030980053","India"
"8901030987007","India"
"8901047816208","India"
"8901058000252","India"
"8901058000269","India"
"8901058000276","India"
"8901058000306","India"
"8901058003000","India"
"8901058003017","India"
"8901058003079","India"
"8901058005080","India"
"8901058005233","India"
"8901058007220","India"
"8901058008050","India"
"8901058009729","India"
"8901058010749","India"
"8901058014235","India"
"8901058015171","India"
"8901058017670","India"
"8901058017687","India"
"8901058018639","India"
"8901058022087","India"
"8901058022179","India"
"8901058022193","India"
"8901058023787","India"
"8901058023800","India"
"8901058851298","India"
"8901058861921","India"
"8901058895780","India"
"8901058903164","India"
"8901058903966","India"
"8901058904741","India"
"8901058905113","India"
"8901063004139","India"
"8901063012868","India"
"8901063014145","India"
"8901063014299","India"
"8901063017702","India"
"8901063019188","India"
"8901063019201","India"
"8901063023901","India"
"8901063029255","India"
"8901063029279","India"
"8901063029316","India"
"8901063032446","India"
"8901063092822","India"
"8901063092853","India"
"8901063093089","India"
"8901063093287","India"
"8901063093355","India"
"8901063093522","India"
"8901063139213","India"
"8901063139329","India"
"8901063139336","India"
"8901063139350","India"
"8901063139374","India"
"8901063142015","India"
"8901063142114","India"
"8901063142428","India"
"8901063142466","India"
"8901063142664","India"
"8901063155343","India"
"8901063155442","India"
"8901063162532","India"
"8901063162600","India"
"8901063162648","India"
"8901063162914","India"
"8901063325036","India"
"8901063325227","India"
"8901063338593","India"
"8901063365964","India"
"8901063367173","India"
"8901071211161","India"
"8901071211307","India"
"8901071701372","India"
"8901071706834","India"
"8901071732413","India"
"8901088000345","India"
"8901088000451","India"
"8901088034593","India"
"8901088055772","India"
"8901088068734","India"
"8901088068741","India"
"8901088068758","India"
"8901088069120","India"
"8901088129800","India"
"8901088129824","India"
"8901088155496","India"
"8901088213608","India"
"8901117249998","India"
"8901123001214","India"
"8901123005403","India"
"8901123005410","India"
"8901155101210","India"
"8901192001207","India"
"8901192205100","India"
"8901192215864","India"
"8901207004421","India"
"8901207005374","India"
"8901207005527","India"
"8901207025365","India"
"8901207025372","India"
"8901207036989","India"
"8901207040337","India"
"8901246003492","India"
"8901246005373","India"
"8901262010016","India"
"8901262010023","India"
"8901262010320","India"
"8901262020015","India"
"8901262020039","India"
"8901262020046","India"
"8901262020558","India"
"8901262030151","India"
"8901262030243","India"
"8901262060011","India"
"8901262070454","India"
"8901262070539","India"
"8901262070546","India"
"8901262070676","India"
"8901262071048","India"
"8901262071864","India"
"8901262150064","India"
"8901262150088","India"
"8901262151306","India"
"8901262151696","India"
"8901262151931","India"
"8901262152211","India"
"8901262152242","India"
"8901262172448","India"
"8901262172493","India"
"8901262173483","India"
"8901262173490","India"
"8901262173599","India"
"8901262174114","India"
"8901262175845","India"
"8901262180115","India"
"8901262200028","India"
"8901262200189","India"
"8901262200196","India"
"8901262200622","India"
"8901262202220","India"
"8901262202244","India"
"8901262260107","India"
"8901262260121","India"
"8901393019452","India"
"8901468119780","India"
"8901491000192","India"
"8901491000772","India"
"8901491000789","India"
"8901491001038","India"
"8901491001069","India"
"8901491001076","India"
"8901491001168","India"
"8901491001809","India"
"8901491001854","India"
"8901491003124","India"
"8901491003537","India"
"8901491100519","India"
"8901491100533","India"
"8901491101813","India"
"8901491101820","India"
"8901491101837","India"
"8901491101844","India"
"8901491103046","India"
"8901491103084","India"
"8901491103442","India"
"8901491103794","India"
"8901491103800","India"
"8901491361026","India"
"8901491365666","India"
"8901491365703","India"
"8901491366052","India"
"8901491366229","India"
"8901491367219","India"
"8901491380010","India"
"8901491435109","India"
"8901491502030","India"
"8901491503013","India"
"8901491503020","India"
"8901491503037","India"
"8901491503051","India"
"8901491504782","India"
"8901491702188","India"
"8901491981538","India"
"8901491981552","India"
"8901491990219","India"
"8901499008169","India"
"8901499008183","India"
"8901499008244","India"
"8901499008275","India"
"8901499009043","India"
"8901499009708","India"
"8901499010483","India"
"8901499010513","India"
"8901499010728","India"
"8901499010742","India"
"8901499023339","India"
"8901512144805","India"
"8901512540102","India"
"8901512540201","India"
"8901512540805","India"
"8901512562807","India"
"8901542016226","India"
"8901565001728","India"
"8901595851218","India"
"8901595862726","India"
"8901595862740","India"
"8901595862818","India"
"8901595862825","India"
"8901595862962","India"
"8901595863013","India"
"8901595863051","India"
"8901595863280","India"
"8901595873258","India"
"8901595971220","India"
"8901595971244","India"
"8901648002444","India"
"8901719100369","India"
"8901719101038","India"
"8901719105913","India"
"8901719117183","India"
"8901719117213","India"
"8901719117220","India"
"8901719121630","India"
"8901719124143","India"
"8901719125348","India"
"8901719125478","India"
"8901719126468","India"
"8901719129179","India"
"8901719129988","India"
"8901719130014","India"
"8901719130144","India"
"8901719130854","India"
"8901719134845","India"
"8901719134852","India"
"8901719134937","India"
"8901719135088","India"
"8901719135118","India"
"8901719135217","India"
"8901719135248","India"
"8901719135729","India"
"8901719135743","India"
"8901719135767","India"
"8901725000622","India"
"8901725004682","India"
"8901725005887","India"
"8901725007096","India"
"8901725007102","India"
"8901725007508","India"
"8901725013684","India"
"8901725013691","India"
"8901725014988","India"
"8901725015015","India"
"8901725015275","India"
"8901725015886","India"
"8901725016296","India"
"8901725016838","India"
"8901725018016","India"
"8901725100025","India"
"8901725117504","India"
"8901725118921","India"
"8901725118938","India"
"8901725123123","India"
"8901764011252","India"
"8901764012273","India"
"8901764012907","India"
"8901764012914","India"
"8901764022272","India"
"8901764022708","India"
"8901764022913","India"
"8901764032271","India"
"8901764032400","India"
"8901764032707","India"
"8901764032905","India"
"8901764032912","India"
"8901764041259","India"
"8901764042270","India"
"8901764042508","India"
"8901764042706","India"
"8901764042805","India"
"8901764042904","India"
"8901764042911","India"
"8901764048319","India"
"8901764052910","India"
"8901764061257","India"
"8901764082405","India"
"8901764092206","India"
"8901764092305","India"
"8901764092800","India"
"8901764111259","India"
"8901764112270","India"
"8901764175015","India"
"8901764175091","India"
"8901764362309","India"
"8901764362804","India"
"8901888000347","India"
"8901888040350","India"
"8902080000227","India"
"8902080000722","India"
"8902080001828","India"
"8902080002771","India"
"8902080003075","India"
"8902080104024","India"
"8902080104055","India"
"8902080104345","India"
"8902080104581","India"
"8902080204021","India"
"8902080204342","India"
"8902080364022","India"
"8902080364053","India"
"8902080364589","India"
"8902080404094","India"
"8902080404117","India"
"8902080404575","India"
"8902346012353","India"
"8902346050133","India"
"8902346050560","India"
"8902433003134","India"
"8902433005763","India"
"8902579001360","India"
"8902579001599","India"
"8902579002039","India"
"8902579002046","India"
"8902579002299","India"
"8902579002442","India"
"8902579002497","India"
"8902579003302","India"
"8902579003456","India"
"8902579003470","India"
"8902579103057","India"
"8902579103170","India"
"8902579203016","India"
"8902710500752","India"
"8902979001724","India"
"8903241110038","India"
"8903241110076","India"
"8903241110793","India"
"8903363008275","India"
"8903553601460","India"
"8903553601613","India"
"8903553851377","India"
"8903754000062","India"
"8903754000086","India"
"8904004400014","India"
"8904004400083","India"
"8904004400236","India"
"8904004400243","India"
"8904004400250","India"
"8904004400588","India"
"8904004400601","India"
"8904004400687","India"
"8904004400694","India"
"8904004400731","India"
"8904004400755","India"
"8904004400779","India"
"8904004400977","India"
"8904004401073","India"
"8904004401134","India"
"8904004401554","India"
"8904004402032","India"
"8904004402056","India"
"8904004402216","India"
"8904004402247","India"
"8904004402261","India"
"8904004402834","India"
"8904004403633","India"
"8904004403671","India"
"8904004403718","India"
"8904004403725","India"
"8904004403732","India"
"8904004403800","India"
"8904004404630","India"
"8904004404647","India"
"8904004404661","India"
"8904004405415","India"
"8904004407617","India"
"8904004409222","India"
"8904004409253","India"
"8904018605238","India"
"8904043551548","India"
"8904043552644","India"
"8904043554716","India"
"8904043926612","India"
"8904063200051","India"
"8904063230010","India"
"8904071700024","India"
"8904071700031","India"
"8904071700192","India"
"8904071700376","India"
"8904071701090","India"
"8904071702349","India"
"8904071704527","India"
"8904083300021","India"
"8904083302100","India"
"8904083302292","India"
"8904083303077","India"
"8904089920490","India"
"8904090906520","India"
"8904132948174","India"
"8904132948198","India"
"8904132975408","India"
"8904258701707","India"
"8904272600154","India"
"8904272600291","India"
"8904272600895","India"
"8904320015398","India"
"8904320015404","India"
"8904327600405","India"
"8904327600924","India"
"8904335601869","India"
"8904335601890","India"
"8904335601951","India"
"8904335602385","India"
"8904335602392","India"
"8904335604150","India"
"8904482000003","India"
"8906001388609","India"
"8906002000494","India"
"8906002004430","India"
"8906002006236","India"
"8906002006601","India"
"8906002484003","India"
"8906004561900","India"
"8906005505040","India"
"8906005508904","India"
"8906006330269","India"
"8906006720107","India"
"8906006720114","India"
"8906006783058","India"
"8906007280242","India"
"8906007280969","India"
"8906009070834","India"
"8906009079165","India"
"8906009501017","India"
"8906009501031","India"
"8906009531533","India"
"8906009532356","India"
"8906009532363","India"
"8906009803777","India"
"8906010450021","India"
"8906010500016","India"
"8906010500023","India"
"8906010500030","India"
"8906010500047","India"
"8906010500078","India"
"8906010500085","India"
"8906010500092","India"
"8906010500214","India"
"8906010500238","India"
"8906010500245","India"
"8906010500269","India"
"8906010500276","India"
"8906010500306","India"
"8906010500337","India"
"8906010500351","India"
"8906010500368","India"
"8906010500429","India"
"8906010500498","India"
"8906010500511","India"
"8906010500535","India"
"8906010500559","India"
"8906010500566","India"
"8906010500764","India"
"8906010500863","India"
"8906010500894","India"
"8906010500900","India"
"8906010501198","India"
"8906010501228","India"
"8906010501242","India"
"8906010501259","India"
"8906010501419","India"
"8906010501570","India"
"8906010501952","India"
"8906010502119","India"
"8906010502232","India"
"8906010502294","India"
"8906010502973","India"
"8906010503482","India"
"8906010503512","India"
"8906010503529","India"
"8906010503550","India"
"8906010504625","India"
"8906013030022","India"
"8906016413792","India"
"8906017290125","India"
"8906017290774","India"
"8906019776092","India"
"8906020580015","India"
"8906029110022","India"
"8906029450548","India"
"8906032011019","India"
"8906032018513","India"
"8906032018810","India"
"8906032018919","India"
"8906035030055","India"
"8906036300027","India"
"8906066202476","India"
"8906069401210","India"
"8906069401388","India"
"8906069401746","India"
"8906069402668","India"
"8906069403412","India"
"8906080601767","India"
"8906080601934","India"
"8906080603914","India"
"8906080604690","India"
"8906090574556","India"
"8906113490887","India"
"8906120100137","India"
"8906127550010","India"
"8906127550850","India"
"8906136651951","India"
"8906136651968","India"
"8906151420389","India"
"8906163830640","India"
"8906169490848","India"
"8907316003966","India"
"8908000794023","India"
"8908000794054","India"
"8908002506969","India"
"8908005077084","India"
"8908005144014","India"
"8908005144359","India"
"8908005144618","India"
"8908005144632","India"
"8908005144649","India"
"8908006989508","India"
"8908008674785","India"
"8908008674808","India"
"8908009059185","India"
"8908010900056","India"
"8908010900063","India"
"8908010900070","India"
"8908012605010","India"
"8908013982646","India"
"89080153","India"
"8908020415014","India"
"8909081001123","India"
"8909081001147","India"
"8909081005046","India"
"8909081005053","India"
"8909081005251","India"
"8909106018327","India"
"8909106052185","India"
"8992760221028","India"
"8996001312490","India"
"8996001312506","India"
"90162602","India"
"90162800","India"
"00035014","Indonesia"
"0074410741860","Indonesia"
"0089686010015","Indonesia"
"0089686010190","Indonesia"
"0089686010343","Indonesia"
"0089686010527","Indonesia"
"0089686010947","Indonesia"
"0089686011036","Indonesia"
"0089686017748","Indonesia"
"0089686040173","Indonesia"
"0089686041705","Indonesia"
"0089686041767","Indonesia"
"0089686043204","Indonesia"
"0089686043433","Indonesia"
"0089686043631","Indonesia"
"0089686060027","Indonesia"
"0089686060232","Indonesia"
"0089686120714","Indonesia"
"0089686150018","Indonesia"
"0089686170795","Indonesia"
"0089686170924","Indonesia"
"0089686171907","Indonesia"
"0089686180633","Indonesia"
"0089686420036","Indonesia"
"0089686598896","Indonesia"
"0089686598957","Indonesia"
"0089686599077","Indonesia"
"0089686605037","Indonesia"
"0089686729030","Indonesia"
"0089686729054","Indonesia"
"0089686910704","Indonesia"
"0089686945010","Indonesia"
"0189686150008","Indonesia"
"0648436101283","Indonesia"
"0661706051149","Indonesia"
"0661706051156","Indonesia"
"0711844120440","Indonesia"
"0711844130128","Indonesia"
"0748927051261","Indonesia"
"0749921050120","Indonesia"
"0753950002036","Indonesia"
"0896865350516","Indonesia"
"0899197910205","Indonesia"
"0992449010613","Indonesia"
"2341082040255","Indonesia"
"3415581117189","Indonesia"
"3451790011856","Indonesia"
"3451790011917","Indonesia"
"3451790019135","Indonesia"
"3451790019142","Indonesia"
"3451790019159","Indonesia"
"3451790019166","Indonesia"
"3451790019678","Indonesia"
"3451790019685","Indonesia"
"3451790019739","Indonesia"
"3451790188718","Indonesia"
"3451790188831","Indonesia"
"3451790397622","Indonesia"
"3451790397868","Indonesia"
"3451790886256","Indonesia"
"3760128640133","Indonesia"
"4250262758249","Indonesia"
"4893049120046","Indonesia"
"4978323900054","Indonesia"
"5010477346032","Indonesia"
"5010775204959","Indonesia"
"5011555041122","Indonesia"
"5060318666911","Indonesia"
"5285000396406","Indonesia"
"6914782083196","Indonesia"
"7610023002023","Indonesia"
"7610023053728","Indonesia"
"7622201690533","Indonesia"
"7622202217630","Indonesia"
"7622202313202","Indonesia"
"7622300442507","Indonesia"
"8000500220412","Indonesia"
"8007290334770","Indonesia"
"8691216090446","Indonesia"
"8714700524002","Indonesia"
"8719200171466","Indonesia"
"8721274611229","Indonesia"
"8801045312316","Indonesia"
"8801073116603","Indonesia"
"8809617944941","Indonesia"
"8850157405836","Indonesia"
"8850291108518","Indonesia"
"8850291108631","Indonesia"
"8851019210124","Indonesia"
"8852008300130","Indonesia"
"8852756303056","Indonesia"
"8852756304145","Indonesia"
"8852756304299","Indonesia"
"8852756346053","Indonesia"
"8852756707045","Indonesia"
"8885012290548","Indonesia"
"8886015401030","Indonesia"
"8886467100017","Indonesia"
"8886467100024","Indonesia"
"8886467100055","Indonesia"
"8888166335608","Indonesia"
"8888166338012","Indonesia"
"8888166341296","Indonesia"
"8888166603431","Indonesia"
"8888166606395","Indonesia"
"8888166989634","Indonesia"
"8888900400104","Indonesia"
"8888900415009","Indonesia"
"8888900500910","Indonesia"
"8888900502020","Indonesia"
"8888900700006","Indonesia"
"8901058005080","Indonesia"
"8901719119279","Indonesia"
"8904071700864","Indonesia"
"8904071700918","Indonesia"
"8904071700970","Indonesia"
"8904071701090","Indonesia"
"8904071704527","Indonesia"
"8906069405102","Indonesia"
"8934760212897","Indonesia"
"8934804044415","Indonesia"
"8990044000000","Indonesia"
"8990800016757","Indonesia"
"8991001111883","Indonesia"
"8991001780225","Indonesia"
"8991002103238","Indonesia"
"8991002105676","Indonesia"
"8991002109377","Indonesia"
"8991002121010","Indonesia"
"8991002133822","Indonesia"
"8991002312135","Indonesia"
"8991071130029","Indonesia"
"8991102222006","Indonesia"
"8991102374309","Indonesia"
"8991199222194","Indonesia"
"8991688894185","Indonesia"
"8991714000283","Indonesia"
"8992388101023","Indonesia"
"8992696404441","Indonesia"
"8992696417922","Indonesia"
"8992696525054","Indonesia"
"8992696526327","Indonesia"
"8992717781025","Indonesia"
"8992718853158","Indonesia"
"8992718853806","Indonesia"
"8992735210095","Indonesia"
"8992752112013","Indonesia"
"8992753004010","Indonesia"
"8992753005499","Indonesia"
"8992753120802","Indonesia"
"8992753721597","Indonesia"
"8992760121014","Indonesia"
"8992760221028","Indonesia"
"8992761002015","Indonesia"
"8992761002039","Indonesia"
"8992761111519","Indonesia"
"8992761111540","Indonesia"
"8992761111687","Indonesia"
"8992761131012","Indonesia"
"8992761145019","Indonesia"
"8992761166250","Indonesia"
"8992775305034","Indonesia"
"8992775311981","Indonesia"
"8992802063012","Indonesia"
"8992802063173","Indonesia"
"8992802117036","Indonesia"
"8992802123013","Indonesia"
"8992804000459","Indonesia"
"8992858527308","Indonesia"
"8992907110017","Indonesia"
"8992907952136","Indonesia"
"8992907952327","Indonesia"
"8992907952358","Indonesia"
"8992907953270","Indonesia"
"8992993250314","Indonesia"
"8992994110143","Indonesia"
"8993007000239","Indonesia"
"8993007000680","Indonesia"
"8993007003902","Indonesia"
"8993077820409","Indonesia"
"8993083932141","Indonesia"
"8993093115008","Indonesia"
"8993175532297","Indonesia"
"8993175535250","Indonesia"
"8993175535885","Indonesia"
"8993175537285","Indonesia"
"8993175538572","Indonesia"
"8993175538947","Indonesia"
"8993175540797","Indonesia"
"8993175569071","Indonesia"
"8993200661336","Indonesia"
"8993200661343","Indonesia"
"8993200665372","Indonesia"
"8993200666935","Indonesia"
"8993200666942","Indonesia"
"8993200668243","Indonesia"
"8993207571683","Indonesia"
"8993296201119","Indonesia"
"8993319050137","Indonesia"
"8993328100038","Indonesia"
"8993351120201","Indonesia"
"8993351120416","Indonesia"
"8993351121307","Indonesia"
"8993351124025","Indonesia"
"8993351129617","Indonesia"
"8993351129914","Indonesia"
"8993351129938","Indonesia"
"8993407105008","Indonesia"
"8993492102395","Indonesia"
"8994016001026","Indonesia"
"8994075240657","Indonesia"
"8994096112605","Indonesia"
"8994171101081","Indonesia"
"8994171101289","Indonesia"
"8994462790154","Indonesia"
"8994834002243","Indonesia"
"8994907001302","Indonesia"
"8994963002824","Indonesia"
"8994963003791","Indonesia"
"8994963003876","Indonesia"
"8994963003913","Indonesia"
"8995102708591","Indonesia"
"8995139505019","Indonesia"
"8995229800321","Indonesia"
"8995899215159","Indonesia"
"8995952008230","Indonesia"
"8996001301142","Indonesia"
"8996001302620","Indonesia"
"8996001305041","Indonesia"
"8996001308059","Indonesia"
"8996001314005","Indonesia"
"8996001314081","Indonesia"
"8996001318980","Indonesia"
"8996001321188","Indonesia"
"8996001330739","Indonesia"
"8996001350522","Indonesia"
"8996001354001","Indonesia"
"8996001354124","Indonesia"
"8996001355978","Indonesia"
"8996001357255","Indonesia"
"8996001440049","Indonesia"
"8996001440124","Indonesia"
"8996001524008","Indonesia"
"8996001526224","Indonesia"
"8996001526231","Indonesia"
"8996001526378","Indonesia"
"8996001600146","Indonesia"
"8996001600269","Indonesia"
"8996001601051","Indonesia"
"8996006000019","Indonesia"
"8996006855886","Indonesia"
"8996006858016","Indonesia"
"8996006858030","Indonesia"
"8997004301245","Indonesia"
"8997004308145","Indonesia"
"8997004316058","Indonesia"
"8997009510017","Indonesia"
"8997009510116","Indonesia"
"8997009510123","Indonesia"
"8997012320832","Indonesia"
"8997013630015","Indonesia"
"8997014021867","Indonesia"
"8997014036298","Indonesia"
"8997014450094","Indonesia"
"8997017570546","Indonesia"
"8997020180350","Indonesia"
"8997020180961","Indonesia"
"8997029120098","Indonesia"
"8997029120357","Indonesia"
"8997035563414","Indonesia"
"8997035563544","Indonesia"
"8997035600133","Indonesia"
"8997035600324","Indonesia"
"8997035600546","Indonesia"
"8997035601802","Indonesia"
"8997204440010","Indonesia"
"8997206332016","Indonesia"
"8997206771273","Indonesia"
"8997206772072","Indonesia"
"8997209920050","Indonesia"
"8997210110426","Indonesia"
"8997210770644","Indonesia"
"8997210770651","Indonesia"
"8997220410011","Indonesia"
"8997221290032","Indonesia"
"8997225200051","Indonesia"
"8997225273819","Indonesia"
"8997225840028","Indonesia"
"8997225840097","Indonesia"
"8997225840134","Indonesia"
"8997226414020","Indonesia"
"8997232970046","Indonesia"
"8997234721172","Indonesia"
"8997240490154","Indonesia"
"8997240600010","Indonesia"
"8997240600041","Indonesia"
"8997240600256","Indonesia"
"8997240600263","Indonesia"
"8997240600393","Indonesia"
"8997240601154","Indonesia"
"8997240602533","Indonesia"
"8997240602540","Indonesia"
"8998009010224","Indonesia"
"8998009010231","Indonesia"
"8998009010248","Indonesia"
"8998009010552","Indonesia"
"8998009010590","Indonesia"
"8998009010613","Indonesia"
"8998009010620","Indonesia"
"8998009010637","Indonesia"
"8998009010910","Indonesia"
"8998009017810","Indonesia"
"8998009017834","Indonesia"
"8998009020186","Indonesia"
"8998009020216","Indonesia"
"8998009020223","Indonesia"
"8998666001306","Indonesia"
"8998666002792","Indonesia"
"8998866200301","Indonesia"
"8998866200844","Indonesia"
"8998866201841","Indonesia"
"8998866202244","Indonesia"
"8998866202626","Indonesia"
"8998866202725","Indonesia"
"8998866202732","Indonesia"
"8998866202893","Indonesia"
"8998866203531","Indonesia"
"8998866203579","Indonesia"
"8998866203920","Indonesia"
"8998866500708","Indonesia"
"8998866623032","Indonesia"
"8998888110114","Indonesia"
"8998888461360","Indonesia"
"8998888462169","Indonesia"
"8998888712295","Indonesia"
"8999898299035","Indonesia"
"8999898962304","Indonesia"
"8999898962694","Indonesia"
"8999898969396","Indonesia"
"8999898971221","Indonesia"
"8999898971870","Indonesia"
"8999898972303","Indonesia"
"8999999002503","Indonesia"
"8999999005610","Indonesia"
"8999999035051","Indonesia"
"8999999564162","Indonesia"
"9199406858030","Indonesia"
"9310155009577","Indonesia"
"9311931024036","Indonesia"
"9319133333574","Indonesia"
"9323795000187","Indonesia"
"9338078004035","Indonesia"
"9555037205672","Indonesia"
"9555805801341","Indonesia"
"9556001288547","Indonesia"
"9556001288561","Indonesia"
"9556001299154","Indonesia"
"9556041604505","Indonesia"
"9556085302726","Indonesia"
"9556106900023","Indonesia"
"9556156003354","Indonesia"
"9556166058221","Indonesia"
"9556863110789","Indonesia"
"00001295","Ireland"
"00001569","Ireland"
"0011210000018","Ireland"
"0034000470693","Ireland"
"0041196914153","Ireland"
"0041500007229","Ireland"
"0041500962566","Ireland"
"0044100190742","Ireland"
"0046000283234","Ireland"
"0048564067008","Ireland"
"0049733000215","Ireland"
"0061232202556","Ireland"
"00724159","Ireland"
"0078895100020","Ireland"
"0078895126396","Ireland"
"00959063","Ireland"
"0144528000217","Ireland"
"0193908005175","Ireland"
"0193968356484","Ireland"
"0196633946935","Ireland"
"0196633951786","Ireland"
"0196633951977","Ireland"
"0196633952172","Ireland"
"0196633966339","Ireland"
"0196633976796","Ireland"
"0211111111121","Ireland"
"0241394021121","Ireland"
"0260000600000","Ireland"
"0274290207498","Ireland"
"03042045","Ireland"
"03223734","Ireland"
"03249833","Ireland"
"03263976","Ireland"
"03267585","Ireland"
"03341186","Ireland"
"0524000383616","Ireland"
"0602652434723","Ireland"
"0612322001858","Ireland"
"0612322030018","Ireland"
"0632432000350","Ireland"
"0652655000654","Ireland"
"0680569854124","Ireland"
"0686207006146","Ireland"
"0722252387509","Ireland"
"0748927069525","Ireland"
"0748927069532","Ireland"
"0813636021932","Ireland"
"0851770008785","Ireland"
"0856088003958","Ireland"
"0857111004683","Ireland"
"10001219","Ireland"
"10001363","Ireland"
"10001417","Ireland"
"10001691","Ireland"
"10066980","Ireland"
"10067819","Ireland"
"10077658","Ireland"
"10086988","Ireland"
"10096376","Ireland"
"10596975","Ireland"
"10601075","Ireland"
"10614594","Ireland"
"1105247480000","Ireland"
"14211676","Ireland"
"17600032","Ireland"
"20005542","Ireland"
"20005573","Ireland"
"20005771","Ireland"
"20011581","Ireland"
"2002070046207","Ireland"
"20024666","Ireland"
"20024703","Ireland"
"2004060090115","Ireland"
"2004060111728","Ireland"
"20046248","Ireland"
"20046538","Ireland"
"20055813","Ireland"
"2006050035250","Ireland"
"2006050057382","Ireland"
"2006050063611","Ireland"
"2006050098262","Ireland"
"2006050131501","Ireland"
"20067274","Ireland"
"20072483","Ireland"
"20080198","Ireland"
"20103286","Ireland"
"20103354","Ireland"
"20104108","Ireland"
"20122577","Ireland"
"20138127","Ireland"
"2014000029884","Ireland"
"2014000081653","Ireland"
"20157456","Ireland"
"20170196","Ireland"
"20176518","Ireland"
"20177089","Ireland"
"20201234","Ireland"
"20202392","Ireland"
"20209759","Ireland"
"20211172","Ireland"
"20211318","Ireland"
"20223298","Ireland"
"20224066","Ireland"
"2024000056032","Ireland"
"2024060120421","Ireland"
"20261375","Ireland"
"20277345","Ireland"
"20281250","Ireland"
"2030508084521","Ireland"
"20330743","Ireland"
"2034060120420","Ireland"
"20355951","Ireland"
"20397418","Ireland"
"20401634","Ireland"
"20401825","Ireland"
"20416690","Ireland"
"20422684","Ireland"
"20423124","Ireland"
"20436568","Ireland"
"20448561","Ireland"
"20471613","Ireland"
"20482077","Ireland"
"20525453","Ireland"
"20534462","Ireland"
"20577339","Ireland"
"20577391","Ireland"
"20577414","Ireland"
"20608118","Ireland"
"20620615","Ireland"
"20624477","Ireland"
"20629076","Ireland"
"20762278","Ireland"
"20790264","Ireland"
"20843427","Ireland"
"20898717","Ireland"
"20913403","Ireland"
"20913908","Ireland"
"20982911","Ireland"
"2098765852420","Ireland"
"20994945","Ireland"
"2298763003194","Ireland"
"24102971","Ireland"
"29036325","Ireland"
"29075713","Ireland"
"29087037","Ireland"
"29149834","Ireland"
"29298808","Ireland"
"29308132","Ireland"
"29308859","Ireland"
"29310524","Ireland"
"29318704","Ireland"
"29320547","Ireland"
"29359967","Ireland"
"29379521","Ireland"
"29383467","Ireland"
"29388653","Ireland"
"29388660","Ireland"
"29395439","Ireland"
"29431205","Ireland"
"29436095","Ireland"
"29455621","Ireland"
"3023290018354","Ireland"
"3023290018415","Ireland"
"3023290025338","Ireland"
"3023290037577","Ireland"
"3023290069042","Ireland"
"3023290070628","Ireland"
"3045320094008","Ireland"
"3046920010047","Ireland"
"3046920028004","Ireland"
"3046920028363","Ireland"
"3046920028417","Ireland"
"3046920029759","Ireland"
"3073780828628","Ireland"
"3073780918763","Ireland"
"3073781159936","Ireland"
"3083681117271","Ireland"
"3329770051539","Ireland"
"3329770077003","Ireland"
"3329770084056","Ireland"
"3415581101928","Ireland"
"3451790011856","Ireland"
"3451790011917","Ireland"
"3451790019135","Ireland"
"3451790019142","Ireland"
"3451790019159","Ireland"
"3451790019166","Ireland"
"3451790188718","Ireland"
"3451790188831","Ireland"
"3451790397868","Ireland"
"3451790886256","Ireland"
"4000140708268","Ireland"
"4000417700001","Ireland"
"4000446011628","Ireland"
"4000540010138","Ireland"
"4002359019739","Ireland"
"4002575610635","Ireland"
"4002971247503","Ireland"
"4005514040982","Ireland"
"4008366015511","Ireland"
"4008366015535","Ireland"
"4008577006278","Ireland"
"4009300016946","Ireland"
"4009900426039","Ireland"
"4012852001643","Ireland"
"4014400934496","Ireland"
"4017100210105","Ireland"
"4019300171125","Ireland"
"4023900552161","Ireland"
"4034900008268","Ireland"
"4036577905093","Ireland"
"40466088","Ireland"
"40466095","Ireland"
"4056489012108","Ireland"
"4056489018995","Ireland"
"4056489033042","Ireland"
"4056489041917","Ireland"
"4056489042570","Ireland"
"4056489057741","Ireland"
"4056489091585","Ireland"
"4056489095736","Ireland"
"4056489098591","Ireland"
"4056489102977","Ireland"
"4056489104230","Ireland"
"4056489104254","Ireland"
"4056489122876","Ireland"
"4056489124320","Ireland"
"4056489124474","Ireland"
"4056489126867","Ireland"
"4056489127284","Ireland"
"4056489135524","Ireland"
"4056489139713","Ireland"
"4056489143888","Ireland"
"4056489147213","Ireland"
"4056489150220","Ireland"
"4056489159506","Ireland"
"4056489159766","Ireland"
"4056489181217","Ireland"
"4056489182252","Ireland"
"4056489198529","Ireland"
"4056489201847","Ireland"
"4056489203667","Ireland"
"4056489204466","Ireland"
"4056489208914","Ireland"
"4056489220589","Ireland"
"4056489232872","Ireland"
"4056489238676","Ireland"
"4056489238805","Ireland"
"4056489238812","Ireland"
"4056489239642","Ireland"
"4056489239666","Ireland"
"4056489239901","Ireland"
"4056489239956","Ireland"
"4056489240228","Ireland"
"4056489240761","Ireland"
"4056489240785","Ireland"
"4056489255239","Ireland"
"4056489257851","Ireland"
"4056489291176","Ireland"
"4056489296454","Ireland"
"4056489309246","Ireland"
"4056489333784","Ireland"
"4056489350804","Ireland"
"4056489357117","Ireland"
"4056489358503","Ireland"
"4056489384724","Ireland"
"4056489421719","Ireland"
"4056489431039","Ireland"
"4056489438373","Ireland"
"4056489438564","Ireland"
"4056489441281","Ireland"
"4056489452676","Ireland"
"4056489462200","Ireland"
"4056489466598","Ireland"
"4056489479475","Ireland"
"4056489480037","Ireland"
"4056489491224","Ireland"
"4056489495604","Ireland"
"4056489511182","Ireland"
"4056489517511","Ireland"
"4056489518624","Ireland"
"4056489518860","Ireland"
"4056489519706","Ireland"
"4056489519928","Ireland"
"4056489542919","Ireland"
"4056489542926","Ireland"
"4056489556923","Ireland"
"4056489594512","Ireland"
"4056489615910","Ireland"
"4056489615927","Ireland"
"4056489617181","Ireland"
"4056489620853","Ireland"
"4056489620860","Ireland"
"4056489639145","Ireland"
"4056489649687","Ireland"
"4056489650201","Ireland"
"4056489664338","Ireland"
"4056489695356","Ireland"
"4056489695363","Ireland"
"4056489712534","Ireland"
"4056489712909","Ireland"
"4056489757825","Ireland"
"4056489757832","Ireland"
"4056489822608","Ireland"
"4056489834267","Ireland"
"4056489834618","Ireland"
"4056489844693","Ireland"
"4056489851714","Ireland"
"4056489861744","Ireland"
"4056489896050","Ireland"
"4056489901679","Ireland"
"4056489913214","Ireland"
"4056489920045","Ireland"
"4056489920069","Ireland"
"4056489933854","Ireland"
"4056489936176","Ireland"
"4056489973935","Ireland"
"4058172308390","Ireland"
"4058172330087","Ireland"
"4061458020251","Ireland"
"4061458169332","Ireland"
"4061459290349","Ireland"
"4061459300239","Ireland"
"4061459329001","Ireland"
"4061459329834","Ireland"
"4061459332896","Ireland"
"4061459749717","Ireland"
"4061459768732","Ireland"
"4061459790016","Ireland"
"4061459823226","Ireland"
"4061459889505","Ireland"
"4061461631406","Ireland"
"4061462067730","Ireland"
"4061462073267","Ireland"
"4061462073502","Ireland"
"4061462525261","Ireland"
"4061463004253","Ireland"
"4061463723178","Ireland"
"4061463958617","Ireland"
"4061464727755","Ireland"
"4061464727830","Ireland"
"40874302","Ireland"
"40879345","Ireland"
"4088600003412","Ireland"
"4088600003429","Ireland"
"4088600007878","Ireland"
"4088600041582","Ireland"
"4088600042268","Ireland"
"4088600043340","Ireland"
"4088600046648","Ireland"
"4088600054513","Ireland"
"4088600057712","Ireland"
"4088600058306","Ireland"
"4088600058320","Ireland"
"4088600060002","Ireland"
"4088600060880","Ireland"
"4088600060941","Ireland"
"4088600074450","Ireland"
"4088600074948","Ireland"
"4088600100432","Ireland"
"4088600100449","Ireland"
"4088600103808","Ireland"
"4088600107677","Ireland"
"4088600107806","Ireland"
"4088600108063","Ireland"
"4088600108643","Ireland"
"4088600109602","Ireland"
"4088600111209","Ireland"
"4088600112510","Ireland"
"4088600132068","Ireland"
"4088600132280","Ireland"
"4088600132334","Ireland"
"4088600132341","Ireland"
"4088600132365","Ireland"
"4088600133331","Ireland"
"4088600140254","Ireland"
"4088600140261","Ireland"
"4088600145082","Ireland"
"4088600145105","Ireland"
"4088600145112","Ireland"
"4088600157931","Ireland"
"4088600173108","Ireland"
"4088600179131","Ireland"
"4088600183480","Ireland"
"4088600187273","Ireland"
"4088600202433","Ireland"
"4088600206592","Ireland"
"4088600206714","Ireland"
"4088600206721","Ireland"
"4088600207230","Ireland"
"4088600212531","Ireland"
"4088600212548","Ireland"
"4088600212593","Ireland"
"4088600223612","Ireland"
"4088600225425","Ireland"
"4088600247328","Ireland"
"4088600247458","Ireland"
"4088600247465","Ireland"
"4088600247519","Ireland"
"4088600248585","Ireland"
"4088600248646","Ireland"
"4088600248752","Ireland"
"4088600249421","Ireland"
"4088600249513","Ireland"
"4088600250663","Ireland"
"4088600257402","Ireland"
"4088600260679","Ireland"
"4088600266008","Ireland"
"4088600268774","Ireland"
"4088600272696","Ireland"
"4088600277967","Ireland"
"4088600277974","Ireland"
"4088600284910","Ireland"
"4088600284941","Ireland"
"4088600287010","Ireland"
"4088600290515","Ireland"
"4088600294261","Ireland"
"4088600304632","Ireland"
"4088600304717","Ireland"
"4088600311357","Ireland"
"4088600316529","Ireland"
"4088600316543","Ireland"
"4088600325224","Ireland"
"4088600348056","Ireland"
"4088600354835","Ireland"
"4088600387024","Ireland"
"4088600391977","Ireland"
"4088600412177","Ireland"
"4088600426990","Ireland"
"4088600441689","Ireland"
"4088600451558","Ireland"
"4088600498997","Ireland"
"4088600499000","Ireland"
"4088600505992","Ireland"
"4088600513102","Ireland"
"4088600541884","Ireland"
"4088600551739","Ireland"
"4088600552019","Ireland"
"4088600555577","Ireland"
"4088600564746","Ireland"
"40891699","Ireland"
"4099200011448","Ireland"
"4104420236974","Ireland"
"42376095","Ireland"
"42396024","Ireland"
"4260654781649","Ireland"
"4305615664057","Ireland"
"4305615678603","Ireland"
"4311501650776","Ireland"
"4311501669853","Ireland"
"4316268557948","Ireland"
"4335619005754","Ireland"
"4335619014350","Ireland"
"4335619014404","Ireland"
"4335619023154","Ireland"
"4335619062665","Ireland"
"4335619070806","Ireland"
"4335619071223","Ireland"
"4335619100787","Ireland"
"4335619106758","Ireland"
"4335619111950","Ireland"
"4335619136748","Ireland"
"4337256045971","Ireland"
"4337256111867","Ireland"
"5000111018111","Ireland"
"5000111040273","Ireland"
"5000111041843","Ireland"
"5000116107810","Ireland"
"5000116107827","Ireland"
"5000119002945","Ireland"
"5000119003034","Ireland"
"5000119095282","Ireland"
"5000119120656","Ireland"
"5000119309235","Ireland"
"5000127014084","Ireland"
"5000127062092","Ireland"
"5000127142190","Ireland"
"5000127163096","Ireland"
"5000157062697","Ireland"
"5000157068750","Ireland"
"5000157076410","Ireland"
"5000157079602","Ireland"
"5000157140241","Ireland"
"5000157143037","Ireland"
"5000157146342","Ireland"
"5000159523752","Ireland"
"5000159528511","Ireland"
"5000159535267","Ireland"
"5000159537834","Ireland"
"5000159537858","Ireland"
"5000159551694","Ireland"
"5000159556781","Ireland"
"5000168001104","Ireland"
"5000168001210","Ireland"
"5000168034928","Ireland"
"5000168036670","Ireland"
"5000168036755","Ireland"
"5000168040097","Ireland"
"5000168124858","Ireland"
"5000168164045","Ireland"
"5000169129104","Ireland"
"5000171050434","Ireland"
"5000171057808","Ireland"
"5000184221241","Ireland"
"5000184321064","Ireland"
"5000184321071","Ireland"
"5000184321552","Ireland"
"5000187130946","Ireland"
"5000237117460","Ireland"
"5000237117484","Ireland"
"5000237117583","Ireland"
"5000237127322","Ireland"
"5000328015552","Ireland"
"5000328015903","Ireland"
"5000328250687","Ireland"
"5000328270890","Ireland"
"5000328787251","Ireland"
"5000354160936","Ireland"
"5000354203640","Ireland"
"5000354770333","Ireland"
"5000354909924","Ireland"
"5000358218152","Ireland"
"5000358218312","Ireland"
"5000358963328","Ireland"
"5000358966084","Ireland"
"5000358966671","Ireland"
"5000426171518","Ireland"
"5000436426356","Ireland"
"5000436616443","Ireland"
"5000436802402","Ireland"
"5000436857112","Ireland"
"5000436960171","Ireland"
"5000442007594","Ireland"
"5010003001169","Ireland"
"5010003064744","Ireland"
"5010029000016","Ireland"
"5010029000801","Ireland"
"5010029000856","Ireland"
"5010029202410","Ireland"
"5010029207880","Ireland"
"5010029219326","Ireland"
"5010029219494","Ireland"
"5010029226133","Ireland"
"5010029229035","Ireland"
"5010061000098","Ireland"
"5010112000053","Ireland"
"5010204313771","Ireland"
"5010204370552","Ireland"
"5010204612287","Ireland"
"5010204914275","Ireland"
"5010265000801","Ireland"
"5010265002836","Ireland"
"5010265002911","Ireland"
"5010478051140","Ireland"
"5010928459502","Ireland"
"5011013100156","Ireland"
"5011037611195","Ireland"
"5011038004545","Ireland"
"5011056020428","Ireland"
"5011056024389","Ireland"
"5011059000014","Ireland"
"5011059001011","Ireland"
"5011273040698","Ireland"
"5011308000314","Ireland"
"5011308900928","Ireland"
"5011835102215","Ireland"
"5012035963484","Ireland"
"5013665103134","Ireland"
"5013665103554","Ireland"
"5013665107552","Ireland"
"5013683305442","Ireland"
"5013683305466","Ireland"
"5014008002497","Ireland"
"5014213001049","Ireland"
"5014213001063","Ireland"
"5014213711290","Ireland"
"5014213711306","Ireland"
"50147588","Ireland"
"5016084000374","Ireland"
"50168200","Ireland"
"5016887003060","Ireland"
"5016887003367","Ireland"
"5017764003258","Ireland"
"5017764128128","Ireland"
"5018297006471","Ireland"
"5018374023513","Ireland"
"5018374085238","Ireland"
"5018374105356","Ireland"
"5018374121035","Ireland"
"5018374285577","Ireland"
"5018374303608","Ireland"
"5018374314253","Ireland"
"5018374350930","Ireland"
"5018374442215","Ireland"
"5018374928993","Ireland"
"50184439","Ireland"
"50184453","Ireland"
"5019503025842","Ireland"
"5020411121151","Ireland"
"5021638116753","Ireland"
"5022313395586","Ireland"
"5022374007046","Ireland"
"5022374046663","Ireland"
"5022374051872","Ireland"
"5025125000006","Ireland"
"5025125000129","Ireland"
"5025840003689","Ireland"
"5025840004754","Ireland"
"5025840005195","Ireland"
"5025840005294","Ireland"
"5031021069665","Ireland"
"5031021150981","Ireland"
"5031021164032","Ireland"
"5031021679253","Ireland"
"5034033000220","Ireland"
"5034444101349","Ireland"
"5034467000216","Ireland"
"5034467000223","Ireland"
"5034467000872","Ireland"
"5034467002371","Ireland"
"5036040129000","Ireland"
"5036829756281","Ireland"
"5036829756304","Ireland"
"5036829756328","Ireland"
"5036829756342","Ireland"
"5039303005677","Ireland"
"50457236","Ireland"
"50457878","Ireland"
"5050083197840","Ireland"
"5050083545221","Ireland"
"5050974505259","Ireland"
"5051008181975","Ireland"
"5051008205732","Ireland"
"5051008878592","Ireland"
"5051140449377","Ireland"
"5051140474201","Ireland"
"5051140851385","Ireland"
"5051277917565","Ireland"
"5051399182506","Ireland"
"5051399183664","Ireland"
"5051622056130","Ireland"
"5051622920479","Ireland"
"5051898381325","Ireland"
"5051898719333","Ireland"
"5052003250970","Ireland"
"5052003785939","Ireland"
"5052003786561","Ireland"
"5052004706292","Ireland"
"5052320269839","Ireland"
"5052320564019","Ireland"
"5052320752782","Ireland"
"5052909539339","Ireland"
"5052909732600","Ireland"
"5052909736189","Ireland"
"5052910123336","Ireland"
"5052910395559","Ireland"
"5052910433244","Ireland"
"5053526970215","Ireland"
"5053947312168","Ireland"
"5053990127641","Ireland"
"5053990127726","Ireland"
"5053990127740","Ireland"
"5053990179039","Ireland"
"5054268932646","Ireland"
"5054269381122","Ireland"
"5054269413625","Ireland"
"5054402818102","Ireland"
"5054402919854","Ireland"
"5055940100513","Ireland"
"5056315501027","Ireland"
"5057373226471","Ireland"
"5057373489593","Ireland"
"5057373546791","Ireland"
"5057373748423","Ireland"
"5057373982513","Ireland"
"5057373982988","Ireland"
"5057545713419","Ireland"
"5057545745946","Ireland"
"5057545807132","Ireland"
"5057545828434","Ireland"
"5057545828458","Ireland"
"5057545828847","Ireland"
"5057545828861","Ireland"
"5057545916049","Ireland"
"5057545917275","Ireland"
"5057753031664","Ireland"
"5057753083922","Ireland"
"5057753127275","Ireland"
"5057753155896","Ireland"
"5057753158422","Ireland"
"5057753493516","Ireland"
"5057753901769","Ireland"
"5057753907761","Ireland"
"5057753911454","Ireland"
"5057753918163","Ireland"
"5057753940317","Ireland"
"5057967394760","Ireland"
"5057967395033","Ireland"
"5057967395132","Ireland"
"5059319024165","Ireland"
"5059319024479","Ireland"
"5059319029016","Ireland"
"5059319029702","Ireland"
"5059319030517","Ireland"
"5059319033501","Ireland"
"5059319036137","Ireland"
"5059604645785","Ireland"
"5059697270109","Ireland"
"5059697391101","Ireland"
"5059697695421","Ireland"
"5059697729072","Ireland"
"5059697767913","Ireland"
"5060040110010","Ireland"
"5060042640690","Ireland"
"5060042640744","Ireland"
"5060042640751","Ireland"
"5060058330868","Ireland"
"5060088701478","Ireland"
"5060088701690","Ireland"
"5060088701966","Ireland"
"5060088701980","Ireland"
"5060088706534","Ireland"
"5060088707975","Ireland"
"5060088709269","Ireland"
"5060088709276","Ireland"
"5060100601861","Ireland"
"5060107337237","Ireland"
"5060120281975","Ireland"
"5060132281796","Ireland"
"5060132281857","Ireland"
"5060132284308","Ireland"
"5060132284360","Ireland"
"5060139430647","Ireland"
"5060178070866","Ireland"
"5060198642760","Ireland"
"5060198820052","Ireland"
"5060221201810","Ireland"
"5060221203753","Ireland"
"5060238480734","Ireland"
"5060245600507","Ireland"
"5060337220415","Ireland"
"5060337221085","Ireland"
"5060343742161","Ireland"
"5060360504506","Ireland"
"5060367181946","Ireland"
"5060367450578","Ireland"
"5060406080223","Ireland"
"5060406080452","Ireland"
"5060406461718","Ireland"
"5060406462272","Ireland"
"5060406462296","Ireland"
"5060482840179","Ireland"
"5060482840759","Ireland"
"5060482840766","Ireland"
"5060482841565","Ireland"
"5060558351325","Ireland"
"5060567680195","Ireland"
"5060751992059","Ireland"
"5060811383254","Ireland"
"5060853640131","Ireland"
"5060878780386","Ireland"
"5060878780409","Ireland"
"5061035300195","Ireland"
"5070000126579","Ireland"
"5099077001572","Ireland"
"5099077001862","Ireland"
"5099077002265","Ireland"
"5099274000002","Ireland"
"5099406000566","Ireland"
"5099630002237","Ireland"
"5099749001923","Ireland"
"5099749002524","Ireland"
"5099801000031","Ireland"
"5099801000178","Ireland"
"5099801003018","Ireland"
"5099817002203","Ireland"
"5201054017418","Ireland"
"5201054017432","Ireland"
"5201054017517","Ireland"
"5201066111128","Ireland"
"5202390013836","Ireland"
"5202390015878","Ireland"
"5390053001709","Ireland"
"5390248510016","Ireland"
"5390248520015","Ireland"
"5390691017919","Ireland"
"5391508960077","Ireland"
"5391509393713","Ireland"
"5391511420209","Ireland"
"5391511420421","Ireland"
"5391511420780","Ireland"
"5391511421442","Ireland"
"5391511421466","Ireland"
"5391513620430","Ireland"
"5391521691309","Ireland"
"5391526414385","Ireland"
"5391526414422","Ireland"
"5391526416044","Ireland"
"5391526416075","Ireland"
"5391528040216","Ireland"
"5391528040292","Ireland"
"5391528181070","Ireland"
"5391528181216","Ireland"
"5391528181483","Ireland"
"5391532120096","Ireland"
"5391532121710","Ireland"
"5391532123424","Ireland"
"5391532124155","Ireland"
"5391532124179","Ireland"
"5392000155503","Ireland"
"5410126716016","Ireland"
"5411188112709","Ireland"
"5411188118961","Ireland"
"5411188119753","Ireland"
"5411188121213","Ireland"
"5411188124702","Ireland"
"5411188130055","Ireland"
"5701051302147","Ireland"
"5900397750807","Ireland"
"5900512850290","Ireland"
"5900531001512","Ireland"
"5900820001353","Ireland"
"5901067400237","Ireland"
"5901588400297","Ireland"
"5902379087833","Ireland"
"5908230521522","Ireland"
"5941021017101","Ireland"
"5949040203192","Ireland"
"5949040203505","Ireland"
"6065756951017","Ireland"
"6065757047108","Ireland"
"6065757697105","Ireland"
"6065758049019","Ireland"
"6065758914010","Ireland"
"6111255564163","Ireland"
"6356092071638","Ireland"
"6976016652691","Ireland"
"7025110144720","Ireland"
"7394376616228","Ireland"
"7613031473113","Ireland"
"7613034043870","Ireland"
"7613287093752","Ireland"
"7613287157201","Ireland"
"7613287194367","Ireland"
"7613287194374","Ireland"
"7613287367143","Ireland"
"7622201693916","Ireland"
"7622201693930","Ireland"
"7622201693954","Ireland"
"7622201695521","Ireland"
"7622202018701","Ireland"
"7622202224201","Ireland"
"7622202262463","Ireland"
"7622210470126","Ireland"
"7622210578464","Ireland"
"7622210580092","Ireland"
"7622210584724","Ireland"
"7622210584847","Ireland"
"7622210592996","Ireland"
"7622300489434","Ireland"
"8000300430493","Ireland"
"8000500273296","Ireland"
"8000500312971","Ireland"
"8000500447833","Ireland"
"8001060375109","Ireland"
"8002210500303","Ireland"
"8002230000319","Ireland"
"8002270000515","Ireland"
"8002470024595","Ireland"
"80052760","Ireland"
"8009004814066","Ireland"
"80176800","Ireland"
"80177128","Ireland"
"8076800195057","Ireland"
"8076802085837","Ireland"
"8076809523738","Ireland"
"80874652","Ireland"
"8410076481597","Ireland"
"8410076600479","Ireland"
"8410076600790","Ireland"
"8410076600806","Ireland"
"8410076600837","Ireland"
"8410076602190","Ireland"
"8410076801180","Ireland"
"8410076801197","Ireland"
"8410076801203","Ireland"
"8410376058093","Ireland"
"8445290044877","Ireland"
"8445291746879","Ireland"
"8622280076241","Ireland"
"8681630107011","Ireland"
"8683604501771","Ireland"
"8710502405013","Ireland"
"8710502470042","Ireland"
"8711000519325","Ireland"
"8711327480537","Ireland"
"8711327663961","Ireland"
"8712100891779","Ireland"
"8712566134144","Ireland"
"8712566479665","Ireland"
"8713576282511","Ireland"
"8714100535516","Ireland"
"8714685000010","Ireland"
"8715035110106","Ireland"
"8715035130104","Ireland"
"8715035150300","Ireland"
"8718114724430","Ireland"
"8718114724485","Ireland"
"8719200252332","Ireland"
"8719200255319","Ireland"
"8719200255333","Ireland"
"8719200269828","Ireland"
"8719200269934","Ireland"
"8719200274365","Ireland"
"8720182789662","Ireland"
"8721161716419","Ireland"
"8722700268741","Ireland"
"8722700268772","Ireland"
"8722700479451","Ireland"
"8722700479475","Ireland"
"8722700479499","Ireland"
"8727200501046","Ireland"
"8847102341660","Ireland"
"8850038400073","Ireland"
"8888056603862","Ireland"
"90162602","Ireland"
"90162800","Ireland"
"9111445002175","Ireland"
"9352042000298","Ireland"
"0014113911719","Italy"
"0039047001152","Italy"
"0810091780947","Italy"
"10086988","Italy"
"10614594","Italy"
"1103086260005","Italy"
"1200288900002","Italy"
"13356194","Italy"
"1402016760005","Italy"
"20001049","Italy"
"20002183","Italy"
"20003166","Italy"
"20003234","Italy"
"20003555","Italy"
"20005733","Italy"
"20005832","Italy"
"20006167","Italy"
"20019907","Italy"
"20026752","Italy"
"20047238","Italy"
"20054793","Italy"
"20072483","Italy"
"20082925","Italy"
"20097776","Italy"
"20114701","Italy"
"20115005","Italy"
"20116705","Italy"
"20177089","Italy"
"20177201","Italy"
"20177218","Italy"
"20201838","Italy"
"20267605","Italy"
"20275051","Italy"
"20276515","Italy"
"20276539","Italy"
"20337698","Italy"
"20349486","Italy"
"20368197","Italy"
"20422103","Italy"
"20430733","Italy"
"20443382","Italy"
"20469900","Italy"
"20692285","Italy"
"20707170","Italy"
"20757809","Italy"
"20810405","Italy"
"20815394","Italy"
"20815400","Italy"
"20836573","Italy"
"20941130","Italy"
"20995553","Italy"
"3017620420702","Italy"
"3017620421006","Italy"
"3017620422003","Italy"
"3017620425035","Italy"
"3017760002707","Italy"
"3017760628198","Italy"
"3023290012079","Italy"
"3023470001015","Italy"
"3033490004743","Italy"
"3036810201280","Italy"
"3045140105502","Italy"
"3045140280803","Italy"
"3046920010047","Italy"
"3046920016377","Italy"
"3046920017541","Italy"
"3046920022071","Italy"
"3046920022606","Italy"
"3046920022651","Italy"
"3046920028004","Italy"
"3046920028363","Italy"
"3046920028370","Italy"
"3046920028721","Italy"
"3046920029674","Italy"
"3046920029759","Italy"
"3083680025881","Italy"
"3088542500285","Italy"
"3155250367094","Italy"
"3159470000120","Italy"
"3159470001424","Italy"
"3159470005071","Italy"
"3161710000128","Italy"
"3168930010265","Italy"
"3168930010906","Italy"
"3173990026361","Italy"
"3228020481426","Italy"
"3229820129488","Italy"
"3242272346050","Italy"
"3245390039828","Italy"
"3245390039835","Italy"
"3245390068682","Italy"
"3245390084422","Italy"
"3245390084453","Italy"
"3245390089854","Italy"
"3245411157944","Italy"
"3245411443559","Italy"
"3245411573669","Italy"
"3245412373039","Italy"
"3245412563256","Italy"
"3245412568749","Italy"
"3245412589980","Italy"
"3245412654176","Italy"
"3245412654305","Italy"
"3245412738289","Italy"
"3245412901454","Italy"
"3245412980152","Italy"
"3245413451804","Italy"
"3245413458513","Italy"
"3245413497901","Italy"
"3245413504531","Italy"
"3245413812216","Italy"
"3245413922403","Italy"
"3245413922465","Italy"
"3245414021068","Italy"
"3245414104686","Italy"
"3245414104730","Italy"
"3254381025887","Italy"
"3270190007418","Italy"
"3270190007425","Italy"
"3270190008606","Italy"
"3270190020165","Italy"
"3270190022534","Italy"
"3270190025535","Italy"
"3270190114055","Italy"
"3270190117209","Italy"
"3270190122852","Italy"
"3270190127512","Italy"
"3270190127529","Italy"
"3270190127765","Italy"
"3270190127871","Italy"
"3270190128151","Italy"
"3270190128519","Italy"
"3270190128717","Italy"
"3270190151654","Italy"
"3270190153085","Italy"
"3270190155584","Italy"
"3270190175216","Italy"
"3270190178897","Italy"
"3270190180982","Italy"
"3270190197867","Italy"
"3273220081013","Italy"
"3273220081068","Italy"
"3274080005003","Italy"
"3280223108142","Italy"
"3387390320008","Italy"
"3387390320558","Italy"
"3387390325911","Italy"
"3387390326468","Italy"
"3387390331974","Italy"
"3472860051053","Italy"
"3502110003201","Italy"
"3560070048786","Italy"
"3560070048816","Italy"
"3560070060252","Italy"
"3560070100484","Italy"
"3560070108589","Italy"
"3560070142224","Italy"
"3560070149278","Italy"
"3560070157198","Italy"
"3560070167470","Italy"
"3560070168651","Italy"
"3560070179886","Italy"
"3560070215713","Italy"
"3560070218196","Italy"
"3560070223145","Italy"
"3560070235841","Italy"
"3560070240258","Italy"
"3560070242788","Italy"
"3560070254699","Italy"
"3560070275267","Italy"
"3560070275328","Italy"
"3560070276141","Italy"
"3560070323289","Italy"
"3560070339617","Italy"
"3560070373628","Italy"
"3560070379736","Italy"
"3560070386352","Italy"
"3560070387427","Italy"
"3560070393589","Italy"
"3560070393619","Italy"
"3560070401826","Italy"
"3560070419456","Italy"
"3560070420148","Italy"
"3560070420179","Italy"
"3560070429080","Italy"
"3560070439140","Italy"
"3560070439881","Italy"
"3560070472918","Italy"
"3560070478637","Italy"
"3560070479900","Italy"
"3560070487363","Italy"
"3560070496891","Italy"
"3560070510771","Italy"
"3560070514847","Italy"
"3560070519309","Italy"
"3560070541362","Italy"
"3560070614202","Italy"
"3560070669981","Italy"
"3560070682683","Italy"
"3560070701407","Italy"
"3560070707294","Italy"
"3560070720859","Italy"
"3560070725618","Italy"
"3560070737017","Italy"
"3560070737048","Italy"
"3560070737079","Italy"
"3560070737710","Italy"
"3560070759323","Italy"
"3560070776597","Italy"
"3560070792368","Italy"
"3560070794744","Italy"
"3560070797493","Italy"
"3560070800209","Italy"
"3560070800292","Italy"
"3560070811373","Italy"
"3560070820115","Italy"
"3560070820221","Italy"
"3560070820542","Italy"
"3560070820566","Italy"
"3560070820597","Italy"
"3560070820603","Italy"
"3560070822294","Italy"
"3560070823246","Italy"
"3560070823291","Italy"
"3560070825219","Italy"
"3560070829651","Italy"
"3560070830596","Italy"
"3560070837052","Italy"
"3560070837984","Italy"
"3560070850792","Italy"
"3560070856596","Italy"
"3560070869886","Italy"
"3560070918126","Italy"
"3560070918560","Italy"
"3560070926930","Italy"
"3560070930036","Italy"
"3560070931835","Italy"
"3560070955589","Italy"
"3560070957156","Italy"
"3560070966684","Italy"
"3560070967209","Italy"
"3560070969760","Italy"
"3560070969852","Italy"
"3560070983247","Italy"
"3560070984206","Italy"
"3560070998661","Italy"
"3560070998722","Italy"
"3560070998753","Italy"
"3560070998784","Italy"
"3560071005214","Italy"
"3560071008574","Italy"
"3560071012243","Italy"
"3560071012403","Italy"
"3560071012410","Italy"
"3560071013004","Italy"
"3560071013011","Italy"
"3560071013035","Italy"
"3560071013042","Italy"
"3560071013059","Italy"
"3560071013097","Italy"
"3560071013110","Italy"
"3560071013127","Italy"
"3560071013196","Italy"
"3560071014094","Italy"
"3560071014247","Italy"
"3560071015725","Italy"
"3560071016074","Italy"
"3560071046897","Italy"
"3560071049799","Italy"
"3560071050115","Italy"
"3560071062316","Italy"
"3560071062439","Italy"
"3560071082765","Italy"
"3560071083021","Italy"
"3560071083465","Italy"
"3560071083991","Italy"
"3560071084042","Italy"
"3560071084059","Italy"
"3560071090821","Italy"
"3560071095246","Italy"
"3560071095659","Italy"
"3560071096090","Italy"
"3560071096984","Italy"
"3560071097011","Italy"
"3560071097455","Italy"
"3560071097585","Italy"
"3560071097615","Italy"
"3560071117085","Italy"
"3560071117115","Italy"
"3560071117146","Italy"
"3560071117177","Italy"
"3560071117207","Italy"
"3560071154714","Italy"
"3560071168674","Italy"
"3560071175856","Italy"
"3560071175979","Italy"
"3560071183202","Italy"
"3560071184483","Italy"
"3560071190965","Italy"
"3560071193423","Italy"
"3560071194345","Italy"
"3560071230685","Italy"
"3560071231019","Italy"
"3560071231057","Italy"
"3560071235840","Italy"
"3560071251871","Italy"
"3560071252526","Italy"
"3560071253080","Italy"
"3560071254179","Italy"
"3560071256791","Italy"
"3560071257187","Italy"
"3560071257194","Italy"
"3560071259563","Italy"
"3560071261023","Italy"
"3560071261030","Italy"
"3560071261603","Italy"
"3560071261634","Italy"
"3560071264666","Italy"
"3560071265557","Italy"
"3560071265564","Italy"
"3560071265670","Italy"
"3560071265717","Italy"
"3560071265755","Italy"
"3560071266097","Italy"
"3560071266219","Italy"
"3560071266257","Italy"
"3560071266950","Italy"
"3560071267032","Italy"
"3560071267063","Italy"
"3560071267582","Italy"
"3560071269494","Italy"
"3560071269500","Italy"
"3560071269661","Italy"
"3560071269692","Italy"
"3560071269708","Italy"
"3560071269739","Italy"
"3560071272555","Italy"
"3560071276478","Italy"
"3560071403096","Italy"
"3560071407629","Italy"
"3560071407681","Italy"
"3560071407711","Italy"
"3560071407773","Italy"
"3560071407803","Italy"
"3560071407858","Italy"
"3560071410964","Italy"
"3560071411824","Italy"
"3560071413316","Italy"
"3560071413750","Italy"
"3560071417130","Italy"
"3560071417208","Italy"
"3560071417444","Italy"
"3560071417536","Italy"
"3560071417628","Italy"
"3560071418205","Italy"
"3560071418878","Italy"
"3560071420277","Italy"
"3560071428273","Italy"
"3560071433277","Italy"
"3560071433345","Italy"
"3560071433352","Italy"
"3560071433376","Italy"
"3560071433642","Italy"
"3560071435394","Italy"
"3560071437732","Italy"
"3560071445294","Italy"
"3560071453442","Italy"
"3560071453619","Italy"
"3560071455279","Italy"
"3560071455453","Italy"
"3560071459437","Italy"
"3560071462833","Italy"
"3560071462864","Italy"
"3560071468187","Italy"
"3560071469146","Italy"
"3560071469542","Italy"
"3560071469573","Italy"
"3560071469641","Italy"
"3560071469740","Italy"
"3560071469771","Italy"
"3560071478377","Italy"
"3560071478643","Italy"
"3560071482695","Italy"
"3560071482732","Italy"
"3560071492823","Italy"
"3560071500788","Italy"
"3560071501167","Italy"
"3560071504069","Italy"
"3560071504090","Italy"
"3560071525521","Italy"
"3560071533366","Italy"
"3560071534332","Italy"
"3560071534349","Italy"
"3564700019252","Italy"
"3583787458693","Italy"
"3596710307289","Italy"
"3608418898461","Italy"
"3760056260069","Italy"
"3760077534835","Italy"
"3760113766121","Italy"
"3770010799153","Italy"
"3800233074383","Italy"
"4000339035229","Italy"
"4000417026002","Italy"
"4000417700001","Italy"
"4000417702005","Italy"
"4002359006715","Italy"
"4002359014895","Italy"
"4002359650178","Italy"
"4002359654688","Italy"
"4006402010100","Italy"
"4008400191423","Italy"
"4008400221021","Italy"
"4008400260921","Italy"
"4008400290126","Italy"
"4008400290423","Italy"
"40084725","Italy"
"4011100005846","Italy"
"4011100005884","Italy"
"4011800571214","Italy"
"4017100370007","Italy"
"4021700900021","Italy"
"4056489028109","Italy"
"4056489038627","Italy"
"4056489041313","Italy"
"4056489068198","Italy"
"4056489068204","Italy"
"4056489068211","Italy"
"4056489095897","Italy"
"4056489108122","Italy"
"4056489109754","Italy"
"4056489181293","Italy"
"4056489182528","Italy"
"4056489187813","Italy"
"4056489209980","Italy"
"4056489210016","Italy"
"4056489215226","Italy"
"4056489216162","Italy"
"4056489216223","Italy"
"4056489216230","Italy"
"4056489216247","Italy"
"4056489230403","Italy"
"4056489232872","Italy"
"4056489254683","Italy"
"4056489255499","Italy"
"4056489273264","Italy"
"4056489296805","Italy"
"4056489300786","Italy"
"4056489346357","Italy"
"4056489346364","Italy"
"4056489356042","Italy"
"4056489357117","Italy"
"4056489376194","Italy"
"4056489406662","Italy"
"4056489406679","Italy"
"4056489424918","Italy"
"4056489424925","Italy"
"4056489440116","Italy"
"4056489441281","Italy"
"4056489467953","Italy"
"4056489469568","Italy"
"4056489470847","Italy"
"4056489472261","Italy"
"4056489530091","Italy"
"4056489541806","Italy"
"4056489541813","Italy"
"4056489615958","Italy"
"4056489628347","Italy"
"4056489632078","Italy"
"4056489682677","Italy"
"4056489685937","Italy"
"4056489695417","Italy"
"4056489719830","Italy"
"4056489721413","Italy"
"4056489724070","Italy"
"4056489733645","Italy"
"4056489749455","Italy"
"4056489759096","Italy"
"4056489774747","Italy"
"4056489774754","Italy"
"4056489849742","Italy"
"4056489891529","Italy"
"4056489892441","Italy"
"4056489906834","Italy"
"4056489917953","Italy"
"4056489920069","Italy"
"4056489940203","Italy"
"4056489996835","Italy"
"4058094300502","Italy"
"4061458024068","Italy"
"4061462615481","Italy"
"4067796000269","Italy"
"40822938","Italy"
"40893532","Italy"
"40896243","Italy"
"42104964","Italy"
"42105220","Italy"
"4335619020337","Italy"
"4335619022607","Italy"
"4335619057487","Italy"
"4335619172708","Italy"
"5000108478119","Italy"
"5000112557664","Italy"
"5000112565348","Italy"
"5000112594218","Italy"
"5000159386821","Italy"
"5000159419291","Italy"
"5000159459228","Italy"
"5000159492737","Italy"
"5000159528368","Italy"
"5000189983281","Italy"
"5010029000092","Italy"
"5010029201246","Italy"
"5010477348357","Italy"
"5010477348630","Italy"
"5010477348678","Italy"
"5011013100156","Italy"
"50184453","Italy"
"5053827139229","Italy"
"5053827140126","Italy"
"5053827190046","Italy"
"5053990107339","Italy"
"5053990127726","Italy"
"5053990155354","Italy"
"5053990155941","Italy"
"5053990156009","Italy"
"5053990162734","Italy"
"5053990164158","Italy"
"5053990167807","Italy"
"5053990167845","Italy"
"5059319002323","Italy"
"5059319016573","Italy"
"5059319016603","Italy"
"5059319021157","Italy"
"5059319025681","Italy"
"5059319031200","Italy"
"5059319033136","Italy"
"5059319035802","Italy"
"5059319035987","Italy"
"5059321007149","Italy"
"5200106871183","Italy"
"5201004021328","Italy"
"5201054017111","Italy"
"5201054017616","Italy"
"5202390020407","Italy"
"5202390021121","Italy"
"5391532121710","Italy"
"5391532124162","Italy"
"5391532124179","Italy"
"5400101201712","Italy"
"5400101225091","Italy"
"5407003032956","Italy"
"5410041000900","Italy"
"5410041001204","Italy"
"5410126006339","Italy"
"5410126006360","Italy"
"5410126116236","Italy"
"5410126116953","Italy"
"5410126716016","Italy"
"5411188094159","Italy"
"5411188110835","Italy"
"5411188110842","Italy"
"5411188115366","Italy"
"5411188116592","Italy"
"5411188118961","Italy"
"5411188119098","Italy"
"5411188122661","Italy"
"5411188124726","Italy"
"5411188127697","Italy"
"5411188128311","Italy"
"5411188129899","Italy"
"5411188130055","Italy"
"5411188136552","Italy"
"5411188137955","Italy"
"5411188137979","Italy"
"5411188553304","Italy"
"5412841601240","Italy"
"5413548280189","Italy"
"5425600102483","Italy"
"5449000000439","Italy"
"5449000000996","Italy"
"5449000009067","Italy"
"5449000051981","Italy"
"5449000054227","Italy"
"5449000131805","Italy"
"5449000131836","Italy"
"5449000133328","Italy"
"5449000133335","Italy"
"5449000214799","Italy"
"5449000214911","Italy"
"5449000233295","Italy"
"5449000335906","Italy"
"5600826202982","Italy"
"5600826203613","Italy"
"5601045300022","Italy"
"5900020023797","Italy"
"5900020043481","Italy"
"5900020043832","Italy"
"5900020044129","Italy"
"5900130036335","Italy"
"5900617002617","Italy"
"5900617002983","Italy"
"5900617030788","Italy"
"5900617030795","Italy"
"5900951311321","Italy"
"7300400111119","Italy"
"7300400118101","Italy"
"7300400481571","Italy"
"7300400481588","Italy"
"7300400481595","Italy"
"7311070019780","Italy"
"7311070346916","Italy"
"7394376616709","Italy"
"75041670","Italy"
"7591002000547","Italy"
"7613031514274","Italy"
"7613035619425","Italy"
"7613035619456","Italy"
"7614500010013","Italy"
"7614500010617","Italy"
"7622201691028","Italy"
"7622201691042","Italy"
"7622201764692","Italy"
"7622202214530","Italy"
"7622210406354","Italy"
"7622210717870","Italy"
"7622300086404","Italy"
"7622300336738","Italy"
"7622300441937","Italy"
"7622300571351","Italy"
"7622300631574","Italy"
"7622300744663","Italy"
"7622300784751","Italy"
"7622400006753","Italy"
"7622400013935","Italy"
"8000320010095","Italy"
"8000430135268","Italy"
"8000430138719","Italy"
"8000430171013","Italy"
"8000430172010","Italy"
"8000430194227","Italy"
"8000500032237","Italy"
"8000500034743","Italy"
"8000500111581","Italy"
"8000500179864","Italy"
"8000500217078","Italy"
"8000500267035","Italy"
"8000500267103","Italy"
"8000500269169","Italy"
"8000500283219","Italy"
"8000500310427","Italy"
"8000500359815","Italy"
"8000500359884","Italy"
"8000500384664","Italy"
"8000500385807","Italy"
"8000500391228","Italy"
"8000500398418","Italy"
"8000500415573","Italy"
"8000500416983","Italy"
"8000500417539","Italy"
"8000500425183","Italy"
"8000500426494","Italy"
"8000500435472","Italy"
"8000500435557","Italy"
"8000500435670","Italy"
"8000500435700","Italy"
"8000550502803","Italy"
"8001010076568","Italy"
"8001100067025","Italy"
"8001100067032","Italy"
"8001100069715","Italy"
"8001100069739","Italy"
"8001100070551","Italy"
"8001120828958","Italy"
"8001122004107","Italy"
"8001250009999","Italy"
"8001250120076","Italy"
"8001250120120","Italy"
"8001250120342","Italy"
"8001250120410","Italy"
"8001250220011","Italy"
"8001310810626","Italy"
"8001405000024","Italy"
"8001420003406","Italy"
"8001585001040","Italy"
"8001585001224","Italy"
"8001620015643","Italy"
"8001630011949","Italy"
"8001665712859","Italy"
"8001665725774","Italy"
"8002190001395","Italy"
"8002190001432","Italy"
"8002190001449","Italy"
"8002190001517","Italy"
"8002190001616","Italy"
"8002190001807","Italy"
"8002190001852","Italy"
"8002190001913","Italy"
"8002190002965","Italy"
"8002190006109","Italy"
"8002190006147","Italy"
"8002190006512","Italy"
"8002190006529","Italy"
"8002190006734","Italy"
"8002190006765","Italy"
"8002190006918","Italy"
"8002270014901","Italy"
"8002352304005","Italy"
"80024101","Italy"
"8002580004166","Italy"
"8002590043148","Italy"
"8002590043155","Italy"
"8002590043315","Italy"
"8002590043353","Italy"
"8002590043391","Italy"
"8002590048402","Italy"
"8002590048785","Italy"
"8002590057541","Italy"
"8002590077037","Italy"
"8002590077044","Italy"
"8002670168631","Italy"
"8002670504019","Italy"
"8002724002966","Italy"
"8002802102083","Italy"
"8002885003406","Italy"
"8002885004557","Italy"
"8002885007480","Italy"
"8003170073432","Italy"
"8003180908564","Italy"
"8003340073545","Italy"
"8004030026018","Italy"
"8004172000341","Italy"
"8004192202008","Italy"
"80042532","Italy"
"80042563","Italy"
"8004275001115","Italy"
"8004690051573","Italy"
"8004690612804","Italy"
"8005110000775","Italy"
"8005110004674","Italy"
"8005110004742","Italy"
"8005110005404","Italy"
"8005110060007","Italy"
"8005110170300","Italy"
"8005110170324","Italy"
"8005110171215","Italy"
"8005110172106","Italy"
"8005110518003","Italy"
"8005110630408","Italy"
"8005110630569","Italy"
"80051411","Italy"
"80052043","Italy"
"80052760","Italy"
"80053835","Italy"
"8006380215258","Italy"
"8006380226032","Italy"
"8007153001016","Italy"
"8007270110158","Italy"
"8007270127903","Italy"
"8008343200059","Italy"
"8008343200134","Italy"
"8008343200486","Italy"
"8008343200516","Italy"
"8008343200660","Italy"
"8008343200851","Italy"
"8008343201179","Italy"
"8008490000021","Italy"
"8008698002070","Italy"
"8008698002223","Italy"
"8008698004845","Italy"
"8008698005491","Italy"
"8008698007303","Italy"
"8008698009024","Italy"
"8008698028551","Italy"
"8008698040782","Italy"
"8009245001010","Italy"
"8009750923845","Italy"
"8009750923852","Italy"
"8010265640202","Italy"
"8010721001509","Italy"
"8013355501278","Italy"
"8013355501506","Italy"
"8013355501520","Italy"
"8013355998702","Italy"
"8013355999143","Italy"
"8013355999679","Italy"
"80135876","Italy"
"8017596057105","Italy"
"8017596066961","Italy"
"8017596077226","Italy"
"8017596107008","Italy"
"8017596112682","Italy"
"80177609","Italy"
"8019428000105","Italy"
"8019428007418","Italy"
"8019428007678","Italy"
"8020141640004","Italy"
"8020141800002","Italy"
"8023678161363","Italy"
"8023678162322","Italy"
"8027890009175","Italy"
"80310891","Italy"
"8032998903300","Italy"
"8032998903973","Italy"
"8034066307003","Italy"
"8034066307034","Italy"
"8034066307089","Italy"
"8034066307317","Italy"
"8034066309120","Italy"
"80369691","Italy"
"80412021","Italy"
"80444916","Italy"
"8052575090131","Italy"
"8052575090179","Italy"
"8052745690116","Italy"
"8057192001430","Italy"
"80602316","Italy"
"80761761","Italy"
"8076800105056","Italy"
"8076800105735","Italy"
"8076800195019","Italy"
"8076800195033","Italy"
"8076800195057","Italy"
"8076800376999","Italy"
"8076802085738","Italy"
"8076802085912","Italy"
"8076802085981","Italy"
"8076808050440","Italy"
"8076809504720","Italy"
"8076809504751","Italy"
"8076809507110","Italy"
"8076809512060","Italy"
"8076809512077","Italy"
"8076809512114","Italy"
"8076809513388","Italy"
"8076809513722","Italy"
"8076809514064","Italy"
"8076809516648","Italy"
"8076809516655","Italy"
"8076809517300","Italy"
"8076809517706","Italy"
"8076809517751","Italy"
"8076809517966","Italy"
"8076809518581","Italy"
"8076809519984","Italy"
"8076809520003","Italy"
"8076809521543","Italy"
"8076809522533","Italy"
"8076809523547","Italy"
"8076809523738","Italy"
"8076809527033","Italy"
"8076809529433","Italy"
"8076809529969","Italy"
"8076809530002","Italy"
"8076809541305","Italy"
"8076809542005","Italy"
"8076809542753","Italy"
"8076809543934","Italy"
"8076809544504","Italy"
"8076809545396","Italy"
"8076809545440","Italy"
"8076809568357","Italy"
"8076809571487","Italy"
"8076809572569","Italy"
"8076809572828","Italy"
"8076809572873","Italy"
"8076809572897","Italy"
"8076809573252","Italy"
"8076809573757","Italy"
"8076809574082","Italy"
"8076809576598","Italy"
"8076809579438","Italy"
"8076809579568","Italy"
"8076809580601","Italy"
"8076809580618","Italy"
"8076809580670","Italy"
"8076809580694","Italy"
"8076809580700","Italy"
"8076809580724","Italy"
"8076809580748","Italy"
"8076809580755","Italy"
"8076809580762","Italy"
"8076809581318","Italy"
"8076809581868","Italy"
"8076809582155","Italy"
"8076809582162","Italy"
"8076809582193","Italy"
"8076809582209","Italy"
"8076809582643","Italy"
"8076809584531","Italy"
"8076809584593","Italy"
"8076809584746","Italy"
"8076809585200","Italy"
"80809180","Italy"
"8402001012310","Italy"
"8410076481597","Italy"
"8410076601445","Italy"
"8410076610430","Italy"
"8410188012092","Italy"
"8410199002402","Italy"
"8410376014051","Italy"
"8410376016789","Italy"
"8410376017113","Italy"
"8410376026979","Italy"
"8410376039375","Italy"
"8410376039979","Italy"
"8410376039986","Italy"
"8410376040425","Italy"
"8410376042887","Italy"
"8410376042894","Italy"
"8410376045499","Italy"
"8410376047578","Italy"
"8410376050424","Italy"
"8410376055795","Italy"
"8410376058260","Italy"
"8431876066913","Italy"
"8445290728791","Italy"
"8445290970985","Italy"
"8480000808943","Italy"
"8594014861556","Italy"
"8710100126402","Italy"
"8710100127300","Italy"
"8710398162045","Italy"
"87108019","Italy"
"8711299020427","Italy"
"8711299020540","Italy"
"8711299100143","Italy"
"8711327606234","Italy"
"8715035110106","Italy"
"8715035110809","Italy"
"8715035130104","Italy"
"8715700117829","Italy"
"8715700421353","Italy"
"87157451","Italy"
"8719979201470","Italy"
"8720182127426","Italy"
"8720182127440","Italy"
"8720182394439","Italy"
"8722700197508","Italy"
"9002490100070","Italy"
"9002490208592","Italy"
"9002975301558","Italy"
"90162800","Italy"
"90375323","Italy"
"0024000001669","Japan"
"0038000916106","Japan"
"00490344","Japan"
"0051000142931","Japan"
"0073899171830","Japan"
"0074880004014","Japan"
"0074880057386","Japan"
"0074880061703","Japan"
"0077377048690","Japan"
"0078895138771","Japan"
"0078895731033","Japan"
"0079783406125","Japan"
"0096619228560","Japan"
"0096619363797","Japan"
"0096619533602","Japan"
"0096619816927","Japan"
"0096619998609","Japan"
"01134866","Japan"
"04014407","Japan"
"0454650024730","Japan"
"0472432000192","Japan"
"0475280600651","Japan"
"0484410000674","Japan"
"0484441000636","Japan"
"0486001000704","Japan"
"0490820039135","Japan"
"0497152180559","Japan"
"0688665000148","Japan"
"0770795800016","Japan"
"0858764000367","Japan"
"0888849003495","Japan"
"0891756000433","Japan"
"1409060054227","Japan"
"19010854","Japan"
"20003494","Japan"
"30000117","Japan"
"30000131","Japan"
"3019080040070","Japan"
"3019080066018","Japan"
"3019081239640","Japan"
"3023260030928","Japan"
"3036810207923","Japan"
"3038352880206","Japan"
"3038359002649","Japan"
"3065620011017","Japan"
"3068320116266","Japan"
"3073781180497","Japan"
"3080920981983","Japan"
"3083680020787","Japan"
"3090291386874","Japan"
"3165950210651","Japan"
"3165958322011","Japan"
"3165958535015","Japan"
"3222476547255","Japan"
"3222476547262","Japan"
"3226219008072","Japan"
"3228021170046","Japan"
"3228023920090","Japan"
"3229820181950","Japan"
"3252970006057","Japan"
"3252970006163","Japan"
"3252970700115","Japan"
"3263670014457","Japan"
"3263670123616","Japan"
"3263859352912","Japan"
"3265261231601","Japan"
"3265266075026","Japan"
"3289196260291","Japan"
"3292483220243","Japan"
"3292483420193","Japan"
"3347435023011","Japan"
"3428274050113","Japan"
"3487400001986","Japan"
"3497917000938","Japan"
"3507170120028","Japan"
"3516661350004","Japan"
"3760122961999","Japan"
"3838929620095","Japan"
"3871690001045","Japan"
"4000446001629","Japan"
"4000446001674","Japan"
"4052917759973","Japan"
"4067796173055","Japan"
"45019517","Japan"
"4511413405611","Japan"
"45116568","Japan"
"45130571","Japan"
"4514603410617","Japan"
"4514603463514","Japan"
"45173639","Japan"
"45207099","Japan"
"45210624","Japan"
"4524785508422","Japan"
"4528462600751","Japan"
"4549414087192","Japan"
"4549414284980","Japan"
"4549414373493","Japan"
"4549741538350","Japan"
"4550182145595","Japan"
"4550512058328","Japan"
"4550512496410","Japan"
"4550583825096","Japan"
"4550583992545","Japan"
"4562214820950","Japan"
"4571440450015","Japan"
"4589850828232","Japan"
"4600068050786","Japan"
"4600375914399","Japan"
"4600495000019","Japan"
"4600508729289","Japan"
"4600605026533","Japan"
"4600605033470","Japan"
"4600631007186","Japan"
"4600680023472","Japan"
"4600680025582","Japan"
"4600680027463","Japan"
"4600680028347","Japan"
"4600680028514","Japan"
"4600699508045","Japan"
"4600699510987","Japan"
"4600765025506","Japan"
"4601021053943","Japan"
"4601025115425","Japan"
"4601347009464","Japan"
"4601347013188","Japan"
"4601351019954","Japan"
"4601751021106","Japan"
"4601916000571","Japan"
"4602292015425","Japan"
"4602481809156","Japan"
"4603766425511","Japan"
"4603767010105","Japan"
"4604248000851","Japan"
"4604248002640","Japan"
"4604248019662","Japan"
"4604921001960","Japan"
"4605463006710","Japan"
"4605504522711","Japan"
"4605627012229","Japan"
"4605825004644","Japan"
"4605825006730","Japan"
"4606038061806","Japan"
"4606038072888","Japan"
"4606068200602","Japan"
"4606779609404","Japan"
"4606779970504","Japan"
"4607002999323","Japan"
"4607004892608","Japan"
"4607012370846","Japan"
"4607012937421","Japan"
"4607015232653","Japan"
"4607016242460","Japan"
"4607016248080","Japan"
"4607016310251","Japan"
"4607018912460","Japan"
"4607034541019","Japan"
"4607042439155","Japan"
"4607065580902","Japan"
"4607065711757","Japan"
"4607065715953","Japan"
"4607065736965","Japan"
"4607109843741","Japan"
"4607121294460","Japan"
"4607121295337","Japan"
"4607121295795","Japan"
"4607150930025","Japan"
"4607160450063","Japan"
"4607160451879","Japan"
"4607163095728","Japan"
"4607976352858","Japan"
"4610003254841","Japan"
"4610003254858","Japan"
"4610030032405","Japan"
"4610085952765","Japan"
"4610169560862","Japan"
"4610169561098","Japan"
"4610169566017","Japan"
"4610169566024","Japan"
"4610169567175","Japan"
"4610274540018","Japan"
"4613456943676","Japan"
"4620004170132","Japan"
"4620017452317","Japan"
"4620017455806","Japan"
"4620017459934","Japan"
"4620021191868","Japan"
"4620031676386","Japan"
"4620032651887","Japan"
"46267733","Japan"
"4627121170243","Japan"
"4627129930115","Japan"
"4630007984582","Japan"
"4630007984643","Japan"
"4630024630776","Japan"
"4630146040590","Japan"
"4633166008496","Japan"
"4640033503886","Japan"
"4640167403809","Japan"
"4640174750040","Japan"
"4640174750385","Japan"
"4650075429709","Japan"
"4650243872016","Japan"
"4650243872535","Japan"
"4660011135069","Japan"
"4660085515163","Japan"
"4670082503957","Japan"
"4673446669146","Japan"
"4673446750011","Japan"
"4673447397956","Japan"
"4673728135932","Japan"
"4680021883828","Japan"
"4680032565102","Japan"
"4680036919352","Japan"
"4680046720375","Japan"
"4680046721273","Japan"
"4680046721907","Japan"
"4680046722300","Japan"
"4680046729545","Japan"
"4680046729934","Japan"
"4680089890486","Japan"
"4680089890943","Japan"
"4680089891360","Japan"
"4690228107436","Japan"
"4690329014077","Japan"
"4690388008062","Japan"
"4710096001145","Japan"
"4710126206298","Japan"
"4710298240410","Japan"
"4710339006418","Japan"
"4711115020024","Japan"
"4711115020086","Japan"
"4711256280141","Japan"
"4711931033000","Japan"
"4711931034229","Japan"
"4711931034649","Japan"
"4711931034830","Japan"
"4711931036834","Japan"
"4712867851461","Japan"
"4712966542147","Japan"
"4713072170262","Japan"
"4714221130137","Japan"
"4714947000134","Japan"
"4717677148886","Japan"
"4719864781104","Japan"
"4734035071648","Japan"
"4740003002750","Japan"
"4740012034971","Japan"
"4740012036548","Japan"
"4740012600169","Japan"
"4740019007985","Japan"
"4740029052708","Japan"
"4740036009719","Japan"
"4740036016229","Japan"
"4740036016250","Japan"
"4740036016434","Japan"
"4740036017547","Japan"
"4740046005992","Japan"
"4740053000447","Japan"
"4740059811658","Japan"
"4740072130514","Japan"
"4740072132518","Japan"
"4740072254050","Japan"
"4740073072783","Japan"
"4740086005075","Japan"
"4740086008526","Japan"
"4740086020719","Japan"
"4740086021211","Japan"
"4740086026971","Japan"
"4740103011164","Japan"
"4740103098103","Japan"
"4740113090012","Japan"
"4740125120028","Japan"
"4740125383034","Japan"
"4740125410020","Japan"
"4740125523089","Japan"
"4740125633184","Japan"
"4740158007709","Japan"
"4740171185736","Japan"
"4740296007463","Japan"
"4740493031032","Japan"
"4740572001758","Japan"
"4740636995559","Japan"
"4742231004551","Japan"
"4742382000105","Japan"
"4742476005726","Japan"
"4744130013504","Japan"
"4744743011348","Japan"
"47463141","Japan"
"4750001011104","Japan"
"4750007817809","Japan"
"4750007848216","Japan"
"4750020030261","Japan"
"4750022001429","Japan"
"4750022021014","Japan"
"4750022056153","Japan"
"4750022074089","Japan"
"4750024001946","Japan"
"4750024002691","Japan"
"4750024002721","Japan"
"4750025470697","Japan"
"4750025470710","Japan"
"4750025570717","Japan"
"4750025890310","Japan"
"4750025893960","Japan"
"4750025897906","Japan"
"4750050310463","Japan"
"4750050341511","Japan"
"4750072112816","Japan"
"4750072410967","Japan"
"4750072513767","Japan"
"4750075901509","Japan"
"47500891","Japan"
"4750109159562","Japan"
"4750121140548","Japan"
"4750121154149","Japan"
"4750133070024","Japan"
"4750133722114","Japan"
"4750145022547","Japan"
"4750192732833","Japan"
"4750211416010","Japan"
"4750212900372","Japan"
"4750212902147","Japan"
"4750234101757","Japan"
"4750259017538","Japan"
"4750485001240","Japan"
"4750604000000001000000","Japan"
"4751000805411","Japan"
"4751003924072","Japan"
"4751007733144","Japan"
"4751007737449","Japan"
"4751017402948","Japan"
"4751018892090","Japan"
"4751018892267","Japan"
"4751019538690","Japan"
"4751019538775","Japan"
"4751041001254","Japan"
"4752050007961","Japan"
"4752050013566","Japan"
"4752050014235","Japan"
"4752050015201","Japan"
"4752050018448","Japan"
"4752050023046","Japan"
"4752050120110","Japan"
"4752050210880","Japan"
"4752050234725","Japan"
"4752050966596","Japan"
"4760081604400","Japan"
"4760088700051","Japan"
"4770063234624","Japan"
"4770068196590","Japan"
"4770068199416","Japan"
"4770068199935","Japan"
"4770068200815","Japan"
"4770107252812","Japan"
"4770107252829","Japan"
"4770107252966","Japan"
"4770107253444","Japan"
"4770107253468","Japan"
"4770107253505","Japan"
"4770107254007","Japan"
"4770107254533","Japan"
"4770123207339","Japan"
"4770135205163","Japan"
"4770135217005","Japan"
"4770149214472","Japan"
"4770163199311","Japan"
"4770163200123","Japan"
"4770163202103","Japan"
"4770163838111","Japan"
"4770163838128","Japan"
"4770163839071","Japan"
"4770175483156","Japan"
"4770175484047","Japan"
"4770190036214","Japan"
"4770190055567","Japan"
"4770190110006","Japan"
"4770190111287","Japan"
"4770190111355","Japan"
"4770190136327","Japan"
"4770190141468","Japan"
"4770207042597","Japan"
"4770207042603","Japan"
"4770207042702","Japan"
"4770207042849","Japan"
"4770207045666","Japan"
"4770207049732","Japan"
"4770207049992","Japan"
"4770207052220","Japan"
"4770221164411","Japan"
"4770237043106","Japan"
"4770237044011","Japan"
"4770237044103","Japan"
"4770237054072","Japan"
"4770245044287","Japan"
"4770245049237","Japan"
"4770245151282","Japan"
"4770245151442","Japan"
"4770245151459","Japan"
"4770265041242","Japan"
"4770265042911","Japan"
"4770265217500","Japan"
"4770275041423","Japan"
"4770299042086","Japan"
"4770299393829","Japan"
"4770299395984","Japan"
"4770299400343","Japan"
"4770299400572","Japan"
"4770299402620","Japan"
"4770301238391","Japan"
"4770350141192","Japan"
"4770351101027","Japan"
"4770351712797","Japan"
"4770369210445","Japan"
"4770452195918","Japan"
"4770471046673","Japan"
"4770471047106","Japan"
"4770471047151","Japan"
"4770491214786","Japan"
"4770513125069","Japan"
"4770535046090","Japan"
"4770569915768","Japan"
"4770583201410","Japan"
"4770583205203","Japan"
"4770583228301","Japan"
"4770635198309","Japan"
"4770635198989","Japan"
"4770697197661","Japan"
"4770777000157","Japan"
"4771033026089","Japan"
"4771138392232","Japan"
"4771173208512","Japan"
"4771173211291","Japan"
"4771218202529","Japan"
"4771249814869","Japan"
"4771249815996","Japan"
"4771360191078","Japan"
"4771459041383","Japan"
"4771535071099","Japan"
"4779023392206","Japan"
"4779028400722","Japan"
"4779031272545","Japan"
"4779032460118","Japan"
"4779036060734","Japan"
"4779039352690","Japan"
"4779040610383","Japan"
"4779043840275","Japan"
"4779048081857","Japan"
"4779050010142","Japan"
"4779050370109","Japan"
"4779055950191","Japan"
"4792192845991","Japan"
"4800016025709","Japan"
"4800016138560","Japan"
"4800016553325","Japan"
"4800016627286","Japan"
"4800022120061","Japan"
"4800024570611","Japan"
"4800216121041","Japan"
"4800274120031","Japan"
"4800519782031","Japan"
"4801688103719","Japan"
"4803925033551","Japan"
"4806502720097","Japan"
"4806502721476","Japan"
"4806517040395","Japan"
"4807770274473","Japan"
"4809010272027","Japan"
"4810067102007","Japan"
"4810128015062","Japan"
"4810268015489","Japan"
"4810268023880","Japan"
"4810268030376","Japan"
"4810268032738","Japan"
"4810268036163","Japan"
"4810268043031","Japan"
"4810268044816","Japan"
"4810268047619","Japan"
"4810268050954","Japan"
"4810268050978","Japan"
"4810319018322","Japan"
"4810410072964","Japan"
"4810410122638","Japan"
"4810411016561","Japan"
"4810450002280","Japan"
"4810898002644","Japan"
"4811269005578","Japan"
"4811269007176","Japan"
"4811269007954","Japan"
"4811941002062","Japan"
"4820000195430","Japan"
"4820000954419","Japan"
"4820001115567","Japan"
"4820001314489","Japan"
"4820001314625","Japan"
"4820001729580","Japan"
"4820002302058","Japan"
"4820003482568","Japan"
"4820003485453","Japan"
"4820003486658","Japan"
"4820005195091","Japan"
"4820006010942","Japan"
"4820006011147","Japan"
"4820007053627","Japan"
"4820007990120","Japan"
"4820008128317","Japan"
"4820008129475","Japan"
"4820015104755","Japan"
"4820015714367","Japan"
"4820015733542","Japan"
"4820015948816","Japan"
"4820019493060","Japan"
"4820026701554","Japan"
"4820039802422","Japan"
"4820039806383","Japan"
"4820045704123","Japan"
"4820045704130","Japan"
"4820057860541","Japan"
"4820062051897","Japan"
"4820075509033","Japan"
"4820075509071","Japan"
"4820097899808","Japan"
"4820097899907","Japan"
"4820112652708","Japan"
"4820123510929","Japan"
"4820129190293","Japan"
"4820132581460","Japan"
"4820150734848","Japan"
"4820153870482","Japan"
"4820154480154","Japan"
"4820154480215","Japan"
"4820154720823","Japan"
"4820156631042","Japan"
"4820158921004","Japan"
"4820164910306","Japan"
"4820174301606","Japan"
"4820174306373","Japan"
"4820179251616","Japan"
"4820179257427","Japan"
"4820179258752","Japan"
"4820179258820","Japan"
"4820179259162","Japan"
"4820179682342","Japan"
"4820182067532","Japan"
"4820182069024","Japan"
"4820182740121","Japan"
"4820182744020","Japan"
"4820182746918","Japan"
"4820182746932","Japan"
"4820182748813","Japan"
"4820185102155","Japan"
"4820192262750","Japan"
"4820192263313","Japan"
"4820193090871","Japan"
"4820195095812","Japan"
"4820200892931","Japan"
"4820202530176","Japan"
"4820205580017","Japan"
"4820206290571","Japan"
"4820209113112","Japan"
"4820212490590","Japan"
"4820213060044","Japan"
"4820214000094","Japan"
"4820217840581","Japan"
"4820222760454","Japan"
"4820222762892","Japan"
"4820226167976","Japan"
"4820226168447","Japan"
"4820228121945","Japan"
"4820237690708","Japan"
"4820237692603","Japan"
"4820239248211","Japan"
"4820240031482","Japan"
"4820240031505","Japan"
"4820243970030","Japan"
"4820245525535","Japan"
"4820262540344","Japan"
"4820262540351","Japan"
"4823000915831","Japan"
"4823005207719","Japan"
"4823005208020","Japan"
"4823005208808","Japan"
"4823009204080","Japan"
"4823039004872","Japan"
"4823063125253","Japan"
"4823063126915","Japan"
"4823065704609","Japan"
"4823065711010","Japan"
"4823065711638","Japan"
"4823065717258","Japan"
"4823065717951","Japan"
"4823065718323","Japan"
"4823065718361","Japan"
"4823065720401","Japan"
"4823065720500","Japan"
"4823065722733","Japan"
"4823065723938","Japan"
"4823065727561","Japan"
"4823077604492","Japan"
"4823077617829","Japan"
"4823077625589","Japan"
"4823077629518","Japan"
"4823077630484","Japan"
"4823077631856","Japan"
"4823077632532","Japan"
"4823077632594","Japan"
"4823077633324","Japan"
"4823077633348","Japan"
"4823077636400","Japan"
"4823077638459","Japan"
"4823077640001","Japan"
"4823077641411","Japan"
"4823096005614","Japan"
"4823096419633","Japan"
"4823097409817","Japan"
"4823097904749","Japan"
"4823105408016","Japan"
"4840008001199","Japan"
"4840008041348","Japan"
"4840022001991","Japan"
"4840167000729","Japan"
"4840167003072","Japan"
"4840266001320","Japan"
"4840266001337","Japan"
"4840331000227","Japan"
"4840331000920","Japan"
"4840331003235","Japan"
"4841259002058","Japan"
"4841492000163","Japan"
"4841617000382","Japan"
"4860008431512","Japan"
"4860051004022","Japan"
"4860105010375","Japan"
"4860112620048","Japan"
"4870036003582","Japan"
"4870099002737","Japan"
"4870200149931","Japan"
"4870227271257","Japan"
"4890008100361","Japan"
"4891028165552","Japan"
"4891028721147","Japan"
"4891329540171","Japan"
"4892218029166","Japan"
"4897036690017","Japan"
"4897036691489","Japan"
"4897036692288","Japan"
"4897878100279","Japan"
"4898118938317","Japan"
"4901001021789","Japan"
"4901002075422","Japan"
"4901002869878","Japan"
"4901004006714","Japan"
"4901004006813","Japan"
"4901004039040","Japan"
"4901005004009","Japan"
"4901005512436","Japan"
"4901005512580","Japan"
"4901033630690","Japan"
"4901033646080","Japan"
"4901085003800","Japan"
"4901085046449","Japan"
"4901085179611","Japan"
"4901085659526","Japan"
"4901111558953","Japan"
"4901111645653","Japan"
"4901111968936","Japan"
"4901111994959","Japan"
"4901112100380","Japan"
"4901112800242","Japan"
"4901112800334","Japan"
"4901160016596","Japan"
"4901166003927","Japan"
"4901201156731","Japan"
"4901306001783","Japan"
"4901306044063","Japan"
"4901306074404","Japan"
"4901315100422","Japan"
"4901321276456","Japan"
"4901330504250","Japan"
"4901330578916","Japan"
"4901330578930","Japan"
"4901330581985","Japan"
"4901330748296","Japan"
"4901330748388","Japan"
"4901335115772","Japan"
"4901335510232","Japan"
"4901340010543","Japan"
"4901360353606","Japan"
"4901360354108","Japan"
"4901385745943","Japan"
"4901551368143","Japan"
"4901567016106","Japan"
"4901567030072","Japan"
"4901592910820","Japan"
"4901620170578","Japan"
"4901630002111","Japan"
"4901726015186","Japan"
"4901777185319","Japan"
"4901777204980","Japan"
"4901777205109","Japan"
"4901777235434","Japan"
"4901777300521","Japan"
"4901777300545","Japan"
"4901777316539","Japan"
"4901777336704","Japan"
"4901777376946","Japan"
"4901777391543","Japan"
"4901777411760","Japan"
"4901777420977","Japan"
"4901810095896","Japan"
"4901820161437","Japan"
"4901872837144","Japan"
"4901940070459","Japan"
"4901990324595","Japan"
"4902032510327","Japan"
"4902036017006","Japan"
"4902070010452","Japan"
"4902070011763","Japan"
"4902102107648","Japan"
"4902102119443","Japan"
"4902102137089","Japan"
"4902102140553","Japan"
"4902102141123","Japan"
"4902102141215","Japan"
"4902102148597","Japan"
"4902102154826","Japan"
"4902102155816","Japan"
"4902102157612","Japan"
"4902105004173","Japan"
"4902105242971","Japan"
"4902106012061","Japan"
"4902110304121","Japan"
"4902121113651","Japan"
"4902124072788","Japan"
"4902154003240","Japan"
"4902179007292","Japan"
"4902181097236","Japan"
"4902188020565","Japan"
"4902188120388","Japan"
"4902188122290","Japan"
"4902201180801","Japan"
"4902201182201","Japan"
"4902201183000","Japan"
"4902201183031","Japan"
"4902388002200","Japan"
"4902401217444","Japan"
"4902401503783","Japan"
"4902494008004","Japan"
"4902494190419","Japan"
"4902586078120","Japan"
"4902590852693","Japan"
"4902663007524","Japan"
"4902705011625","Japan"
"4902705011632","Japan"
"4902705030985","Japan"
"4902705126558","Japan"
"4902720150972","Japan"
"4902750773059","Japan"
"4902775066761","Japan"
"4902775067867","Japan"
"4902777010229","Japan"
"4902777015927","Japan"
"4902777026398","Japan"
"4902797535054","Japan"
"4902820020113","Japan"
"4902831511440","Japan"
"4902856451134","Japan"
"4902882030105","Japan"
"4902888218842","Japan"
"4902888323324","Japan"
"4903001028058","Japan"
"4903015500113","Japan"
"4903015560223","Japan"
"4903050155996","Japan"
"4903050506378","Japan"
"4903065270004","Japan"
"4903110002239","Japan"
"4903110166405","Japan"
"4903326112913","Japan"
"4903333066254","Japan"
"4903333214327","Japan"
"4903333291748","Japan"
"4903379084007","Japan"
"4904910116300","Japan"
"4906436005298","Japan"
"4906623131472","Japan"
"4908101530098","Japan"
"4909411069773","Japan"
"4909411089368","Japan"
"4909411090517","Japan"
"4930726000571","Japan"
"4930726100820","Japan"
"4930726102084","Japan"
"4932503055262","Japan"
"4932503407863","Japan"
"4932503421654","Japan"
"4932503421869","Japan"
"49412901","Japan"
"49415780","Japan"
"4942355104438","Japan"
"4942355112914","Japan"
"4942355130840","Japan"
"4942355171669","Japan"
"4942355190073","Japan"
"4942355211365","Japan"
"4942355227755","Japan"
"4942355232933","Japan"
"4942355250302","Japan"
"4942355266488","Japan"
"4942355273127","Japan"
"4942719609104","Japan"
"49433050","Japan"
"49452976","Japan"
"4946842505975","Japan"
"4946842509539","Japan"
"4946842526345","Japan"
"4946842527823","Japan"
"49480795","Japan"
"49567779","Japan"
"4960462420838","Japan"
"49620214","Japan"
"4962482114513","Japan"
"49698633","Japan"
"4970020170037","Japan"
"4970050061282","Japan"
"4971666488234","Japan"
"4971666488630","Japan"
"4971880148266","Japan"
"4972151037609","Japan"
"4972319927384","Japan"
"4973450156336","Japan"
"4973512279683","Japan"
"4973827070258","Japan"
"4976750524683","Japan"
"4976750672049","Japan"
"49780130","Japan"
"49780741","Japan"
"4979313250524","Japan"
"4979369007622","Japan"
"49815405","Japan"
"4984786805003","Japan"
"4987035089315","Japan"
"4987035092216","Japan"
"4987035092711","Japan"
"4987035332510","Japan"
"4987035338710","Japan"
"4987035576419","Japan"
"4987035648918","Japan"
"49873252","Japan"
"4997483400334","Japan"
"5010029000023","Japan"
"5021047105300","Japan"
"5021554970019","Japan"
"5038862137775","Japan"
"5053990185719","Japan"
"5200101808535","Japan"
"5410126306286","Japan"
"5410126486438","Japan"
"5410126646924","Japan"
"5410358459880","Japan"
"5900749618991","Japan"
"6902007505264","Japan"
"6902265150015","Japan"
"6902265504511","Japan"
"6906303000164","Japan"
"6917790976269","Japan"
"6921204802204","Japan"
"6922507005019","Japan"
"6924673500176","Japan"
"6926475202449","Japan"
"6941084202864","Japan"
"6954767411750","Japan"
"7032069733356","Japan"
"7340001803471","Japan"
"7340191148321","Japan"
"7610023051212","Japan"
"7610400010016","Japan"
"7610800001010","Japan"
"7610849679096","Japan"
"7610849679232","Japan"
"7611100088572","Japan"
"7613269203117","Japan"
"7622300441937","Japan"
"8000430138719","Japan"
"8000500359815","Japan"
"8001770063907","Japan"
"8001876552442","Japan"
"8002590043315","Japan"
"8003340806501","Japan"
"8003340806624","Japan"
"8006165372015","Japan"
"8007290137074","Japan"
"8007290137289","Japan"
"8007900000255","Japan"
"8008245001716","Japan"
"8008857601052","Japan"
"8008910440727","Japan"
"8056157170921","Japan"
"8076800195019","Japan"
"8076802085738","Japan"
"8076809570657","Japan"
"8697439303424","Japan"
"8712566246496","Japan"
"8714100799123","Japan"
"8801043030694","Japan"
"8809059292952","Japan"
"8854761002047","Japan"
"8859078002599","Japan"
"8859473101422","Japan"
"8904320015404","Japan"
"8938507849513","Japan"
"8997035600027","Japan"
"8997035600133","Japan"
"9311627010183","Japan"
"9336243009007","Japan"
"9345544005328","Japan"
"9501025188717","Japan"
"9556041780346","Japan"
"9556041780612","Japan"
"9556041780629","Japan"
"9556041780636","Japan"
"0009800512041","Mexico"
"0012957100016","Mexico"
"0013000001243","Mexico"
"0014100074120","Mexico"
"0014100074649","Mexico"
"0014100079477","Mexico"
"0014100079521","Mexico"
"0014100085478","Mexico"
"0014100085539","Mexico"
"0016000189102","Mexico"
"0016000198159","Mexico"
"0016000275263","Mexico"
"0016000457010","Mexico"
"0016000467576","Mexico"
"0016000506497","Mexico"
"0016000507258","Mexico"
"0017077102322","Mexico"
"0017077103084","Mexico"
"0018627703488","Mexico"
"0019521550000","Mexico"
"0021000026272","Mexico"
"0021000037445","Mexico"
"0021000052288","Mexico"
"0021136010480","Mexico"
"0021136010541","Mexico"
"0024463061095","Mexico"
"0025293001503","Mexico"
"0025293002920","Mexico"
"0025293002937","Mexico"
"0029700001414","Mexico"
"0031200012104","Mexico"
"0031200454560","Mexico"
"0031200610331","Mexico"
"0032239052017","Mexico"
"0032239058118","Mexico"
"0034856008187","Mexico"
"0036200219317","Mexico"
"0037600104999","Mexico"
"0037600105064","Mexico"
"0037600110877","Mexico"
"0038000138973","Mexico"
"0038000184949","Mexico"
"0038000845246","Mexico"
"0038000845529","Mexico"
"0038000846731","Mexico"
"0040600345002","Mexico"
"0041196116632","Mexico"
"0041390000706","Mexico"
"0041449001104","Mexico"
"0041449003153","Mexico"
"0041449300139","Mexico"
"0041449471549","Mexico"
"0041500763668","Mexico"
"0041789001918","Mexico"
"0041790001600","Mexico"
"0041800227006","Mexico"
"0044000043148","Mexico"
"0049508006008","Mexico"
"0049733091015","Mexico"
"0049733830119","Mexico"
"0051500816264","Mexico"
"0052603054454","Mexico"
"0061243710651","Mexico"
"0061243710958","Mexico"
"0064144030323","Mexico"
"0070272232027","Mexico"
"0070847035916","Mexico"
"0070847036043","Mexico"
"0072180634290","Mexico"
"0072250020749","Mexico"
"0072250020756","Mexico"
"0072250023641","Mexico"
"0072250037068","Mexico"
"0072250037129","Mexico"
"0073141150057","Mexico"
"0073472001530","Mexico"
"0073472002001","Mexico"
"0076186000011","Mexico"
"0076840100156","Mexico"
"0076840100583","Mexico"
"0076840529872","Mexico"
"0077901006516","Mexico"
"0077975087312","Mexico"
"0078742065915","Mexico"
"0078742091952","Mexico"
"0078742091976","Mexico"
"0078742283357","Mexico"
"0078742375540","Mexico"
"0078742430331","Mexico"
"0078895128789","Mexico"
"0078895130188","Mexico"
"0078895700015","Mexico"
"0085696608037","Mexico"
"0085696608044","Mexico"
"0085696608051","Mexico"
"0094331043850","Mexico"
"0094331198758","Mexico"
"0094331400004","Mexico"
"0094331400257","Mexico"
"0094331421313","Mexico"
"0096619000081","Mexico"
"0096619001996","Mexico"
"0096619016211","Mexico"
"0096619316274","Mexico"
"0096619346073","Mexico"
"0096619381555","Mexico"
"0096619483556","Mexico"
"0096619525027","Mexico"
"0096619533008","Mexico"
"0096619545346","Mexico"
"0096619605798","Mexico"
"0096619676811","Mexico"
"0096619813896","Mexico"
"0096619885725","Mexico"
"0097339000030","Mexico"
"0097339000054","Mexico"
"0097339000061","Mexico"
"0097339000177","Mexico"
"0097339000214","Mexico"
"0097339010015","Mexico"
"01389706","Mexico"
"0196633854308","Mexico"
"0605388187888","Mexico"
"0608875005146","Mexico"
"0608875005177","Mexico"
"0608875006440","Mexico"
"0608875007713","Mexico"
"0631656710496","Mexico"
"0632565000029","Mexico"
"0633148100617","Mexico"
"0633148100624","Mexico"
"0633148101584","Mexico"
"0636817014253","Mexico"
"0644209307579","Mexico"
"0658480001101","Mexico"
"0658480001262","Mexico"
"0658480001347","Mexico"
"0658480001552","Mexico"
"0658480001958","Mexico"
"0658480002344","Mexico"
"0658480002368","Mexico"
"0661440000205","Mexico"
"0675625397189","Mexico"
"0681131077637","Mexico"
"0684576000048","Mexico"
"0724836088024","Mexico"
"0724865045210","Mexico"
"0724869007641","Mexico"
"0725181249016","Mexico"
"0725226066660","Mexico"
"0731082001004","Mexico"
"0732494000609","Mexico"
"0735051016372","Mexico"
"0735257002513","Mexico"
"0735257003077","Mexico"
"0738545010016","Mexico"
"0738545010030","Mexico"
"0738545010481","Mexico"
"0738545010610","Mexico"
"0738545020015","Mexico"
"0740085250135","Mexico"
"0750005020878","Mexico"
"0757528005047","Mexico"
"0757528026042","Mexico"
"0758104001712","Mexico"
"0789742895050","Mexico"
"0789742896507","Mexico"
"0808806886978","Mexico"
"0808806890425","Mexico"
"0810757012443","Mexico"
"0810990006902","Mexico"
"0815074022809","Mexico"
"0815074022915","Mexico"
"0815099020026","Mexico"
"0818290017734","Mexico"
"0818290018304","Mexico"
"0840370900506","Mexico"
"0850017983519","Mexico"
"0850045609184","Mexico"
"0850045609276","Mexico"
"0863699000191","Mexico"
"0884912014283","Mexico"
"0884912102102","Mexico"
"0884912126016","Mexico"
"0884912126115","Mexico"
"0894700010014","Mexico"
"0894700010052","Mexico"
"0894700010137","Mexico"
"0894700010434","Mexico"
"12112210","Mexico"
"15010087","Mexico"
"15010407","Mexico"
"20293697","Mexico"
"3036810204014","Mexico"
"3038351480100","Mexico"
"3038351483606","Mexico"
"3038351563605","Mexico"
"3159470000120","Mexico"
"3161712996146","Mexico"
"3229820782560","Mexico"
"3560070060252","Mexico"
"4008258442012","Mexico"
"4901515359040","Mexico"
"5000111001540","Mexico"
"5000159461122","Mexico"
"5011038135904","Mexico"
"5011038135911","Mexico"
"5014271330426","Mexico"
"5014271390420","Mexico"
"5050083739811","Mexico"
"5053827111188","Mexico"
"5053827184717","Mexico"
"5201127013101","Mexico"
"5449000000996","Mexico"
"5601008101901","Mexico"
"5901234123457","Mexico"
"6111021013406","Mexico"
"6111021013505","Mexico"
"6111021013604","Mexico"
"7394376620867","Mexico"
"75002343","Mexico"
"75003135","Mexico"
"75003159","Mexico"
"75003180","Mexico"
"7500326818219","Mexico"
"7500327047854","Mexico"
"7500327047878","Mexico"
"7500462648077","Mexico"
"7500462863210","Mexico"
"7500462863272","Mexico"
"7500463015717","Mexico"
"7500463015731","Mexico"
"7500463890406","Mexico"
"7500478004713","Mexico"
"7500478005581","Mexico"
"7500478007271","Mexico"
"7500478010592","Mexico"
"7500478016587","Mexico"
"7500478018192","Mexico"
"7500478022373","Mexico"
"7500478025039","Mexico"
"7500478026036","Mexico"
"7500478027668","Mexico"
"7500478037407","Mexico"
"7500478043927","Mexico"
"7500478044221","Mexico"
"7500478044283","Mexico"
"7500533000827","Mexico"
"7500533001480","Mexico"
"7500533003484","Mexico"
"7500533003941","Mexico"
"7500533004191","Mexico"
"7500533004436","Mexico"
"7500533011359","Mexico"
"7500608000271","Mexico"
"7500608000318","Mexico"
"7500608001667","Mexico"
"75007614","Mexico"
"7500810000977","Mexico"
"7500810003251","Mexico"
"7500810003671","Mexico"
"7500810007792","Mexico"
"7500810011126","Mexico"
"7500810011508","Mexico"
"7500810016787","Mexico"
"7500810020920","Mexico"
"7500810022061","Mexico"
"7500810022702","Mexico"
"7500810022733","Mexico"
"7500810024553","Mexico"
"7500810025024","Mexico"
"7500810027295","Mexico"
"7500810028629","Mexico"
"7500810028636","Mexico"
"7500810029183","Mexico"
"7500810029954","Mexico"
"7500810032978","Mexico"
"7500810036624","Mexico"
"7501000101238","Mexico"
"7501000111503","Mexico"
"7501000111602","Mexico"
"7501000111695","Mexico"
"7501000111800","Mexico"
"7501000111855","Mexico"
"7501000112333","Mexico"
"7501000112845","Mexico"
"7501000131440","Mexico"
"7501000138944","Mexico"
"7501000142804","Mexico"
"7501000153800","Mexico"
"7501000157075","Mexico"
"7501000375288","Mexico"
"7501000375295","Mexico"
"7501000375417","Mexico"
"7501000633357","Mexico"
"7501000651375","Mexico"
"7501000658923","Mexico"
"7501000662616","Mexico"
"7501000662654","Mexico"
"7501001030117","Mexico"
"7501001604103","Mexico"
"7501001604110","Mexico"
"7501001604318","Mexico"
"7501003111739","Mexico"
"7501003124234","Mexico"
"7501003124241","Mexico"
"7501003127235","Mexico"
"7501003184078","Mexico"
"7501003303394","Mexico"
"7501003305428","Mexico"
"7501003308351","Mexico"
"7501003308535","Mexico"
"7501003335128","Mexico"
"7501003336125","Mexico"
"7501003340122","Mexico"
"7501003340139","Mexico"
"7501003340153","Mexico"
"7501005102728","Mexico"
"7501005102735","Mexico"
"7501005106801","Mexico"
"7501005106979","Mexico"
"7501005110242","Mexico"
"7501005110389","Mexico"
"7501005151962","Mexico"
"7501005180306","Mexico"
"7501005199292","Mexico"
"7501006523966","Mexico"
"7501006536942","Mexico"
"7501006560534","Mexico"
"7501006584028","Mexico"
"7501006585209","Mexico"
"7501006585216","Mexico"
"7501008001622","Mexico"
"7501008007860","Mexico"
"7501008007884","Mexico"
"7501008018125","Mexico"
"7501008019450","Mexico"
"7501008023815","Mexico"
"7501008041000","Mexico"
"7501008041291","Mexico"
"7501008042342","Mexico"
"7501008049723","Mexico"
"7501008057032","Mexico"
"7501008057247","Mexico"
"7501008057292","Mexico"
"7501008057490","Mexico"
"7501008058008","Mexico"
"7501008066263","Mexico"
"7501008066324","Mexico"
"7501008066386","Mexico"
"7501008073735","Mexico"
"7501008076521","Mexico"
"7501008101049","Mexico"
"7501008703441","Mexico"
"7501011101456","Mexico"
"7501011101678","Mexico"
"7501011111028","Mexico"
"7501011123588","Mexico"
"7501011123878","Mexico"
"7501011127012","Mexico"
"7501011131064","Mexico"
"7501011133884","Mexico"
"7501011135512","Mexico"
"7501011143524","Mexico"
"7501011143586","Mexico"
"7501011154902","Mexico"
"7501011390492","Mexico"
"7501013103120","Mexico"
"7501013104066","Mexico"
"7501013104493","Mexico"
"7501013105469","Mexico"
"7501013105568","Mexico"
"7501013106923","Mexico"
"7501013106930","Mexico"
"7501013106947","Mexico"
"7501013106954","Mexico"
"7501013107296","Mexico"
"7501013109689","Mexico"
"7501013109757","Mexico"
"7501013610024","Mexico"
"7501017004423","Mexico"
"7501017005062","Mexico"
"7501017005321","Mexico"
"7501017005611","Mexico"
"7501017005925","Mexico"
"7501017006021","Mexico"
"7501017660223","Mexico"
"7501018203849","Mexico"
"7501020512304","Mexico"
"7501020513134","Mexico"
"7501020513295","Mexico"
"7501020514520","Mexico"
"7501020514537","Mexico"
"7501020515299","Mexico"
"7501020527551","Mexico"
"7501020537123","Mexico"
"7501020537970","Mexico"
"7501020540666","Mexico"
"7501020545210","Mexico"
"7501020547054","Mexico"
"7501020550733","Mexico"
"7501020550955","Mexico"
"7501020550962","Mexico"
"7501020550979","Mexico"
"7501020550986","Mexico"
"7501020552928","Mexico"
"7501020556841","Mexico"
"7501020561142","Mexico"
"7501020561906","Mexico"
"7501020561937","Mexico"
"7501020565225","Mexico"
"7501020565355","Mexico"
"7501020565775","Mexico"
"7501020565782","Mexico"
"7501020565799","Mexico"
"7501020565911","Mexico"
"7501020565928","Mexico"
"7501020565942","Mexico"
"7501020565959","Mexico"
"7501020566390","Mexico"
"7501020566581","Mexico"
"7501020567915","Mexico"
"7501022013861","Mexico"
"7501024530274","Mexico"
"7501024577057","Mexico"
"7501025511005","Mexico"
"7501030418399","Mexico"
"7501030418504","Mexico"
"7501030418542","Mexico"
"7501030421221","Mexico"
"7501030424345","Mexico"
"7501030437390","Mexico"
"7501030452553","Mexico"
"7501030461463","Mexico"
"7501030467090","Mexico"
"7501030474739","Mexico"
"7501030490272","Mexico"
"7501030491668","Mexico"
"7501031302741","Mexico"
"7501031310098","Mexico"
"7501031311682","Mexico"
"7501032300043","Mexico"
"7501032300265","Mexico"
"7501032395599","Mexico"
"7501032398255","Mexico"
"7501032399863","Mexico"
"7501033963483","Mexico"
"7501035010260","Mexico"
"7501035421356","Mexico"
"7501037217179","Mexico"
"7501037217223","Mexico"
"7501039122013","Mexico"
"7501039122846","Mexico"
"7501039127285","Mexico"
"7501040000126","Mexico"
"7501040000300","Mexico"
"7501040001161","Mexico"
"7501040001598","Mexico"
"7501040003035","Mexico"
"7501040003455","Mexico"
"7501040003844","Mexico"
"7501040005831","Mexico"
"7501040023965","Mexico"
"7501040027413","Mexico"
"7501040027499","Mexico"
"7501040075858","Mexico"
"7501040083617","Mexico"
"7501040083716","Mexico"
"7501040090028","Mexico"
"7501040090165","Mexico"
"7501040090394","Mexico"
"7501040091476","Mexico"
"7501040092855","Mexico"
"7501040092879","Mexico"
"7501040092886","Mexico"
"7501040093142","Mexico"
"7501040095160","Mexico"
"7501040095177","Mexico"
"7501040095283","Mexico"
"7501040095290","Mexico"
"7501040095313","Mexico"
"7501040095320","Mexico"
"7501040095535","Mexico"
"7501040095979","Mexico"
"7501040097539","Mexico"
"7501040097911","Mexico"
"7501040098109","Mexico"
"7501040098116","Mexico"
"7501041415837","Mexico"
"7501041418371","Mexico"
"7501045400860","Mexico"
"7501045401386","Mexico"
"7501045401423","Mexico"
"7501045403007","Mexico"
"7501045403144","Mexico"
"7501045403182","Mexico"
"7501045404288","Mexico"
"7501052420165","Mexico"
"7501052420172","Mexico"
"7501052470061","Mexico"
"7501052470085","Mexico"
"7501052470238","Mexico"
"7501052472102","Mexico"
"7501052472119","Mexico"
"7501052474069","Mexico"
"7501052474076","Mexico"
"7501054911326","Mexico"
"7501054950479","Mexico"
"7501055300952","Mexico"
"7501055302451","Mexico"
"7501055303786","Mexico"
"7501055304721","Mexico"
"7501055304745","Mexico"
"7501055305339","Mexico"
"7501055305391","Mexico"
"7501055305629","Mexico"
"7501055307906","Mexico"
"7501055310227","Mexico"
"7501055310883","Mexico"
"7501055317653","Mexico"
"7501055317875","Mexico"
"7501055321681","Mexico"
"7501055330683","Mexico"
"7501055330812","Mexico"
"7501055333868","Mexico"
"7501055349005","Mexico"
"7501055350650","Mexico"
"7501055358885","Mexico"
"7501055358892","Mexico"
"7501055359745","Mexico"
"7501055361540","Mexico"
"7501055361557","Mexico"
"7501055371655","Mexico"
"7501055900039","Mexico"
"7501055900046","Mexico"
"7501055900053","Mexico"
"7501055900237","Mexico"
"7501055900800","Mexico"
"7501055901425","Mexico"
"7501055902378","Mexico"
"7501055908097","Mexico"
"7501055909537","Mexico"
"7501055916016","Mexico"
"7501055916030","Mexico"
"7501057710483","Mexico"
"7501057711084","Mexico"
"7501057720147","Mexico"
"7501057720345","Mexico"
"7501057720390","Mexico"
"7501058611062","Mexico"
"7501058616715","Mexico"
"7501058619211","Mexico"
"7501058619228","Mexico"
"7501058620101","Mexico"
"7501058620200","Mexico"
"7501058628503","Mexico"
"7501058631558","Mexico"
"7501058631961","Mexico"
"7501058642134","Mexico"
"7501058652652","Mexico"
"7501058652683","Mexico"
"7501058652690","Mexico"
"7501059214385","Mexico"
"7501059235441","Mexico"
"7501059240681","Mexico"
"7501059241060","Mexico"
"7501059278868","Mexico"
"7501069213811","Mexico"
"7501071120077","Mexico"
"7501071120183","Mexico"
"7501071120305","Mexico"
"7501071301452","Mexico"
"7501071301629","Mexico"
"7501071304095","Mexico"
"7501071304347","Mexico"
"7501071307751","Mexico"
"7501071307782","Mexico"
"7501071308598","Mexico"
"7501071308604","Mexico"
"7501073800908","Mexico"
"7501073830509","Mexico"
"7501073831469","Mexico"
"7501073839854","Mexico"
"7501077400050","Mexico"
"7501077400708","Mexico"
"7501077513941","Mexico"
"7501079700011","Mexico"
"7501079700028","Mexico"
"7501079702817","Mexico"
"7501079704200","Mexico"
"7501101556524","Mexico"
"7501125104268","Mexico"
"7501125104688","Mexico"
"7501125118562","Mexico"
"7501125174797","Mexico"
"7501158414501","Mexico"
"7501200483127","Mexico"
"7501200484087","Mexico"
"7501227201452","Mexico"
"7501295600126","Mexico"
"7501295600157","Mexico"
"7501340700023","Mexico"
"75013820","Mexico"
"75014339","Mexico"
"7501478412065","Mexico"
"7501485800114","Mexico"
"7501491062964","Mexico"
"7501517601153","Mexico"
"7501517602174","Mexico"
"7501518476354","Mexico"
"7501518492521","Mexico"
"7501518492545","Mexico"
"7501639303690","Mexico"
"7501639308398","Mexico"
"7501639308428","Mexico"
"7501761802566","Mexico"
"7501761810394","Mexico"
"7501791608664","Mexico"
"7501791614177","Mexico"
"7501791638623","Mexico"
"7501902770242","Mexico"
"7501952966398","Mexico"
"75020118","Mexico"
"7502209115521","Mexico"
"7502209115835","Mexico"
"7502219838809","Mexico"
"7502223770959","Mexico"
"7502223775732","Mexico"
"7502223776012","Mexico"
"7502223776135","Mexico"
"7502224040693","Mexico"
"7502232251715","Mexico"
"7502249130621","Mexico"
"7502249131789","Mexico"
"7502249133141","Mexico"
"7502252480263","Mexico"
"7502252480669","Mexico"
"7502252480928","Mexico"
"7502252481796","Mexico"
"7502252482236","Mexico"
"7502252482694","Mexico"
"7502252482786","Mexico"
"7502252487064","Mexico"
"7502261259430","Mexico"
"7502261263529","Mexico"
"7502261263918","Mexico"
"7502261264786","Mexico"
"7502268541477","Mexico"
"7502268541484","Mexico"
"7502268548148","Mexico"
"7502271915784","Mexico"
"7503000555011","Mexico"
"7503001189413","Mexico"
"7503002671627","Mexico"
"7503005509088","Mexico"
"7503005898410","Mexico"
"7503006575709","Mexico"
"7503008669055","Mexico"
"7503008669109","Mexico"
"7503008669338","Mexico"
"7503010287247","Mexico"
"7503013543005","Mexico"
"7503013543050","Mexico"
"7503013543555","Mexico"
"7503016385091","Mexico"
"7503016385169","Mexico"
"7503016385176","Mexico"
"7503016385183","Mexico"
"7503019292518","Mexico"
"7503020168215","Mexico"
"7503020964152","Mexico"
"7503022581012","Mexico"
"7503023812719","Mexico"
"7503024085945","Mexico"
"7503025737300","Mexico"
"7503025742144","Mexico"
"7503026364154","Mexico"
"7503026409558","Mexico"
"7503027068075","Mexico"
"7503027974413","Mexico"
"7503029151058","Mexico"
"7503030374019","Mexico"
"7503031287028","Mexico"
"7503034937487","Mexico"
"7503037074820","Mexico"
"7503037273377","Mexico"
"7503037284168","Mexico"
"7503039263635","Mexico"
"7503041627005","Mexico"
"75041670","Mexico"
"7506105606077","Mexico"
"7506174506674","Mexico"
"7506174512200","Mexico"
"7506174512248","Mexico"
"7506192507561","Mexico"
"7506443101074","Mexico"
"7506443102392","Mexico"
"7506443104327","Mexico"
"7506443104426","Mexico"
"7506443105911","Mexico"
"7506443107687","Mexico"
"7506443107694","Mexico"
"7506475101158","Mexico"
"7506475104722","Mexico"
"7506475111546","Mexico"
"7506475112093","Mexico"
"7506475114998","Mexico"
"7506475119399","Mexico"
"7506495002459","Mexico"
"7506495010874","Mexico"
"7506495012694","Mexico"
"7506495014957","Mexico"
"75076894","Mexico"
"7613031300655","Mexico"
"7622210265999","Mexico"
"7622210558671","Mexico"
"7622210561534","Mexico"
"7622210571410","Mexico"
"7622210827951","Mexico"
"7622210833662","Mexico"
"7622300441937","Mexico"
"7622300744663","Mexico"
"77940131","Mexico"
"7809558101947","Mexico"
"7861002900117","Mexico"
"7891000248362","Mexico"
"7898024397915","Mexico"
"8000320010088","Mexico"
"8000320110191","Mexico"
"8000320387975","Mexico"
"8000500220535","Mexico"
"8000500267035","Mexico"
"8001250009999","Mexico"
"8001250310125","Mexico"
"8001585008032","Mexico"
"8002590055417","Mexico"
"8005121000078","Mexico"
"8005121000085","Mexico"
"8005121000146","Mexico"
"8005121000177","Mexico"
"8005121000276","Mexico"
"8005121000740","Mexico"
"80051671","Mexico"
"8008698005231","Mexico"
"8010532000876","Mexico"
"8076800195057","Mexico"
"8076809523738","Mexico"
"8076809580656","Mexico"
"8410010272526","Mexico"
"8410010802006","Mexico"
"8410111603304","Mexico"
"8410179306148","Mexico"
"8410300348955","Mexico"
"8410300349020","Mexico"
"8410300349044","Mexico"
"8410300349051","Mexico"
"8410376010701","Mexico"
"8410762002358","Mexico"
"8411145202549","Mexico"
"8411145202563","Mexico"
"8411320334027","Mexico"
"8412170011434","Mexico"
"8412170014602","Mexico"
"8412170017603","Mexico"
"8412170020726","Mexico"
"8412170022553","Mexico"
"8412170026896","Mexico"
"8412170029774","Mexico"
"8412258303000","Mexico"
"8412600009345","Mexico"
"8412600028568","Mexico"
"8412600029343","Mexico"
"8412600100325","Mexico"
"8414801001494","Mexico"
"8423207210850","Mexico"
"8711200408153","Mexico"
"8715035110106","Mexico"
"8719200450615","Mexico"
"8850389100684","Mexico"
"9002490200220","Mexico"
"0011210697003","Morocco"
"0089686120073","Morocco"
"0089686120110","Morocco"
"06175700","Morocco"
"0769503575261","Morocco"
"0769503575445","Morocco"
"16256163","Morocco"
"16811207","Morocco"
"3017620420702","Morocco"
"3017620421006","Morocco"
"3017620425035","Morocco"
"3017620429484","Morocco"
"3017760756198","Morocco"
"3021769505602","Morocco"
"3023470001015","Morocco"
"3033490004521","Morocco"
"3033710074525","Morocco"
"3033710077274","Morocco"
"3036810230860","Morocco"
"3041090063206","Morocco"
"3045140105502","Morocco"
"3045140118502","Morocco"
"3045320008401","Morocco"
"3046920010047","Morocco"
"3046920016377","Morocco"
"3046920017503","Morocco"
"3046920021043","Morocco"
"3046920022606","Morocco"
"3046920022651","Morocco"
"3046920028004","Morocco"
"3046920028363","Morocco"
"3046920028721","Morocco"
"3046920029674","Morocco"
"3046920029681","Morocco"
"3046920029759","Morocco"
"3046920042932","Morocco"
"3061990141101","Morocco"
"3061990143365","Morocco"
"3073781077025","Morocco"
"3073781111552","Morocco"
"3083680025881","Morocco"
"3088540004440","Morocco"
"3088542500285","Morocco"
"3088543506255","Morocco"
"3123930650026","Morocco"
"3124480186560","Morocco"
"3124480186584","Morocco"
"3155250001554","Morocco"
"3161711001971","Morocco"
"3165950049015","Morocco"
"3174061039129","Morocco"
"3175680011480","Morocco"
"3175680011534","Morocco"
"3175681851849","Morocco"
"3175681851863","Morocco"
"3182180002115","Morocco"
"3187570015447","Morocco"
"3228020215090","Morocco"
"3228020215106","Morocco"
"3228021170039","Morocco"
"3228021170053","Morocco"
"3229820004341","Morocco"
"3229820019307","Morocco"
"3229820021027","Morocco"
"3229820129112","Morocco"
"3229820129488","Morocco"
"3229820134642","Morocco"
"3229820160672","Morocco"
"3229820181950","Morocco"
"3229820769165","Morocco"
"3229820780955","Morocco"
"3229820782560","Morocco"
"3229820784939","Morocco"
"3229820784946","Morocco"
"3229820786599","Morocco"
"3229820787008","Morocco"
"3229820787015","Morocco"
"3229820791067","Morocco"
"3229820791074","Morocco"
"3229820791081","Morocco"
"3229820792132","Morocco"
"3229820793689","Morocco"
"3229820793764","Morocco"
"3229820794624","Morocco"
"3229820794631","Morocco"
"3229820794648","Morocco"
"3229820797922","Morocco"
"3236240070405","Morocco"
"3245413451804","Morocco"
"3248340054063","Morocco"
"3250390271604","Morocco"
"3250391318445","Morocco"
"3250391660995","Morocco"
"3250391737284","Morocco"
"3250392538811","Morocco"
"3250546610271","Morocco"
"3251490320001","Morocco"
"3251490332080","Morocco"
"3263670126419","Morocco"
"3263670128215","Morocco"
"3268840001008","Morocco"
"3270190007425","Morocco"
"3270190127765","Morocco"
"3270190128519","Morocco"
"3270190128717","Morocco"
"3273220080108","Morocco"
"3329757002998","Morocco"
"3341430490380","Morocco"
"3341430510019","Morocco"
"3341430551432","Morocco"
"3341430551449","Morocco"
"3362600001106","Morocco"
"3362600011006","Morocco"
"3362600011044","Morocco"
"3362600011228","Morocco"
"3362600017619","Morocco"
"3387390326574","Morocco"
"3412290015980","Morocco"
"3412290071801","Morocco"
"3428272950057","Morocco"
"3428273980046","Morocco"
"3472860001058","Morocco"
"3472860004011","Morocco"
"3478820005654","Morocco"
"3478820023184","Morocco"
"3478822005249","Morocco"
"3497911101129","Morocco"
"3497917000518","Morocco"
"3497917000907","Morocco"
"3560070149278","Morocco"
"3560070157198","Morocco"
"3560070401826","Morocco"
"3560070439881","Morocco"
"3560070510771","Morocco"
"3560070563166","Morocco"
"3560070614202","Morocco"
"3560070669981","Morocco"
"3560070720859","Morocco"
"3560070800209","Morocco"
"3560071005214","Morocco"
"3560071190965","Morocco"
"3560071194345","Morocco"
"3560071269494","Morocco"
"3560071276539","Morocco"
"3560071407506","Morocco"
"3560071407681","Morocco"
"3560071455804","Morocco"
"3560071507480","Morocco"
"3609200010054","Morocco"
"3609200011174","Morocco"
"3664346305860","Morocco"
"3664346306621","Morocco"
"3760020500658","Morocco"
"3760020507350","Morocco"
"4008400163826","Morocco"
"4008400260921","Morocco"
"4008400401621","Morocco"
"4008400402222","Morocco"
"4008400404127","Morocco"
"4008400409627","Morocco"
"4008400828121","Morocco"
"4014400400007","Morocco"
"4056489028109","Morocco"
"4056489424925","Morocco"
"4056489471264","Morocco"
"4056489620938","Morocco"
"4056489682677","Morocco"
"4058172309250","Morocco"
"42104964","Morocco"
"42105220","Morocco"
"4335619014442","Morocco"
"5000426171518","Morocco"
"5010029000023","Morocco"
"50112784","Morocco"
"5053990101542","Morocco"
"5053990101573","Morocco"
"5053990101597","Morocco"
"5053990107339","Morocco"
"5053990107384","Morocco"
"5053990127726","Morocco"
"5053990127740","Morocco"
"5053990155354","Morocco"
"5053990161669","Morocco"
"5061013962506","Morocco"
"5285000397465","Morocco"
"54022263","Morocco"
"5407003034752","Morocco"
"5410041001204","Morocco"
"5410041010800","Morocco"
"5410041040807","Morocco"
"5410081200445","Morocco"
"5410081200551","Morocco"
"5410093179616","Morocco"
"5410126006049","Morocco"
"5410126116953","Morocco"
"5410126706970","Morocco"
"5410126716016","Morocco"
"5410126806069","Morocco"
"5411188110835","Morocco"
"5411188112709","Morocco"
"5411188115366","Morocco"
"5411188116592","Morocco"
"5449000000439","Morocco"
"5449000000996","Morocco"
"5449000008046","Morocco"
"5449000015105","Morocco"
"5449000025272","Morocco"
"5449000036872","Morocco"
"5449000036889","Morocco"
"5449000036919","Morocco"
"5449000036957","Morocco"
"5449000052926","Morocco"
"5449000054227","Morocco"
"5449000061515","Morocco"
"5449000131805","Morocco"
"5449000131836","Morocco"
"5449000132277","Morocco"
"5449000133328","Morocco"
"5449000135544","Morocco"
"5449000147417","Morocco"
"5449000203823","Morocco"
"5449000206770","Morocco"
"5449000280206","Morocco"
"5449000318947","Morocco"
"5449000334343","Morocco"
"5449000339553","Morocco"
"54491472","Morocco"
"5601363006668","Morocco"
"5900617002983","Morocco"
"5900617012197","Morocco"
"5900951311321","Morocco"
"5900951311505","Morocco"
"5900951313592","Morocco"
"59032823","Morocco"
"5999884034469","Morocco"
"6111005120144","Morocco"
"6111017007013","Morocco"
"6111017042427","Morocco"
"6111017045404","Morocco"
"6111017046029","Morocco"
"6111017046043","Morocco"
"6111017046470","Morocco"
"6111017046548","Morocco"
"6111018903161","Morocco"
"6111018903185","Morocco"
"6111021012201","Morocco"
"6111021013109","Morocco"
"6111021013208","Morocco"
"6111021022002","Morocco"
"6111021026000","Morocco"
"6111021090049","Morocco"
"6111021090056","Morocco"
"6111021090100","Morocco"
"6111024001202","Morocco"
"6111024001226","Morocco"
"6111024001288","Morocco"
"6111024001295","Morocco"
"6111024001516","Morocco"
"6111024001530","Morocco"
"6111024001974","Morocco"
"6111024002186","Morocco"
"6111024004746","Morocco"
"6111024004753","Morocco"
"6111025120605","Morocco"
"6111028000980","Morocco"
"6111028000997","Morocco"
"6111028001017","Morocco"
"6111028001024","Morocco"
"6111028001222","Morocco"
"6111028001246","Morocco"
"6111029000118","Morocco"
"6111029000293","Morocco"
"6111029000415","Morocco"
"6111029000491","Morocco"
"6111031005033","Morocco"
"6111031005064","Morocco"
"6111031005439","Morocco"
"6111031005453","Morocco"
"6111031005576","Morocco"
"6111031005590","Morocco"
"6111031005651","Morocco"
"6111032000600","Morocco"
"6111032000624","Morocco"
"6111032000631","Morocco"
"6111032001003","Morocco"
"6111032001010","Morocco"
"6111032002208","Morocco"
"6111032002888","Morocco"
"6111032002918","Morocco"
"6111032002925","Morocco"
"6111032002963","Morocco"
"6111032002970","Morocco"
"6111032004448","Morocco"
"6111032004455","Morocco"
"6111032006619","Morocco"
"6111032006749","Morocco"
"6111032006985","Morocco"
"6111032007128","Morocco"
"6111032007661","Morocco"
"6111032008125","Morocco"
"6111032008446","Morocco"
"6111032008453","Morocco"
"6111032009146","Morocco"
"6111032009153","Morocco"
"6111032009412","Morocco"
"6111032009429","Morocco"
"6111032009436","Morocco"
"6111032009443","Morocco"
"6111032009870","Morocco"
"6111032009924","Morocco"
"6111032010128","Morocco"
"6111032010135","Morocco"
"6111032010333","Morocco"
"6111035000027","Morocco"
"6111035000058","Morocco"
"6111035000430","Morocco"
"6111035001024","Morocco"
"6111035001383","Morocco"
"6111035001635","Morocco"
"6111035001673","Morocco"
"6111035001710","Morocco"
"6111035002052","Morocco"
"6111035002113","Morocco"
"6111035002175","Morocco"
"6111035002359","Morocco"
"6111035003004","Morocco"
"6111035003035","Morocco"
"6111035503153","Morocco"
"6111037000506","Morocco"
"6111037000599","Morocco"
"6111037002753","Morocco"
"6111062000175","Morocco"
"6111099000247","Morocco"
"6111099000254","Morocco"
"6111099000582","Morocco"
"6111099000605","Morocco"
"6111099000629","Morocco"
"6111099005396","Morocco"
"6111101001361","Morocco"
"6111126000424","Morocco"
"6111126001582","Morocco"
"6111126001599","Morocco"
"6111126001605","Morocco"
"6111126001674","Morocco"
"6111126001681","Morocco"
"6111126001698","Morocco"
"6111126001704","Morocco"
"6111126001711","Morocco"
"6111126001841","Morocco"
"6111126001865","Morocco"
"6111126001872","Morocco"
"6111126001988","Morocco"
"6111126002763","Morocco"
"6111126003821","Morocco"
"6111126003852","Morocco"
"6111126004538","Morocco"
"6111126005085","Morocco"
"6111126005221","Morocco"
"6111126005306","Morocco"
"6111126005535","Morocco"
"6111126005580","Morocco"
"6111126005696","Morocco"
"6111126005702","Morocco"
"6111126005719","Morocco"
"6111126005894","Morocco"
"6111128000217","Morocco"
"6111128001115","Morocco"
"6111162000181","Morocco"
"6111162000402","Morocco"
"6111162000464","Morocco"
"6111162000716","Morocco"
"6111162000723","Morocco"
"6111162000839","Morocco"
"6111162001102","Morocco"
"6111162001164","Morocco"
"6111162001188","Morocco"
"6111162001195","Morocco"
"6111162001201","Morocco"
"6111162001218","Morocco"
"6111162001416","Morocco"
"6111179003847","Morocco"
"6111180000194","Morocco"
"6111180000231","Morocco"
"6111180000392","Morocco"
"6111180003102","Morocco"
"6111180005342","Morocco"
"6111180010414","Morocco"
"6111184000190","Morocco"
"6111184000213","Morocco"
"6111184000619","Morocco"
"6111184000657","Morocco"
"6111184000701","Morocco"
"6111184001074","Morocco"
"6111184001098","Morocco"
"6111184001173","Morocco"
"6111184001180","Morocco"
"6111184001203","Morocco"
"6111184001562","Morocco"
"6111184001661","Morocco"
"6111184003276","Morocco"
"6111184004129","Morocco"
"6111184004716","Morocco"
"6111184004730","Morocco"
"6111184006413","Morocco"
"6111184008356","Morocco"
"6111184009520","Morocco"
"6111199000017","Morocco"
"6111203001467","Morocco"
"6111203001474","Morocco"
"6111203004451","Morocco"
"6111203005014","Morocco"
"6111203005021","Morocco"
"6111203005779","Morocco"
"6111203006646","Morocco"
"6111203006653","Morocco"
"6111203007353","Morocco"
"6111203007360","Morocco"
"6111203007384","Morocco"
"6111203007513","Morocco"
"6111203007520","Morocco"
"6111206000733","Morocco"
"6111214004747","Morocco"
"6111242042599","Morocco"
"6111242100022","Morocco"
"6111242100206","Morocco"
"6111242100305","Morocco"
"6111242100817","Morocco"
"6111242100930","Morocco"
"6111242100992","Morocco"
"6111242101050","Morocco"
"6111242101180","Morocco"
"6111242101197","Morocco"
"6111242101203","Morocco"
"6111242101272","Morocco"
"6111242102002","Morocco"
"6111242102019","Morocco"
"6111242102187","Morocco"
"6111242102194","Morocco"
"6111242102361","Morocco"
"6111242102552","Morocco"
"6111242102767","Morocco"
"6111242102781","Morocco"
"6111242102941","Morocco"
"6111242103528","Morocco"
"6111242103696","Morocco"
"6111242103702","Morocco"
"6111242104198","Morocco"
"6111242104549","Morocco"
"6111242104556","Morocco"
"6111242104617","Morocco"
"6111242105270","Morocco"
"6111242105331","Morocco"
"6111242105638","Morocco"
"6111242105676","Morocco"
"6111242106666","Morocco"
"6111242106673","Morocco"
"6111242106789","Morocco"
"6111242106949","Morocco"
"6111242107366","Morocco"
"6111242107441","Morocco"
"6111242109391","Morocco"
"6111242926035","Morocco"
"6111242926806","Morocco"
"6111243590433","Morocco"
"6111243860352","Morocco"
"6111243860376","Morocco"
"6111243860383","Morocco"
"6111245340296","Morocco"
"6111245340487","Morocco"
"6111245342696","Morocco"
"6111245460345","Morocco"
"6111245470016","Morocco"
"6111245470023","Morocco"
"6111245470030","Morocco"
"6111245470047","Morocco"
"6111246720790","Morocco"
"6111246721261","Morocco"
"6111246721278","Morocco"
"6111246721339","Morocco"
"6111246721384","Morocco"
"6111246721735","Morocco"
"6111246721940","Morocco"
"6111246721957","Morocco"
"6111246721964","Morocco"
"6111246721995","Morocco"
"6111246722039","Morocco"
"6111246722084","Morocco"
"6111246722107","Morocco"
"6111246910023","Morocco"
"6111246950876","Morocco"
"6111248360123","Morocco"
"6111249190279","Morocco"
"6111249960964","Morocco"
"6111250012416","Morocco"
"6111250470254","Morocco"
"6111250470742","Morocco"
"6111250471565","Morocco"
"6111250472241","Morocco"
"6111250472265","Morocco"
"6111250472708","Morocco"
"6111250473453","Morocco"
"6111250474191","Morocco"
"6111250474276","Morocco"
"6111250474405","Morocco"
"6111250474641","Morocco"
"6111250475129","Morocco"
"6111250477482","Morocco"
"6111250477567","Morocco"
"6111251420135","Morocco"
"6111251420166","Morocco"
"6111251420272","Morocco"
"6111251752762","Morocco"
"6111251753899","Morocco"
"6111251753912","Morocco"
"6111251754247","Morocco"
"6111252420059","Morocco"
"6111252421568","Morocco"
"6111252421575","Morocco"
"6111252421971","Morocco"
"6111252422411","Morocco"
"6111252422428","Morocco"
"6111252860077","Morocco"
"6111255771196","Morocco"
"6111259090132","Morocco"
"6111259090415","Morocco"
"6111259092495","Morocco"
"6111259093096","Morocco"
"6111259093102","Morocco"
"6111259093140","Morocco"
"6111259340060","Morocco"
"6111259340992","Morocco"
"6111259341197","Morocco"
"6111259341494","Morocco"
"6111259341517","Morocco"
"6111259341654","Morocco"
"6111259342828","Morocco"
"6111259343108","Morocco"
"6111259343344","Morocco"
"6111259344013","Morocco"
"6111259344051","Morocco"
"6111259344068","Morocco"
"6111259344129","Morocco"
"6111259344501","Morocco"
"6111259346352","Morocco"
"6111259346741","Morocco"
"6111259347106","Morocco"
"6111259347434","Morocco"
"6111259347625","Morocco"
"6111259347861","Morocco"
"6111260230619","Morocco"
"6111260232101","Morocco"
"6111260550595","Morocco"
"6111260680452","Morocco"
"6111262820245","Morocco"
"6111262821150","Morocco"
"6111263000202","Morocco"
"6111265800497","Morocco"
"6111265980229","Morocco"
"6111266680098","Morocco"
"6111266680135","Morocco"
"6111266680883","Morocco"
"6111266750753","Morocco"
"6111266960336","Morocco"
"6111266960350","Morocco"
"6111266962187","Morocco"
"6111266962446","Morocco"
"6111266962576","Morocco"
"6111266962644","Morocco"
"6111266962651","Morocco"
"6111266962774","Morocco"
"6111266962910","Morocco"
"6111266963207","Morocco"
"6111271590498","Morocco"
"6111271800030","Morocco"
"6111271800054","Morocco"
"6132500711040","Morocco"
"6191585701858","Morocco"
"6221007032540","Morocco"
"6223000496022","Morocco"
"6923815199025","Morocco"
"6923818812082","Morocco"
"6923818881323","Morocco"
"75041670","Morocco"
"7610036002737","Morocco"
"7613287366665","Morocco"
"7613287431943","Morocco"
"7614500010013","Morocco"
"7622200002290","Morocco"
"7622201695323","Morocco"
"7622202025587","Morocco"
"7622202026980","Morocco"
"7622210100917","Morocco"
"7622210103314","Morocco"
"7622210204424","Morocco"
"7622210421968","Morocco"
"7622210444141","Morocco"
"7622210449283","Morocco"
"7622210449979","Morocco"
"7622210450098","Morocco"
"7622210601988","Morocco"
"7622210995025","Morocco"
"7622210995063","Morocco"
"7622210995087","Morocco"
"7622210995100","Morocco"
"7622300336738","Morocco"
"7622300441937","Morocco"
"7622300685782","Morocco"
"7622300784751","Morocco"
"7622400006753","Morocco"
"7622400013935","Morocco"
"8000500023976","Morocco"
"8000500082379","Morocco"
"8000500179864","Morocco"
"8000500267035","Morocco"
"8000500267103","Morocco"
"8000500269169","Morocco"
"8000500273296","Morocco"
"8000500310427","Morocco"
"8000500415573","Morocco"
"8004172000501","Morocco"
"80052760","Morocco"
"80176800","Morocco"
"80177609","Morocco"
"80761761","Morocco"
"8076800195057","Morocco"
"8076802085738","Morocco"
"8076802085981","Morocco"
"8076809513388","Morocco"
"8076809513692","Morocco"
"8076809513753","Morocco"
"8076809523714","Morocco"
"8198701234564","Morocco"
"8410066131334","Morocco"
"8410066139231","Morocco"
"8410109115543","Morocco"
"8410109121551","Morocco"
"8410111000707","Morocco"
"8410111211202","Morocco"
"8410175068453","Morocco"
"8410199790958","Morocco"
"8410261643014","Morocco"
"8410261657424","Morocco"
"8410261775098","Morocco"
"8410376002201","Morocco"
"8410376009392","Morocco"
"8410376009408","Morocco"
"8410376009415","Morocco"
"8410376010701","Morocco"
"8410376017113","Morocco"
"8410376023831","Morocco"
"8410376024326","Morocco"
"8410376026962","Morocco"
"8410376026979","Morocco"
"8410376033267","Morocco"
"8410376037784","Morocco"
"8410376037883","Morocco"
"8410376039986","Morocco"
"8410376040425","Morocco"
"8410376042498","Morocco"
"8410376047578","Morocco"
"8410376059373","Morocco"
"8410376061789","Morocco"
"8410510012196","Morocco"
"8410510012202","Morocco"
"8410707000241","Morocco"
"8412674005021","Morocco"
"8420756010320","Morocco"
"8424790111005","Morocco"
"8424893600352","Morocco"
"8425197712024","Morocco"
"8434165437418","Morocco"
"8434165466333","Morocco"
"8435185101112","Morocco"
"8437019482329","Morocco"
"8445290157348","Morocco"
"8445290615350","Morocco"
"8445290728791","Morocco"
"8445291209039","Morocco"
"8480000125866","Morocco"
"8480000154309","Morocco"
"8480000156624","Morocco"
"8480000168832","Morocco"
"8480000171320","Morocco"
"8480000180025","Morocco"
"8480000233653","Morocco"
"8480000235794","Morocco"
"8480000340788","Morocco"
"8480000512031","Morocco"
"8480000512239","Morocco"
"8480000607225","Morocco"
"8480000674166","Morocco"
"8595229901075","Morocco"
"8690508101426","Morocco"
"8690526082004","Morocco"
"8710912074922","Morocco"
"8711200552795","Morocco"
"8712100731822","Morocco"
"8712100751370","Morocco"
"8712566246496","Morocco"
"8715700017006","Morocco"
"8715700421957","Morocco"
"87157215","Morocco"
"8716200334808","Morocco"
"8718114734484","Morocco"
"8720182460721","Morocco"
"8720182556738","Morocco"
"8720608005383","Morocco"
"8722700113348","Morocco"
"8722700125174","Morocco"
"8964000577066","Morocco"
"9002490100070","Morocco"
"90162602","Morocco"
"90338243","Morocco"
"90375323","Morocco"
"90382383","Morocco"
"00242615","Netherlands"
"0037600106009","Netherlands"
"0037600106412","Netherlands"
"0046000283272","Netherlands"
"0046214230208","Netherlands"
"0075172078966","Netherlands"
"0075172079123","Netherlands"
"0613668024709","Netherlands"
"06175700","Netherlands"
"0877693004499","Netherlands"
"0877877111111","Netherlands"
"1230000068000","Netherlands"
"13356194","Netherlands"
"20000684","Netherlands"
"20003166","Netherlands"
"20004132","Netherlands"
"20004330","Netherlands"
"20005627","Netherlands"
"20005733","Netherlands"
"20020545","Netherlands"
"20022464","Netherlands"
"20026554","Netherlands"
"20030810","Netherlands"
"20032432","Netherlands"
"20036171","Netherlands"
"20047559","Netherlands"
"20054793","Netherlands"
"20062675","Netherlands"
"20063399","Netherlands"
"20067274","Netherlands"
"20067816","Netherlands"
"20079253","Netherlands"
"20081065","Netherlands"
"20094683","Netherlands"
"20103637","Netherlands"
"20114138","Netherlands"
"20114992","Netherlands"
"20121433","Netherlands"
"20160326","Netherlands"
"20163419","Netherlands"
"20173074","Netherlands"
"20175818","Netherlands"
"20211943","Netherlands"
"20292447","Netherlands"
"20316488","Netherlands"
"20330750","Netherlands"
"20353025","Netherlands"
"20383282","Netherlands"
"20430733","Netherlands"
"20435646","Netherlands"
"20468583","Netherlands"
"20473587","Netherlands"
"20482077","Netherlands"
"20487935","Netherlands"
"20491543","Netherlands"
"20501808","Netherlands"
"20507664","Netherlands"
"20531805","Netherlands"
"20534479","Netherlands"
"20558123","Netherlands"
"20562663","Netherlands"
"20621483","Netherlands"
"20622374","Netherlands"
"20622411","Netherlands"
"20623197","Netherlands"
"20645342","Netherlands"
"20659523","Netherlands"
"20713195","Netherlands"
"20716592","Netherlands"
"20771553","Netherlands"
"20808389","Netherlands"
"20815356","Netherlands"
"20815394","Netherlands"
"20816445","Netherlands"
"20818692","Netherlands"
"20829520","Netherlands"
"20840112","Netherlands"
"20860929","Netherlands"
"20871765","Netherlands"
"20936600","Netherlands"
"20950606","Netherlands"
"20952211","Netherlands"
"20969233","Netherlands"
"20969448","Netherlands"
"20977900","Netherlands"
"20977931","Netherlands"
"3017620429484","Netherlands"
"3021762420094","Netherlands"
"3033491601910","Netherlands"
"3033491602030","Netherlands"
"3033491977428","Netherlands"
"3036810201280","Netherlands"
"3041090063114","Netherlands"
"3041090063206","Netherlands"
"3045320082586","Netherlands"
"3046920010047","Netherlands"
"3046920010856","Netherlands"
"3046920016377","Netherlands"
"3046920017503","Netherlands"
"3046920022606","Netherlands"
"3046920028004","Netherlands"
"3046920028363","Netherlands"
"3046920028370","Netherlands"
"3046920028752","Netherlands"
"3046920029674","Netherlands"
"3046920029759","Netherlands"
"3073781173468","Netherlands"
"3073781195064","Netherlands"
"3083680597210","Netherlands"
"3083681139716","Netherlands"
"3083681163155","Netherlands"
"3124480002129","Netherlands"
"3124480168818","Netherlands"
"3159470001424","Netherlands"
"3159470202166","Netherlands"
"3161710000128","Netherlands"
"3161910110801","Netherlands"
"3161910238710","Netherlands"
"3161910340130","Netherlands"
"3168930010265","Netherlands"
"3168930158158","Netherlands"
"3175681247178","Netherlands"
"3175681247239","Netherlands"
"3229820788098","Netherlands"
"3245270000665","Netherlands"
"3245390221780","Netherlands"
"3245412621963","Netherlands"
"3245412890987","Netherlands"
"3250391896554","Netherlands"
"3263670015157","Netherlands"
"3263670033458","Netherlands"
"3263670041255","Netherlands"
"3265470005048","Netherlands"
"3268350120336","Netherlands"
"3270160420186","Netherlands"
"3270160642106","Netherlands"
"3270160642366","Netherlands"
"3270160714933","Netherlands"
"3270190008606","Netherlands"
"3270190174356","Netherlands"
"3270190178545","Netherlands"
"3270190207498","Netherlands"
"3270190207504","Netherlands"
"3272770004817","Netherlands"
"3272770094702","Netherlands"
"3274080005003","Netherlands"
"3281780893915","Netherlands"
"3329770051089","Netherlands"
"3360100090101","Netherlands"
"3360100270107","Netherlands"
"3380380055027","Netherlands"
"3380380070280","Netherlands"
"3380380072413","Netherlands"
"3477730001213","Netherlands"
"3477730001305","Netherlands"
"3477730001701","Netherlands"
"3477730001725","Netherlands"
"3477730001732","Netherlands"
"3477730007079","Netherlands"
"3560070322015","Netherlands"
"3560070323067","Netherlands"
"3560070329441","Netherlands"
"3560070924011","Netherlands"
"3560071281304","Netherlands"
"3564700007303","Netherlands"
"3564700016589","Netherlands"
"3564700121511","Netherlands"
"3564700659076","Netherlands"
"3564707117555","Netherlands"
"3608580070795","Netherlands"
"3608580124047","Netherlands"
"3614070059355","Netherlands"
"3800020432259","Netherlands"
"3800224892385","Netherlands"
"3850104050565","Netherlands"
"4000345051121","Netherlands"
"4000345051411","Netherlands"
"4000417700001","Netherlands"
"4000417702005","Netherlands"
"4000417704009","Netherlands"
"4000512004905","Netherlands"
"4001724022398","Netherlands"
"4001724039174","Netherlands"
"4001724039563","Netherlands"
"4002334116026","Netherlands"
"4002971253009","Netherlands"
"4002971283907","Netherlands"
"4002971301601","Netherlands"
"4004148057076","Netherlands"
"4006040104384","Netherlands"
"4008400101521","Netherlands"
"4008400183022","Netherlands"
"4008400401621","Netherlands"
"4008400404127","Netherlands"
"4008948191015","Netherlands"
"4011100005884","Netherlands"
"4012200032107","Netherlands"
"4012200417409","Netherlands"
"4012359110107","Netherlands"
"4012359111104","Netherlands"
"4012359113108","Netherlands"
"4012359114303","Netherlands"
"4012359133007","Netherlands"
"4012359144003","Netherlands"
"4012359144102","Netherlands"
"4014400900217","Netherlands"
"4014400900576","Netherlands"
"4014400901191","Netherlands"
"4014400901412","Netherlands"
"4015637823942","Netherlands"
"4016241040381","Netherlands"
"4016241040558","Netherlands"
"4016241040565","Netherlands"
"4025700001023","Netherlands"
"4026913121607","Netherlands"
"4027400148909","Netherlands"
"4032277000038","Netherlands"
"4032277005231","Netherlands"
"4032277007211","Netherlands"
"4033634062201","Netherlands"
"4033634076000","Netherlands"
"4044889000054","Netherlands"
"4044889001006","Netherlands"
"4044889002249","Netherlands"
"4044889002713","Netherlands"
"4044889002904","Netherlands"
"4047247646635","Netherlands"
"4047247752817","Netherlands"
"4056489009214","Netherlands"
"4056489021193","Netherlands"
"4056489021445","Netherlands"
"4056489027263","Netherlands"
"4056489033042","Netherlands"
"4056489090731","Netherlands"
"4056489095897","Netherlands"
"4056489098591","Netherlands"
"4056489109594","Netherlands"
"4056489110132","Netherlands"
"4056489123286","Netherlands"
"4056489126867","Netherlands"
"4056489135517","Netherlands"
"4056489135524","Netherlands"
"4056489141877","Netherlands"
"4056489150220","Netherlands"
"4056489156208","Netherlands"
"4056489168096","Netherlands"
"4056489181293","Netherlands"
"4056489183631","Netherlands"
"4056489187813","Netherlands"
"4056489190646","Netherlands"
"4056489203667","Netherlands"
"4056489207801","Netherlands"
"4056489215226","Netherlands"
"4056489216162","Netherlands"
"4056489216223","Netherlands"
"4056489219521","Netherlands"
"4056489254683","Netherlands"
"4056489286295","Netherlands"
"4056489290681","Netherlands"
"4056489331391","Netherlands"
"4056489340591","Netherlands"
"4056489340607","Netherlands"
"4056489374763","Netherlands"
"4056489375135","Netherlands"
"4056489406457","Netherlands"
"4056489406679","Netherlands"
"4056489406921","Netherlands"
"4056489412175","Netherlands"
"4056489437604","Netherlands"
"4056489440116","Netherlands"
"4056489452676","Netherlands"
"4056489466598","Netherlands"
"4056489467137","Netherlands"
"4056489467144","Netherlands"
"4056489471264","Netherlands"
"4056489472261","Netherlands"
"4056489474760","Netherlands"
"4056489496670","Netherlands"
"4056489550396","Netherlands"
"4056489564768","Netherlands"
"4056489564775","Netherlands"
"4056489567714","Netherlands"
"4056489625438","Netherlands"
"4056489627951","Netherlands"
"4056489639145","Netherlands"
"4056489654582","Netherlands"
"4056489655664","Netherlands"
"4056489666011","Netherlands"
"4056489680475","Netherlands"
"4056489682677","Netherlands"
"4056489687641","Netherlands"
"4056489694113","Netherlands"
"4056489694120","Netherlands"
"4056489695318","Netherlands"
"4056489695349","Netherlands"
"4056489695363","Netherlands"
"4056489695370","Netherlands"
"4056489714514","Netherlands"
"4056489719588","Netherlands"
"4056489719694","Netherlands"
"4056489723233","Netherlands"
"4056489723240","Netherlands"
"4056489725459","Netherlands"
"4056489762720","Netherlands"
"4056489801771","Netherlands"
"4056489845171","Netherlands"
"4056489846796","Netherlands"
"4056489848509","Netherlands"
"4056489860983","Netherlands"
"4056489874300","Netherlands"
"4056489883623","Netherlands"
"4056489936176","Netherlands"
"4056489989356","Netherlands"
"4065019005534","Netherlands"
"4065019008566","Netherlands"
"4065019034527","Netherlands"
"4065019038167","Netherlands"
"4065019142123","Netherlands"
"4065019142130","Netherlands"
"4066447607543","Netherlands"
"4068263045981","Netherlands"
"4068706108501","Netherlands"
"4068706108600","Netherlands"
"4068706140709","Netherlands"
"4068706299704","Netherlands"
"4068706495793","Netherlands"
"40893532","Netherlands"
"40896243","Netherlands"
"40897677","Netherlands"
"4335619014374","Netherlands"
"4335619014442","Netherlands"
"4335619041257","Netherlands"
"5000111041010","Netherlands"
"5000112552232","Netherlands"
"5000112646627","Netherlands"
"5000112646719","Netherlands"
"5000112648461","Netherlands"
"5000112648942","Netherlands"
"5000112658620","Netherlands"
"5000112658637","Netherlands"
"5000112658866","Netherlands"
"5000112658873","Netherlands"
"5000127061828","Netherlands"
"5000127077225","Netherlands"
"5000129211412","Netherlands"
"5000157073020","Netherlands"
"5000159419291","Netherlands"
"5000159461122","Netherlands"
"5000159484695","Netherlands"
"5000159502870","Netherlands"
"5000159532921","Netherlands"
"5000159555692","Netherlands"
"5000159557665","Netherlands"
"5000159560061","Netherlands"
"5000159560863","Netherlands"
"5000159561686","Netherlands"
"5000159562232","Netherlands"
"5000189327290","Netherlands"
"5000189983281","Netherlands"
"5000396045802","Netherlands"
"5010029000023","Netherlands"
"5010029229110","Netherlands"
"5010477363374","Netherlands"
"5010822115061","Netherlands"
"5011038032500","Netherlands"
"5011308700375","Netherlands"
"5018357012411","Netherlands"
"50184453","Netherlands"
"5032439100070","Netherlands"
"5032722304413","Netherlands"
"5034210210183","Netherlands"
"5034210521869","Netherlands"
"5034210521906","Netherlands"
"5038862138161","Netherlands"
"5038862233354","Netherlands"
"50457250","Netherlands"
"5053827101424","Netherlands"
"5053827140126","Netherlands"
"5053827175654","Netherlands"
"5053827185776","Netherlands"
"5053827199667","Netherlands"
"5053990107384","Netherlands"
"5053990127726","Netherlands"
"5053990127740","Netherlands"
"5053990161669","Netherlands"
"5059319023106","Netherlands"
"5059319023250","Netherlands"
"5059319035680","Netherlands"
"5059319035772","Netherlands"
"5059319035987","Netherlands"
"5060042641406","Netherlands"
"5060042641413","Netherlands"
"5060088700112","Netherlands"
"5060088700129","Netherlands"
"5060088700136","Netherlands"
"5060088700822","Netherlands"
"5060088704783","Netherlands"
"5060088704882","Netherlands"
"5060088705087","Netherlands"
"5060088705148","Netherlands"
"5060088705827","Netherlands"
"5060088707661","Netherlands"
"5060088707685","Netherlands"
"5060088708019","Netherlands"
"5060088709221","Netherlands"
"5060088709283","Netherlands"
"5060120281975","Netherlands"
"5060120285867","Netherlands"
"5060120285904","Netherlands"
"5060150940576","Netherlands"
"5060166690144","Netherlands"
"5060194790014","Netherlands"
"5060198644870","Netherlands"
"5060198647680","Netherlands"
"5060202390359","Netherlands"
"5060221201810","Netherlands"
"5060283760072","Netherlands"
"5060283762212","Netherlands"
"5060337220415","Netherlands"
"5060402907661","Netherlands"
"5060469988467","Netherlands"
"5060469988566","Netherlands"
"5060751994749","Netherlands"
"5060751994763","Netherlands"
"5060751995388","Netherlands"
"5060811383254","Netherlands"
"5070000222417","Netherlands"
"5098732004835","Netherlands"
"5201168215649","Netherlands"
"5201168418118","Netherlands"
"5202390015878","Netherlands"
"5202390017834","Netherlands"
"5202390021121","Netherlands"
"5391521690289","Netherlands"
"5410013100003","Netherlands"
"5410013102502","Netherlands"
"5410013108009","Netherlands"
"5410018797420","Netherlands"
"5410028120126","Netherlands"
"5410041001204","Netherlands"
"5410041005707","Netherlands"
"5410041066005","Netherlands"
"5410081206201","Netherlands"
"5410093904881","Netherlands"
"5410126006025","Netherlands"
"5410126016949","Netherlands"
"5410188027747","Netherlands"
"5410471918059","Netherlands"
"5411188102809","Netherlands"
"5411188110835","Netherlands"
"5411188112709","Netherlands"
"5411188114581","Netherlands"
"5411188115519","Netherlands"
"5411188115533","Netherlands"
"5411188116592","Netherlands"
"5411188121213","Netherlands"
"5411188121329","Netherlands"
"5411188122661","Netherlands"
"5411188124269","Netherlands"
"5411188124702","Netherlands"
"5411188125808","Netherlands"
"5411188127697","Netherlands"
"5411188128625","Netherlands"
"5411188128649","Netherlands"
"5411188133391","Netherlands"
"5411188134985","Netherlands"
"5411188138594","Netherlands"
"5411188139409","Netherlands"
"5411788002493","Netherlands"
"5411788002509","Netherlands"
"5411788003377","Netherlands"
"5411788003612","Netherlands"
"5411788038881","Netherlands"
"5411788041164","Netherlands"
"5411788042475","Netherlands"
"5411788045179","Netherlands"
"5411788045612","Netherlands"
"5411788046770","Netherlands"
"5411788046930","Netherlands"
"5411788046992","Netherlands"
"5411788047005","Netherlands"
"5411788047043","Netherlands"
"5411788047258","Netherlands"
"5411788048590","Netherlands"
"5411788048613","Netherlands"
"5411944363963","Netherlands"
"5412971016204","Netherlands"
"5412971116072","Netherlands"
"5413209992574","Netherlands"
"5425600101370","Netherlands"
"54490000","Netherlands"
"5449000050205","Netherlands"
"5449000061515","Netherlands"
"5449000111678","Netherlands"
"54490802","Netherlands"
"5600787049046","Netherlands"
"5600787049213","Netherlands"
"5690845002809","Netherlands"
"5701101230024","Netherlands"
"5712840020067","Netherlands"
"5740900401365","Netherlands"
"5745000657407","Netherlands"
"5760466739924","Netherlands"
"5900951291630","Netherlands"
"5900951311123","Netherlands"
"5901067400848","Netherlands"
"59032823","Netherlands"
"6111035000058","Netherlands"
"6111184008257","Netherlands"
"6111242100992","Netherlands"
"6111266962187","Netherlands"
"6130760001383","Netherlands"
"6194008533920","Netherlands"
"6194049100044","Netherlands"
"6411200000976","Netherlands"
"6921804700269","Netherlands"
"7300400126229","Netherlands"
"7300400481700","Netherlands"
"7300400481731","Netherlands"
"7300400481748","Netherlands"
"7300400481823","Netherlands"
"7310865690685","Netherlands"
"7311070346916","Netherlands"
"7311310331276","Netherlands"
"7311311020629","Netherlands"
"7311311020636","Netherlands"
"7311311020643","Netherlands"
"7311311022401","Netherlands"
"7311312008077","Netherlands"
"7311312008145","Netherlands"
"7312082002104","Netherlands"
"7340001800623","Netherlands"
"7340001801101","Netherlands"
"7394376620768","Netherlands"
"7394376620867","Netherlands"
"75032814","Netherlands"
"7610700600054","Netherlands"
"7610900138906","Netherlands"
"7610900205165","Netherlands"
"7610900237654","Netherlands"
"7612100026748","Netherlands"
"7612100034910","Netherlands"
"7622202050725","Netherlands"
"7622202257759","Netherlands"
"7622202261565","Netherlands"
"7622202286698","Netherlands"
"7622210021502","Netherlands"
"7622210100092","Netherlands"
"7622210137258","Netherlands"
"7622210269249","Netherlands"
"7622210475183","Netherlands"
"7622210495716","Netherlands"
"7622210579294","Netherlands"
"7622210842572","Netherlands"
"7622210987464","Netherlands"
"7622210993656","Netherlands"
"7622210995124","Netherlands"
"7622210996176","Netherlands"
"7622210996299","Netherlands"
"7622300086404","Netherlands"
"7622300336738","Netherlands"
"7622300489434","Netherlands"
"7622300571351","Netherlands"
"7622300784751","Netherlands"
"7622400011498","Netherlands"
"7640101092547","Netherlands"
"7640101096682","Netherlands"
"7640161875524","Netherlands"
"7640166796787","Netherlands"
"8000320010088","Netherlands"
"8000430132267","Netherlands"
"8000430900231","Netherlands"
"8000500003787","Netherlands"
"8000500009673","Netherlands"
"8000500150245","Netherlands"
"8000500167113","Netherlands"
"8000500179864","Netherlands"
"8000500247150","Netherlands"
"8000500359815","Netherlands"
"8000500384794","Netherlands"
"8000500416938","Netherlands"
"8000500417539","Netherlands"
"8000500426494","Netherlands"
"8001250120113","Netherlands"
"8001420002782","Netherlands"
"8001505005011","Netherlands"
"8001505005028","Netherlands"
"8001505005042","Netherlands"
"8001505005103","Netherlands"
"8001585001071","Netherlands"
"8001585008872","Netherlands"
"8001860187735","Netherlands"
"8001860209741","Netherlands"
"8002270014901","Netherlands"
"8002270986765","Netherlands"
"8002470023352","Netherlands"
"8004030022010","Netherlands"
"8004030622012","Netherlands"
"80040446","Netherlands"
"80042532","Netherlands"
"80042563","Netherlands"
"8004690052846","Netherlands"
"8005110000775","Netherlands"
"8005110170300","Netherlands"
"8005110170324","Netherlands"
"8005110171710","Netherlands"
"8005110516009","Netherlands"
"8005110517006","Netherlands"
"8005110519000","Netherlands"
"8005110551215","Netherlands"
"80052333","Netherlands"
"80053828","Netherlands"
"8005510001716","Netherlands"
"8008343200059","Netherlands"
"8008343200288","Netherlands"
"8008343200493","Netherlands"
"8008343200660","Netherlands"
"8008343700665","Netherlands"
"8008343880039","Netherlands"
"8008343880138","Netherlands"
"8008343880510","Netherlands"
"8008343880664","Netherlands"
"8008698002025","Netherlands"
"8008698002100","Netherlands"
"8008698003213","Netherlands"
"8008698005118","Netherlands"
"8008698005491","Netherlands"
"8008698005576","Netherlands"
"8008698007303","Netherlands"
"8008698010259","Netherlands"
"8008698011683","Netherlands"
"8008698026090","Netherlands"
"8008698040126","Netherlands"
"8013355501278","Netherlands"
"8016438001603","Netherlands"
"8023678161363","Netherlands"
"8023678164517","Netherlands"
"8023678423409","Netherlands"
"80522621","Netherlands"
"8052575090407","Netherlands"
"8052575090414","Netherlands"
"8052575091541","Netherlands"
"80667650","Netherlands"
"8076808050440","Netherlands"
"8076809545440","Netherlands"
"8402001028663","Netherlands"
"8410000827446","Netherlands"
"8410066139231","Netherlands"
"8410076474001","Netherlands"
"8410076481597","Netherlands"
"8410076601414","Netherlands"
"8410076610539","Netherlands"
"8410076610546","Netherlands"
"8410076611277","Netherlands"
"8410076801180","Netherlands"
"8410076901033","Netherlands"
"8410422005026","Netherlands"
"8410422111048","Netherlands"
"8410655003820","Netherlands"
"8423352400212","Netherlands"
"8423352400236","Netherlands"
"8423352400557","Netherlands"
"8423352400571","Netherlands"
"8425408220416","Netherlands"
"8445290813909","Netherlands"
"8480000182098","Netherlands"
"8480000186157","Netherlands"
"8480000677143","Netherlands"
"8710398160829","Netherlands"
"8710398161987","Netherlands"
"8710398500410","Netherlands"
"8710398502308","Netherlands"
"8710398503183","Netherlands"
"8710398507006","Netherlands"
"8710398507990","Netherlands"
"8710398516947","Netherlands"
"8710398522733","Netherlands"
"8710398523327","Netherlands"
"8710398524089","Netherlands"
"8710398524195","Netherlands"
"8710398525789","Netherlands"
"8710398525918","Netherlands"
"8710398526014","Netherlands"
"8710398529633","Netherlands"
"8710398529657","Netherlands"
"8710398529848","Netherlands"
"8710398529886","Netherlands"
"8710398530011","Netherlands"
"8710398530592","Netherlands"
"8710398532244","Netherlands"
"8710398532268","Netherlands"
"8710398532459","Netherlands"
"8710398532473","Netherlands"
"8710398533036","Netherlands"
"8710398604613","Netherlands"
"8710400003137","Netherlands"
"8710400130451","Netherlands"
"8710400165422","Netherlands"
"8710400261803","Netherlands"
"8710400666295","Netherlands"
"8710412044043","Netherlands"
"8710412545045","Netherlands"
"8710437003513","Netherlands"
"8710437004626","Netherlands"
"8710438121636","Netherlands"
"8710438128840","Netherlands"
"8710448636939","Netherlands"
"8710472000102","Netherlands"
"8710472001116","Netherlands"
"8710472002090","Netherlands"
"8710482532075","Netherlands"
"8710482532112","Netherlands"
"8710482533614","Netherlands"
"8710482533706","Netherlands"
"8710482534512","Netherlands"
"8710496978975","Netherlands"
"8710522975015","Netherlands"
"8710573426078","Netherlands"
"8710573743199","Netherlands"
"8710604778725","Netherlands"
"8710605030051","Netherlands"
"8710605030938","Netherlands"
"8710605096170","Netherlands"
"8710624295394","Netherlands"
"8710716030254","Netherlands"
"8710742023480","Netherlands"
"8711000300008","Netherlands"
"8711000468128","Netherlands"
"8711200428953","Netherlands"
"8711200429004","Netherlands"
"8711200430567","Netherlands"
"8711200430925","Netherlands"
"8711200431045","Netherlands"
"8711200431571","Netherlands"
"8711200431632","Netherlands"
"8711200432394","Netherlands"
"8711200558438","Netherlands"
"8711281013352","Netherlands"
"8711299008869","Netherlands"
"8711299013337","Netherlands"
"8711299013559","Netherlands"
"8711299017229","Netherlands"
"8711299017267","Netherlands"
"8711299020540","Netherlands"
"8711299020953","Netherlands"
"8711299021028","Netherlands"
"8711327370708","Netherlands"
"8711327374126","Netherlands"
"8711327596696","Netherlands"
"8711327612945","Netherlands"
"8711327626386","Netherlands"
"8711327639942","Netherlands"
"8711327640306","Netherlands"
"8711327640450","Netherlands"
"8711327667020","Netherlands"
"8711596001075","Netherlands"
"8711596005042","Netherlands"
"8711741356517","Netherlands"
"8712100382086","Netherlands"
"8712100889288","Netherlands"
"8712800002734","Netherlands"
"8712800002758","Netherlands"
"8712800147008","Netherlands"
"8712800188322","Netherlands"
"8713108000811","Netherlands"
"8713276011329","Netherlands"
"8713445020244","Netherlands"
"8713445020282","Netherlands"
"8713500080794","Netherlands"
"8713576001983","Netherlands"
"8713576114102","Netherlands"
"8713788123633","Netherlands"
"8713788124364","Netherlands"
"8713788124449","Netherlands"
"8714100734599","Netherlands"
"8714685000010","Netherlands"
"8714685906398","Netherlands"
"8714685907562","Netherlands"
"8714779000292","Netherlands"
"8714779001862","Netherlands"
"8714779009967","Netherlands"
"8715035110106","Netherlands"
"8715035110809","Netherlands"
"8715035130104","Netherlands"
"8715035150102","Netherlands"
"8715035150300","Netherlands"
"8715600248791","Netherlands"
"8715700016504","Netherlands"
"8715700111148","Netherlands"
"8715700117829","Netherlands"
"8715700122021","Netherlands"
"8715700122113","Netherlands"
"8715700122151","Netherlands"
"8715700124704","Netherlands"
"8715700124728","Netherlands"
"8715700124780","Netherlands"
"8715700124797","Netherlands"
"8715700124810","Netherlands"
"8715700124834","Netherlands"
"8715700124872","Netherlands"
"8715700124889","Netherlands"
"8715700126234","Netherlands"
"8715700131207","Netherlands"
"8715700209128","Netherlands"
"8715700421049","Netherlands"
"8715800001073","Netherlands"
"8717163800300","Netherlands"
"8717163800324","Netherlands"
"8717677334094","Netherlands"
"8718215722458","Netherlands"
"8718403012415","Netherlands"
"8718452142286","Netherlands"
"8718452503742","Netherlands"
"8718452513666","Netherlands"
"8718452520671","Netherlands"
"8718452831623","Netherlands"
"8718452861309","Netherlands"
"8718700498448","Netherlands"
"8718734821366","Netherlands"
"8718796113935","Netherlands"
"8718906074118","Netherlands"
"8718906268050","Netherlands"
"8718906515772","Netherlands"
"8718906515789","Netherlands"
"8718906696853","Netherlands"
"8718906865150","Netherlands"
"8718907056274","Netherlands"
"8718907073325","Netherlands"
"8718907082549","Netherlands"
"8718907144346","Netherlands"
"8718907260954","Netherlands"
"8718907269940","Netherlands"
"8718907384599","Netherlands"
"8718907433563","Netherlands"
"8718907468299","Netherlands"
"8718907611718","Netherlands"
"8718907806404","Netherlands"
"8718907824323","Netherlands"
"8718907824798","Netherlands"
"8718907824811","Netherlands"
"8718907825443","Netherlands"
"8718907826174","Netherlands"
"8718907855853","Netherlands"
"8718907855877","Netherlands"
"8718907855914","Netherlands"
"8718907855921","Netherlands"
"8718907878937","Netherlands"
"8718951273931","Netherlands"
"8718989002626","Netherlands"
"8718989042608","Netherlands"
"8719200053915","Netherlands"
"8719200194687","Netherlands"
"8719200250413","Netherlands"
"8719200250444","Netherlands"
"8719200254619","Netherlands"
"8719200261792","Netherlands"
"8719200262546","Netherlands"
"8719200263574","Netherlands"
"8719200273689","Netherlands"
"8719200273801","Netherlands"
"8719200273832","Netherlands"
"8719200284418","Netherlands"
"8719324585415","Netherlands"
"8719327097649","Netherlands"
"8719881036429","Netherlands"
"8719881998253","Netherlands"
"8719979200664","Netherlands"
"8719979201470","Netherlands"
"8719979202514","Netherlands"
"8719979203245","Netherlands"
"8719979203894","Netherlands"
"8719979204211","Netherlands"
"8719979204266","Netherlands"
"8720182333247","Netherlands"
"8720182556738","Netherlands"
"8720182622785","Netherlands"
"8720182681904","Netherlands"
"8720182721167","Netherlands"
"8720182761019","Netherlands"
"8720182764690","Netherlands"
"8720182885463","Netherlands"
"8720256082323","Netherlands"
"8720256082361","Netherlands"
"8720256082422","Netherlands"
"8720256082521","Netherlands"
"8720256082620","Netherlands"
"8720299223202","Netherlands"
"8720573392600","Netherlands"
"8720608026524","Netherlands"
"8720812771265","Netherlands"
"8720812771272","Netherlands"
"8720892260239","Netherlands"
"8721161523048","Netherlands"
"8721201922404","Netherlands"
"8721800405353","Netherlands"
"8722200964518","Netherlands"
"87222081","Netherlands"
"8722700102632","Netherlands"
"8727500033094","Netherlands"
"87311396","Netherlands"
"87317756","Netherlands"
"8801005000178","Netherlands"
"8801043157735","Netherlands"
"8801073110502","Netherlands"
"8801073113428","Netherlands"
"8801073116467","Netherlands"
"8809041420929","Netherlands"
"8809782555508","Netherlands"
"8850389103159","Netherlands"
"8852018101017","Netherlands"
"8901047610578","Netherlands"
"90162909","Netherlands"
"90453533","Netherlands"
"9311493003050","Netherlands"
"0009542005955","New Zealand"
"0009542009984","New Zealand"
"0009542045371","New Zealand"
"0011210000872","New Zealand"
"0031146030996","New Zealand"
"0031146150601","New Zealand"
"0031146157365","New Zealand"
"0031146181018","New Zealand"
"0031146250301","New Zealand"
"0031200205780","New Zealand"
"0034000003129","New Zealand"
"0037600293525","New Zealand"
"0037600293532","New Zealand"
"0039047001152","New Zealand"
"0041500010236","New Zealand"
"0044738018371","New Zealand"
"0048001578845","New Zealand"
"0061232201047","New Zealand"
"0061232202556","New Zealand"
"0062020000248","New Zealand"
"0066613000066","New Zealand"
"0066613004026","New Zealand"
"0070177057404","New Zealand"
"0070177115227","New Zealand"
"0070177261863","New Zealand"
"0070177287306","New Zealand"
"0070847813903","New Zealand"
"0073390000165","New Zealand"
"0074410741860","New Zealand"
"0074880030044","New Zealand"
"0074880030051","New Zealand"
"0074880030068","New Zealand"
"0075810021255","New Zealand"
"0076840100989","New Zealand"
"0076840101320","New Zealand"
"0078895126389","New Zealand"
"0078895126396","New Zealand"
"0078895127706","New Zealand"
"0078895300017","New Zealand"
"0078895700015","New Zealand"
"0078895710021","New Zealand"
"0078895740042","New Zealand"
"0078895770018","New Zealand"
"0078935005117","New Zealand"
"0084380957246","New Zealand"
"0084380957444","New Zealand"
"0084380957543","New Zealand"
"0084380957741","New Zealand"
"0084380957949","New Zealand"
"0085696608044","New Zealand"
"0089686170924","New Zealand"
"0089686171686","New Zealand"
"0089686171907","New Zealand"
"0089686180657","New Zealand"
"0612322001421","New Zealand"
"0612322001650","New Zealand"
"0631656717600","New Zealand"
"0645175570103","New Zealand"
"0645175570288","New Zealand"
"0667803000707","New Zealand"
"0711844110083","New Zealand"
"0720516022234","New Zealand"
"0720516025730","New Zealand"
"0797776419586","New Zealand"
"0810087830502","New Zealand"
"0810087830519","New Zealand"
"0810206005057","New Zealand"
"0818094004626","New Zealand"
"0837328000005","New Zealand"
"0837328000029","New Zealand"
"0837328000050","New Zealand"
"0842234001664","New Zealand"
"0852696000204","New Zealand"
"0852696000242","New Zealand"
"0858010005580","New Zealand"
"0858010005603","New Zealand"
"0858010005641","New Zealand"
"0858010005689","New Zealand"
"0858010005702","New Zealand"
"0887267000031","New Zealand"
"0894697002894","New Zealand"
"18527568","New Zealand"
"20250294","New Zealand"
"3045320016055","New Zealand"
"3046920010047","New Zealand"
"3046920010603","New Zealand"
"3046920011013","New Zealand"
"3046920028363","New Zealand"
"3046920028752","New Zealand"
"3073780810661","New Zealand"
"3104935391329","New Zealand"
"4000539363108","New Zealand"
"4001724818908","New Zealand"
"4026813000170","New Zealand"
"4751007735223","New Zealand"
"4809010272027","New Zealand"
"4810168000011","New Zealand"
"4891028711391","New Zealand"
"4897878800025","New Zealand"
"4901002141721","New Zealand"
"4901002141738","New Zealand"
"4901005512429","New Zealand"
"4901005512436","New Zealand"
"4901515118197","New Zealand"
"4901515118586","New Zealand"
"4901515331794","New Zealand"
"4901577048234","New Zealand"
"4902201180894","New Zealand"
"49645309","New Zealand"
"49814521","New Zealand"
"4987176005465","New Zealand"
"5000111045414","New Zealand"
"5000171010025","New Zealand"
"5000171010254","New Zealand"
"5000396054798","New Zealand"
"5000396054811","New Zealand"
"5000396054859","New Zealand"
"5010477341273","New Zealand"
"5010477353818","New Zealand"
"5011157120706","New Zealand"
"5011157888101","New Zealand"
"5011157888118","New Zealand"
"5011157888125","New Zealand"
"5011157888132","New Zealand"
"5011157888163","New Zealand"
"5011157888224","New Zealand"
"5011157888316","New Zealand"
"5011157992662","New Zealand"
"5011157995427","New Zealand"
"5011308000307","New Zealand"
"5011308000314","New Zealand"
"5011308000703","New Zealand"
"5011308000994","New Zealand"
"5011308901499","New Zealand"
"5011308901512","New Zealand"
"5011308901536","New Zealand"
"5011308953009","New Zealand"
"50147588","New Zealand"
"5019503018110","New Zealand"
"5019503019698","New Zealand"
"5027324001839","New Zealand"
"5027324002928","New Zealand"
"5052675000224","New Zealand"
"5052675000972","New Zealand"
"5052675000989","New Zealand"
"5052675040206","New Zealand"
"5060108450010","New Zealand"
"5060108450263","New Zealand"
"5060108450324","New Zealand"
"5060108450508","New Zealand"
"5060108450546","New Zealand"
"5060108450843","New Zealand"
"5060108450850","New Zealand"
"5060108450881","New Zealand"
"5060108450959","New Zealand"
"5060108450966","New Zealand"
"5060108453240","New Zealand"
"5201360535903","New Zealand"
"5400265005553","New Zealand"
"54051157","New Zealand"
"5410126006339","New Zealand"
"5410126006360","New Zealand"
"5410126116953","New Zealand"
"5410126716016","New Zealand"
"5410976080428","New Zealand"
"5411188115434","New Zealand"
"5411188119753","New Zealand"
"5411188125341","New Zealand"
"5411188511328","New Zealand"
"5740900400092","New Zealand"
"6001092500052","New Zealand"
"6003770000168","New Zealand"
"6003770000663","New Zealand"
"6009704171454","New Zealand"
"6921180820025","New Zealand"
"6921804700054","New Zealand"
"6921804700269","New Zealand"
"7394376617379","New Zealand"
"7610400014649","New Zealand"
"7610400070577","New Zealand"
"7612100066126","New Zealand"
"7612100915080","New Zealand"
"7802215303241","New Zealand"
"8000380199570","New Zealand"
"8000500023624","New Zealand"
"8000500400807","New Zealand"
"8001665705257","New Zealand"
"8001665706803","New Zealand"
"8001665730983","New Zealand"
"80042532","New Zealand"
"8004690311547","New Zealand"
"8004690312025","New Zealand"
"8004690446263","New Zealand"
"80050278","New Zealand"
"8005110550508","New Zealand"
"8005110630408","New Zealand"
"8005121000061","New Zealand"
"8005121000078","New Zealand"
"8005121000085","New Zealand"
"8005121000146","New Zealand"
"8005121000177","New Zealand"
"8005121000276","New Zealand"
"8005121000405","New Zealand"
"8005121000740","New Zealand"
"8005121000900","New Zealand"
"8005121000917","New Zealand"
"8005121040845","New Zealand"
"8005121044089","New Zealand"
"8005121050851","New Zealand"
"80052760","New Zealand"
"8076800315264","New Zealand"
"8076802085851","New Zealand"
"8076809513739","New Zealand"
"8076809547956","New Zealand"
"8410076421777","New Zealand"
"8410076482150","New Zealand"
"8410134023769","New Zealand"
"8410179100012","New Zealand"
"8410179100036","New Zealand"
"8410179300825","New Zealand"
"8410422001899","New Zealand"
"8711000055526","New Zealand"
"8711000302040","New Zealand"
"8711000302118","New Zealand"
"8711000674178","New Zealand"
"8714100658420","New Zealand"
"8714100897935","New Zealand"
"8714800021395","New Zealand"
"8801045426204","New Zealand"
"8801055061808","New Zealand"
"8801062267712","New Zealand"
"8801083672700","New Zealand"
"8801382130987","New Zealand"
"8804074000254","New Zealand"
"8850025000026","New Zealand"
"8850025001023","New Zealand"
"8850100206022","New Zealand"
"8850389100684","New Zealand"
"8850389100769","New Zealand"
"8850389101391","New Zealand"
"8852008300116","New Zealand"
"8852756327694","New Zealand"
"8853662001036","New Zealand"
"8853662001050","New Zealand"
"8853662004020","New Zealand"
"8853662040004","New Zealand"
"8853662040172","New Zealand"
"8853662040240","New Zealand"
"8853662056012","New Zealand"
"8853662056661","New Zealand"
"8886303210504","New Zealand"
"8886467046346","New Zealand"
"8886467103407","New Zealand"
"8886467103414","New Zealand"
"8886467103421","New Zealand"
"8886467103438","New Zealand"
"8886467103445","New Zealand"
"8886467103469","New Zealand"
"8888077102023","New Zealand"
"8901262010016","New Zealand"
"8901499011985","New Zealand"
"8901552011600","New Zealand"
"8901552021364","New Zealand"
"90162800","New Zealand"
"90435324","New Zealand"
"9300462129143","New Zealand"
"9300462153889","New Zealand"
"9300462341187","New Zealand"
"9300462346120","New Zealand"
"9300462348575","New Zealand"
"9300462349268","New Zealand"
"9300602175849","New Zealand"
"9300605002593","New Zealand"
"9300605037618","New Zealand"
"9300605088108","New Zealand"
"9300605107632","New Zealand"
"9300605112865","New Zealand"
"9300605113329","New Zealand"
"9300605120686","New Zealand"
"9300605127593","New Zealand"
"9300605139619","New Zealand"
"9300605139626","New Zealand"
"9300605139633","New Zealand"
"9300605139640","New Zealand"
"9300605139718","New Zealand"
"9300605139732","New Zealand"
"9300605149014","New Zealand"
"9300605152144","New Zealand"
"9300605153578","New Zealand"
"9300605153615","New Zealand"
"9300605153721","New Zealand"
"9300605710245","New Zealand"
"9300613103541","New Zealand"
"9300613108614","New Zealand"
"9300613115667","New Zealand"
"9300617042310","New Zealand"
"9300617042631","New Zealand"
"9300617051930","New Zealand"
"9300617064879","New Zealand"
"9300617065722","New Zealand"
"9300617065920","New Zealand"
"9300617066071","New Zealand"
"9300617291381","New Zealand"
"9300617300793","New Zealand"
"9300617300953","New Zealand"
"9300617432739","New Zealand"
"9300619501068","New Zealand"
"9300633180409","New Zealand"
"9300633183660","New Zealand"
"9300633209773","New Zealand"
"9300633211929","New Zealand"
"9300633219796","New Zealand"
"9300633219802","New Zealand"
"9300633227197","New Zealand"
"9300633227272","New Zealand"
"9300633227296","New Zealand"
"9300633227319","New Zealand"
"9300633227425","New Zealand"
"9300633287016","New Zealand"
"9300633292393","New Zealand"
"9300633313708","New Zealand"
"9300633331757","New Zealand"
"9300633340049","New Zealand"
"9300633359249","New Zealand"
"9300633387174","New Zealand"
"9300633391560","New Zealand"
"9300633393939","New Zealand"
"9300633453350","New Zealand"
"9300633476823","New Zealand"
"9300633532093","New Zealand"
"9300633532109","New Zealand"
"9300633557072","New Zealand"
"9300633584535","New Zealand"
"9300633584559","New Zealand"
"9300633605155","New Zealand"
"9300633626211","New Zealand"
"9300633713980","New Zealand"
"9300633735500","New Zealand"
"9300633777401","New Zealand"
"9300633785529","New Zealand"
"9300633903305","New Zealand"
"9300633910129","New Zealand"
"9300633910167","New Zealand"
"9300633910198","New Zealand"
"9300633919061","New Zealand"
"9300633945367","New Zealand"
"9300633951320","New Zealand"
"9300633967475","New Zealand"
"9300633979478","New Zealand"
"9300633984403","New Zealand"
"9300633989934","New Zealand"
"9300641001147","New Zealand"
"9300644043632","New Zealand"
"9300644143462","New Zealand"
"9300644700009","New Zealand"
"9300644700702","New Zealand"
"9300644702959","New Zealand"
"9300644702973","New Zealand"
"9300645014495","New Zealand"
"9300645111033","New Zealand"
"9300645111125","New Zealand"
"9300645111149","New Zealand"
"9300645111309","New Zealand"
"9300645111453","New Zealand"
"9300650430419","New Zealand"
"9300650430617","New Zealand"
"9300650431812","New Zealand"
"9300650452558","New Zealand"
"9300652010374","New Zealand"
"9300652010589","New Zealand"
"9300652011395","New Zealand"
"9300652012248","New Zealand"
"9300652013955","New Zealand"
"9300652014396","New Zealand"
"9300652510911","New Zealand"
"9300652511918","New Zealand"
"9300652801286","New Zealand"
"9300652801309","New Zealand"
"9300652802542","New Zealand"
"9300652803020","New Zealand"
"9300652803495","New Zealand"
"9300652804607","New Zealand"
"9300652804874","New Zealand"
"9300652804973","New Zealand"
"9300652805949","New Zealand"
"9300652808339","New Zealand"
"9300652808834","New Zealand"
"9300652809770","New Zealand"
"9300652809961","New Zealand"
"9300652809985","New Zealand"
"9300652811643","New Zealand"
"9300657003432","New Zealand"
"9300657016555","New Zealand"
"9300657021160","New Zealand"
"9300657021443","New Zealand"
"9300657021566","New Zealand"
"9300657021696","New Zealand"
"9300657021863","New Zealand"
"9300657021870","New Zealand"
"9300657036270","New Zealand"
"9300657114046","New Zealand"
"9300657114411","New Zealand"
"9300657116125","New Zealand"
"9300657116408","New Zealand"
"9300657155605","New Zealand"
"9300657240424","New Zealand"
"9300657243340","New Zealand"
"9300665000683","New Zealand"
"9300667022850","New Zealand"
"9300667024984","New Zealand"
"9300667029415","New Zealand"
"9300675014939","New Zealand"
"9300675014977","New Zealand"
"9300675024235","New Zealand"
"9300675035491","New Zealand"
"9300675035736","New Zealand"
"9300675046190","New Zealand"
"9300675046213","New Zealand"
"9300682047500","New Zealand"
"9300682047623","New Zealand"
"9300682047647","New Zealand"
"9300682051385","New Zealand"
"9300682059015","New Zealand"
"9300682060929","New Zealand"
"9300695001285","New Zealand"
"9300695002824","New Zealand"
"9300695007140","New Zealand"
"9300695009182","New Zealand"
"9300698000216","New Zealand"
"9300698000643","New Zealand"
"9300830002320","New Zealand"
"9300830037452","New Zealand"
"9310012021049","New Zealand"
"9310012024958","New Zealand"
"9310012032632","New Zealand"
"9310012038771","New Zealand"
"9310012039587","New Zealand"
"9310012060260","New Zealand"
"9310012060369","New Zealand"
"9310012060482","New Zealand"
"9310015236884","New Zealand"
"9310015241925","New Zealand"
"9310015241949","New Zealand"
"9310015246159","New Zealand"
"9310021039035","New Zealand"
"9310034002415","New Zealand"
"9310043003014","New Zealand"
"9310043003434","New Zealand"
"9310055105805","New Zealand"
"9310055105829","New Zealand"
"9310055105836","New Zealand"
"9310055105843","New Zealand"
"9310055105874","New Zealand"
"9310055105898","New Zealand"
"9310055105904","New Zealand"
"9310055105942","New Zealand"
"9310055106567","New Zealand"
"9310055536333","New Zealand"
"9310055536364","New Zealand"
"9310055536395","New Zealand"
"9310055536449","New Zealand"
"9310055536494","New Zealand"
"9310055536517","New Zealand"
"9310055536579","New Zealand"
"9310055536616","New Zealand"
"9310055537194","New Zealand"
"9310055537217","New Zealand"
"9310055537224","New Zealand"
"9310055537392","New Zealand"
"9310055598447","New Zealand"
"9310060403699","New Zealand"
"9310061091949","New Zealand"
"9310066430309","New Zealand"
"9310072000015","New Zealand"
"9310072000046","New Zealand"
"9310072000275","New Zealand"
"9310072000282","New Zealand"
"9310072000824","New Zealand"
"9310072000909","New Zealand"
"9310072000954","New Zealand"
"9310072001005","New Zealand"
"9310072001210","New Zealand"
"9310072001524","New Zealand"
"9310072001678","New Zealand"
"9310072001777","New Zealand"
"9310072001784","New Zealand"
"9310072001920","New Zealand"
"9310072004075","New Zealand"
"9310072004600","New Zealand"
"9310072009544","New Zealand"
"9310072010816","New Zealand"
"9310072012599","New Zealand"
"9310072013602","New Zealand"
"9310072013855","New Zealand"
"9310072014753","New Zealand"
"9310072019888","New Zealand"
"9310072025155","New Zealand"
"9310072026275","New Zealand"
"9310072026282","New Zealand"
"9310072026312","New Zealand"
"9310072026404","New Zealand"
"9310072028866","New Zealand"
"9310072028903","New Zealand"
"9310072029467","New Zealand"
"9310072032788","New Zealand"
"9310072033143","New Zealand"
"9310081414704","New Zealand"
"9310082101177","New Zealand"
"9310082108657","New Zealand"
"9310140002286","New Zealand"
"9310140005263","New Zealand"
"9310140005270","New Zealand"
"9310140005744","New Zealand"
"9310140007298","New Zealand"
"9310140007717","New Zealand"
"9310140016672","New Zealand"
"9310140283746","New Zealand"
"9310146972637","New Zealand"
"9310155000864","New Zealand"
"9310155100434","New Zealand"
"9310155201032","New Zealand"
"9310155202336","New Zealand"
"9310155203838","New Zealand"
"9310155305037","New Zealand"
"9310155530101","New Zealand"
"9310155540100","New Zealand"
"9310155650274","New Zealand"
"9310155755696","New Zealand"
"9310161006515","New Zealand"
"9310162310406","New Zealand"
"9310421000253","New Zealand"
"9310421000727","New Zealand"
"9310432003212","New Zealand"
"9310432003656","New Zealand"
"9310432080305","New Zealand"
"9310432400059","New Zealand"
"9310434005764","New Zealand"
"9310434005788","New Zealand"
"9310434005801","New Zealand"
"9310653103999","New Zealand"
"9310653105627","New Zealand"
"9310653105658","New Zealand"
"9310653105887","New Zealand"
"9310653105931","New Zealand"
"9310653106020","New Zealand"
"9310653106068","New Zealand"
"9310653106075","New Zealand"
"9310768113272","New Zealand"
"9311336030069","New Zealand"
"9311627010190","New Zealand"
"9311627604382","New Zealand"
"9311627610901","New Zealand"
"9316401201412","New Zealand"
"9316401202181","New Zealand"
"9316401202860","New Zealand"
"9317224400280","New Zealand"
"9317224400402","New Zealand"
"9317224400907","New Zealand"
"9317224401911","New Zealand"
"9317557000027","New Zealand"
"9318471001299","New Zealand"
"9322715008883","New Zealand"
"9322969000015","New Zealand"
"9322969000039","New Zealand"
"9322969000053","New Zealand"
"9322969000961","New Zealand"
"9322969000978","New Zealand"
"9324127000431","New Zealand"
"9324127004019","New Zealand"
"9331200430535","New Zealand"
"9333404000231","New Zealand"
"9334279001668","New Zealand"
"9334279001675","New Zealand"
"9334279001927","New Zealand"
"9334279004041","New Zealand"
"9334514000111","New Zealand"
"9334514000128","New Zealand"
"93352192","New Zealand"
"9337803000076","New Zealand"
"9339687011247","New Zealand"
"9339687011278","New Zealand"
"9339687043101","New Zealand"
"9339687151219","New Zealand"
"9339687161942","New Zealand"
"9339687172009","New Zealand"
"9339687211456","New Zealand"
"9339687224722","New Zealand"
"9339687246106","New Zealand"
"9339687286270","New Zealand"
"9339687286287","New Zealand"
"9340784001925","New Zealand"
"9340784001970","New Zealand"
"9341650000448","New Zealand"
"9341650000578","New Zealand"
"9341650000714","New Zealand"
"9341650000899","New Zealand"
"9341650001599","New Zealand"
"9341650001728","New Zealand"
"9342866000482","New Zealand"
"9342866000635","New Zealand"
"9346321000000","New Zealand"
"9346321000109","New Zealand"
"9346321000185","New Zealand"
"9346321000475","New Zealand"
"9349571000455","New Zealand"
"9349571000462","New Zealand"
"9350177000107","New Zealand"
"9350271000096","New Zealand"
"9350465003025","New Zealand"
"9350465005012","New Zealand"
"93513265","New Zealand"
"9351450004065","New Zealand"
"9351585000826","New Zealand"
"9351585000833","New Zealand"
"9351585000857","New Zealand"
"9352042000120","New Zealand"
"9352042000137","New Zealand"
"9352042000328","New Zealand"
"9352042002094","New Zealand"
"9352042002773","New Zealand"
"93539258","New Zealand"
"93540582","New Zealand"
"9354237000038","New Zealand"
"9354237000069","New Zealand"
"9354237000083","New Zealand"
"9354237000373","New Zealand"
"93553438","New Zealand"
"9355414000322","New Zealand"
"9355414001077","New Zealand"
"93557887","New Zealand"
"93613903","New Zealand"
"93613910","New Zealand"
"93633413","New Zealand"
"93657778","New Zealand"
"93718127","New Zealand"
"93718134","New Zealand"
"93718400","New Zealand"
"9400097043392","New Zealand"
"9400547001033","New Zealand"
"9400547001811","New Zealand"
"9400547002634","New Zealand"
"9400547007394","New Zealand"
"9400547010059","New Zealand"
"9400547021390","New Zealand"
"9400553003458","New Zealand"
"9400553006985","New Zealand"
"9400553436119","New Zealand"
"9400553436485","New Zealand"
"9400553438786","New Zealand"
"9400553448884","New Zealand"
"9400553448921","New Zealand"
"9400553453956","New Zealand"
"9400553457725","New Zealand"
"9400553458814","New Zealand"
"9400556007781","New Zealand"
"9400556015243","New Zealand"
"9400563209239","New Zealand"
"9400563212666","New Zealand"
"9400563448652","New Zealand"
"9400563448669","New Zealand"
"9400563451324","New Zealand"
"9400563454615","New Zealand"
"9400563461842","New Zealand"
"9400563461880","New Zealand"
"9400566003513","New Zealand"
"9400566004473","New Zealand"
"9400566004961","New Zealand"
"9400566004978","New Zealand"
"9400566006354","New Zealand"
"9400566010177","New Zealand"
"9400581047998","New Zealand"
"9400581051117","New Zealand"
"9400581052350","New Zealand"
"9400581052855","New Zealand"
"9400593002466","New Zealand"
"9400597008570","New Zealand"
"9400597014373","New Zealand"
"9403110016472","New Zealand"
"9403110042105","New Zealand"
"9403110042228","New Zealand"
"9403110042303","New Zealand"
"9403110062325","New Zealand"
"9403110062455","New Zealand"
"9403110062707","New Zealand"
"9403110062721","New Zealand"
"9403110063544","New Zealand"
"9403110065609","New Zealand"
"9403118003047","New Zealand"
"9403118003054","New Zealand"
"9403142000814","New Zealand"
"9403142000838","New Zealand"
"9403142000852","New Zealand"
"9403142000869","New Zealand"
"9403142001231","New Zealand"
"9403142001309","New Zealand"
"9403142001385","New Zealand"
"9403142002061","New Zealand"
"9403142002405","New Zealand"
"9403142004843","New Zealand"
"9403145305503","New Zealand"
"94127317","New Zealand"
"94129045","New Zealand"
"9413000022308","New Zealand"
"9414339601776","New Zealand"
"9414342140101","New Zealand"
"9414342880106","New Zealand"
"9414727001188","New Zealand"
"9414727889762","New Zealand"
"9414732208534","New Zealand"
"9414735954926","New Zealand"
"9414735955633","New Zealand"
"9414742036509","New Zealand"
"9414742037971","New Zealand"
"9414757201930","New Zealand"
"9414763002095","New Zealand"
"9414763002156","New Zealand"
"9414763002279","New Zealand"
"9414763003153","New Zealand"
"9414763003351","New Zealand"
"9414763003511","New Zealand"
"9414763003627","New Zealand"
"9414763003634","New Zealand"
"9414763003863","New Zealand"
"9414763004174","New Zealand"
"9414832132029","New Zealand"
"9414832273302","New Zealand"
"9414882431868","New Zealand"
"9414882453723","New Zealand"
"9414882456090","New Zealand"
"9414882456106","New Zealand"
"9414887000526","New Zealand"
"9414887000533","New Zealand"
"9414887000700","New Zealand"
"9414911197505","New Zealand"
"9414932160229","New Zealand"
"9414942010378","New Zealand"
"9414942010750","New Zealand"
"9414942030505","New Zealand"
"9414942110252","New Zealand"
"9414942803345","New Zealand"
"9414942805653","New Zealand"
"9414967164605","New Zealand"
"9414967309631","New Zealand"
"9414967334107","New Zealand"
"9414967730091","New Zealand"
"9414967744296","New Zealand"
"9414972100391","New Zealand"
"9414972100513","New Zealand"
"9414977000016","New Zealand"
"9414987000266","New Zealand"
"9414987000426","New Zealand"
"9414987007326","New Zealand"
"9414987007340","New Zealand"
"9414987008033","New Zealand"
"9414987008101","New Zealand"
"9414987008194","New Zealand"
"9414987008316","New Zealand"
"9414987011682","New Zealand"
"9414987012085","New Zealand"
"9414987012429","New Zealand"
"9415022026081","New Zealand"
"9415022030286","New Zealand"
"9415022030798","New Zealand"
"9415022032990","New Zealand"
"9415077015245","New Zealand"
"9415077039999","New Zealand"
"9415077052462","New Zealand"
"9415077068166","New Zealand"
"9415077084692","New Zealand"
"9415077088553","New Zealand"
"9415077092680","New Zealand"
"9415077093618","New Zealand"
"9415077096305","New Zealand"
"9415077102846","New Zealand"
"9415077125555","New Zealand"
"9415077125562","New Zealand"
"9415077125579","New Zealand"
"9415077125586","New Zealand"
"9415077125616","New Zealand"
"9415077150601","New Zealand"
"9415077171415","New Zealand"
"9415077181568","New Zealand"
"9415077182220","New Zealand"
"9415077182756","New Zealand"
"9415077325610","New Zealand"
"9415077377701","New Zealand"
"9415077379163","New Zealand"
"9415077379187","New Zealand"
"9415077380602","New Zealand"
"9415077380626","New Zealand"
"9415077380756","New Zealand"
"9415077409075","New Zealand"
"9415077412907","New Zealand"
"94150957","New Zealand"
"9415102100434","New Zealand"
"9415102100533","New Zealand"
"9415102622332","New Zealand"
"9415127006674","New Zealand"
"9415142003580","New Zealand"
"9415142008561","New Zealand"
"9415142008585","New Zealand"
"9415142008592","New Zealand"
"9415142009230","New Zealand"
"9415142043470","New Zealand"
"9415173106465","New Zealand"
"9415173106489","New Zealand"
"9415177420314","New Zealand"
"9415187009202","New Zealand"
"9415272107035","New Zealand"
"9415272107059","New Zealand"
"9415317003131","New Zealand"
"9415421012555","New Zealand"
"9415522000475","New Zealand"
"9415522000574","New Zealand"
"9415522002332","New Zealand"
"9415522002738","New Zealand"
"9415522002769","New Zealand"
"9415522002776","New Zealand"
"9415559001001","New Zealand"
"9415559021993","New Zealand"
"9415559040017","New Zealand"
"9415684000009","New Zealand"
"9415684000016","New Zealand"
"9415684000023","New Zealand"
"9415684000245","New Zealand"
"9415748005100","New Zealand"
"9415748010616","New Zealand"
"9415748012214","New Zealand"
"9415748017097","New Zealand"
"9415748021346","New Zealand"
"9415748021544","New Zealand"
"9415767013971","New Zealand"
"9415767677203","New Zealand"
"9415795000103","New Zealand"
"9415837000337","New Zealand"
"9416050901111","New Zealand"
"9416050901456","New Zealand"
"9416050901852","New Zealand"
"9416050902651","New Zealand"
"9416444009188","New Zealand"
"9416470242016","New Zealand"
"9416892252006","New Zealand"
"9417606000500","New Zealand"
"9417986939001","New Zealand"
"9417986941783","New Zealand"
"9418315003004","New Zealand"
"9418705001016","New Zealand"
"9418705003980","New Zealand"
"9420063600022","New Zealand"
"9420063601104","New Zealand"
"9421001850257","New Zealand"
"9421009030019","New Zealand"
"9421013220239","New Zealand"
"9421013441467","New Zealand"
"9421016151486","New Zealand"
"9421017210113","New Zealand"
"9421017210977","New Zealand"
"9421017210984","New Zealand"
"9421017211066","New Zealand"
"9421017551575","New Zealand"
"9421017555252","New Zealand"
"9421017556525","New Zealand"
"9421017556532","New Zealand"
"9421018084461","New Zealand"
"9421021173435","New Zealand"
"9421023628971","New Zealand"
"9421901135201","New Zealand"
"9421901135362","New Zealand"
"9421901135577","New Zealand"
"9421901659004","New Zealand"
"9421901881009","New Zealand"
"9421901881054","New Zealand"
"9421901881061","New Zealand"
"9421901881078","New Zealand"
"9421901881160","New Zealand"
"9421901881177","New Zealand"
"9421901881627","New Zealand"
"9421902090349","New Zealand"
"9421902090363","New Zealand"
"9421902404375","New Zealand"
"9421903084026","New Zealand"
"9421903084088","New Zealand"
"9421903084354","New Zealand"
"9421903594198","New Zealand"
"9421903594204","New Zealand"
"9421903938008","New Zealand"
"9421903938015","New Zealand"
"9421903938169","New Zealand"
"9421903938589","New Zealand"
"9421903938688","New Zealand"
"9421904480063","New Zealand"
"9421904480100","New Zealand"
"9421904667525","New Zealand"
"9421905152013","New Zealand"
"9421905854153","New Zealand"
"9421905854351","New Zealand"
"9421906822106","New Zealand"
"9421906822380","New Zealand"
"9421930084471","New Zealand"
"94314212","New Zealand"
"94314243","New Zealand"
"9556001137722","New Zealand"
"9556001138033","New Zealand"
"9556001170828","New Zealand"
"9556007000365","New Zealand"
"9556023331597","New Zealand"
"9556041010863","New Zealand"
"9556041131063","New Zealand"
"9556041131070","New Zealand"
"9556041608428","New Zealand"
"9556041611121","New Zealand"
"9556041611138","New Zealand"
"9556041611152","New Zealand"
"9556041611169","New Zealand"
"9556041612661","New Zealand"
"9556041612692","New Zealand"
"9556041780346","New Zealand"
"9556041780612","New Zealand"
"9556041780629","New Zealand"
"0027917260099","Nigeria"
"0039442000743","Nigeria"
"0072806002229","Nigeria"
"0075024298399","Nigeria"
"0180127000098","Nigeria"
"0558693634083","Nigeria"
"0603964010339","Nigeria"
"0608887013368","Nigeria"
"0608887031515","Nigeria"
"0608887033557","Nigeria"
"0608887036084","Nigeria"
"0608887089158","Nigeria"
"0608887103397","Nigeria"
"0630282996137","Nigeria"
"0705632468395","Nigeria"
"0714084852683","Nigeria"
"0714084860077","Nigeria"
"0720495920354","Nigeria"
"0744171120081","Nigeria"
"0745110238539","Nigeria"
"0745114646200","Nigeria"
"07613876","Nigeria"
"0788821015662","Nigeria"
"0796029105368","Nigeria"
"0799872987112","Nigeria"
"0800800209869","Nigeria"
"0805627332721","Nigeria"
"0850017154520","Nigeria"
"0921112072177","Nigeria"
"10340006","Nigeria"
"1947200420667","Nigeria"
"2000000150413","Nigeria"
"20289096","Nigeria"
"3227134041625","Nigeria"
"40822938","Nigeria"
"42358015","Nigeria"
"4901940203291","Nigeria"
"5000157158499","Nigeria"
"5000213021828","Nigeria"
"5000232886347","Nigeria"
"5010162000164","Nigeria"
"5011013933488","Nigeria"
"5011038025007","Nigeria"
"5011038138110","Nigeria"
"5020000022500","Nigeria"
"5025866001096","Nigeria"
"5025866001652","Nigeria"
"5025866001829","Nigeria"
"5025866001836","Nigeria"
"5029788160664","Nigeria"
"5032619123752","Nigeria"
"5032619123820","Nigeria"
"5032619320533","Nigeria"
"5050020000585","Nigeria"
"5053990127726","Nigeria"
"5060178691252","Nigeria"
"5060347811511","Nigeria"
"5060482954425","Nigeria"
"5060482954449","Nigeria"
"5060608745012","Nigeria"
"5060626030022","Nigeria"
"5070004074005","Nigeria"
"5281010100576","Nigeria"
"5352101013010","Nigeria"
"5449000171351","Nigeria"
"5449000251381","Nigeria"
"5449000258618","Nigeria"
"5449000293824","Nigeria"
"5449000297280","Nigeria"
"5490233199346","Nigeria"
"5701215045354","Nigeria"
"5704310105176","Nigeria"
"5901204019674","Nigeria"
"6008155007459","Nigeria"
"6008155008678","Nigeria"
"6008155011708","Nigeria"
"6009510809169","Nigeria"
"6009710720165","Nigeria"
"6009710723463","Nigeria"
"6009822860131","Nigeria"
"6009826270516","Nigeria"
"6010530143164","Nigeria"
"6033000680020","Nigeria"
"6033000680051","Nigeria"
"6033000680389","Nigeria"
"6033000683113","Nigeria"
"6034000005004","Nigeria"
"6034000482072","Nigeria"
"6151100023056","Nigeria"
"6151100037312","Nigeria"
"6151100037879","Nigeria"
"6151100038494","Nigeria"
"6151100038654","Nigeria"
"6151100038715","Nigeria"
"6151100050038","Nigeria"
"6151100052339","Nigeria"
"6151100052629","Nigeria"
"6151100056948","Nigeria"
"6151100059703","Nigeria"
"6151100150516","Nigeria"
"6152110054481","Nigeria"
"6152110065968","Nigeria"
"6152110065975","Nigeria"
"6154000016678","Nigeria"
"6154000041625","Nigeria"
"6154000043155","Nigeria"
"6154000054151","Nigeria"
"6154000060688","Nigeria"
"6154000084790","Nigeria"
"6154000101770","Nigeria"
"6154000102128","Nigeria"
"6154000118792","Nigeria"
"6154000124069","Nigeria"
"6154000124151","Nigeria"
"6154000127145","Nigeria"
"6154000127152","Nigeria"
"6154000230517","Nigeria"
"6154000233198","Nigeria"
"6154000283001","Nigeria"
"6156000010687","Nigeria"
"6156000022642","Nigeria"
"6156000032207","Nigeria"
"6156000032221","Nigeria"
"6156000032290","Nigeria"
"6156000033167","Nigeria"
"6156000033563","Nigeria"
"6156000042176","Nigeria"
"6156000051161","Nigeria"
"6156000051512","Nigeria"
"6156000092188","Nigeria"
"6156000100012","Nigeria"
"6156000100067","Nigeria"
"6156000101415","Nigeria"
"6156000130323","Nigeria"
"6156000172842","Nigeria"
"6156000209913","Nigeria"
"6156000233710","Nigeria"
"6156000269603","Nigeria"
"6156000272627","Nigeria"
"6156000272825","Nigeria"
"6156000272849","Nigeria"
"6156000298399","Nigeria"
"6156000299402","Nigeria"
"6156000306261","Nigeria"
"6156000306285","Nigeria"
"6156000321608","Nigeria"
"6156000321622","Nigeria"
"6156000321653","Nigeria"
"6156000321677","Nigeria"
"6156000357300","Nigeria"
"6156000357324","Nigeria"
"6156000444024","Nigeria"
"6156000599700","Nigeria"
"6156060410441","Nigeria"
"6161113670024","Nigeria"
"6161113670239","Nigeria"
"6291003104954","Nigeria"
"6911100150950","Nigeria"
"6925806801238","Nigeria"
"6928338372481","Nigeria"
"6947929616452","Nigeria"
"7613037038057","Nigeria"
"7622201782566","Nigeria"
"7622210492081","Nigeria"
"7640427572976","Nigeria"
"7700376040312","Nigeria"
"7702011147813","Nigeria"
"7702174083454","Nigeria"
"7977700135727","Nigeria"
"8410300362715","Nigeria"
"8410300366324","Nigeria"
"8430094300038","Nigeria"
"8690579140638","Nigeria"
"86946070","Nigeria"
"8699383500249","Nigeria"
"8716200449250","Nigeria"
"8716200449304","Nigeria"
"8720608603145","Nigeria"
"8809208370104","Nigeria"
"8809424550137","Nigeria"
"8901161113092","Nigeria"
"8902335008572","Nigeria"
"8906018998594","Nigeria"
"8906032019336","Nigeria"
"8908008221156","Nigeria"
"8935264106705","Nigeria"
"8936121110422","Nigeria"
"8992826260725","Nigeria"
"8997035601604","Nigeria"
"91398161","Nigeria"
"0037600160490","Norway"
"0041143028919","Norway"
"0048327203421","Norway"
"0049000067729","Norway"
"0072600069145","Norway"
"0613668024709","Norway"
"0648436101276","Norway"
"0701648010344","Norway"
"0702020001080","Norway"
"0704044651548","Norway"
"0705599017339","Norway"
"0705599018435","Norway"
"0705599018756","Norway"
"0708163260933","Norway"
"0818850020877","Norway"
"1220000450028","Norway"
"1230000068048","Norway"
"1703543090000","Norway"
"1705413540004","Norway"
"20069490","Norway"
"20092962","Norway"
"20224042","Norway"
"3036810201372","Norway"
"3036810204069","Norway"
"3046920011013","Norway"
"3046920029759","Norway"
"3083681012583","Norway"
"3083681012668","Norway"
"3083681127621","Norway"
"3161910238710","Norway"
"3185200000177","Norway"
"3228024210138","Norway"
"3254474019274","Norway"
"3387390339499","Norway"
"4000177158210","Norway"
"4000339697908","Norway"
"4000417702005","Norway"
"4000607562105","Norway"
"4001518722930","Norway"
"4001686505021","Norway"
"4001724035046","Norway"
"4001724039174","Norway"
"4001724039204","Norway"
"4001724039389","Norway"
"4001724039778","Norway"
"4001724039808","Norway"
"4009700021571","Norway"
"4009900484220","Norway"
"4013265001053","Norway"
"4014400910063","Norway"
"4014400926279","Norway"
"4014400926293","Norway"
"4023800062104","Norway"
"4056489822585","Norway"
"42069775","Norway"
"4580352290121","Norway"
"4605362007115","Norway"
"4711931037060","Norway"
"4751037280830","Norway"
"4770179117002","Norway"
"4770179990568","Norway"
"4770190035040","Norway"
"4820075505523","Norway"
"5000112636833","Norway"
"5000112636840","Norway"
"5000112636864","Norway"
"5000112636871","Norway"
"5000112637380","Norway"
"5000112637397","Norway"
"5000112641455","Norway"
"5000112669169","Norway"
"5000112669220","Norway"
"5000157073020","Norway"
"5000159335737","Norway"
"5000159460880","Norway"
"5000159484695","Norway"
"5000159528368","Norway"
"5000159532921","Norway"
"5000184321064","Norway"
"5000328029962","Norway"
"5000396021202","Norway"
"5010029000160","Norway"
"5010029227062","Norway"
"5010134913935","Norway"
"5010338303006","Norway"
"5010478248441","Norway"
"5010651001313","Norway"
"5011053013591","Norway"
"5011053022272","Norway"
"5011053026713","Norway"
"5011428300035","Norway"
"5011476102957","Norway"
"5012427143708","Norway"
"5021554002154","Norway"
"5021554989172","Norway"
"5021554989196","Norway"
"5024278003100","Norway"
"5032722311541","Norway"
"5034210521869","Norway"
"5050083122811","Norway"
"5050083123924","Norway"
"5053990161669","Norway"
"5053990176007","Norway"
"5056784903766","Norway"
"5056784907580","Norway"
"5059319023168","Norway"
"5059319028828","Norway"
"5060191281195","Norway"
"5060194790014","Norway"
"5060337502238","Norway"
"5060466516304","Norway"
"5060517889937","Norway"
"5060560280835","Norway"
"5060639126095","Norway"
"5060947541214","Norway"
"5060947541986","Norway"
"5060947547483","Norway"
"5061013940566","Norway"
"5061013945219","Norway"
"5063270101766","Norway"
"5202258226156","Norway"
"5410228102762","Norway"
"5411188100324","Norway"
"5411188111085","Norway"
"5411188112549","Norway"
"5411188112709","Norway"
"5411188115472","Norway"
"5411188130055","Norway"
"5411188137979","Norway"
"5411188141174","Norway"
"5449000130969","Norway"
"5700419083360","Norway"
"5701027004198","Norway"
"5701038033248","Norway"
"5701058013596","Norway"
"5701259000661","Norway"
"5701259100187","Norway"
"5701259100781","Norway"
"5711953030895","Norway"
"5711953036583","Norway"
"5711953047954","Norway"
"5711953156595","Norway"
"5711953171109","Norway"
"5712840020012","Norway"
"5713300015302","Norway"
"5730800523724","Norway"
"5738001011002","Norway"
"5738001092490","Norway"
"5744001420942","Norway"
"5745000657223","Norway"
"5760466642019","Norway"
"5900020023582","Norway"
"5900020035714","Norway"
"5900259068002","Norway"
"5900259094728","Norway"
"5900259099129","Norway"
"5900259115485","Norway"
"5900259117564","Norway"
"5900259127600","Norway"
"5900300550258","Norway"
"5902409703887","Norway"
"6251136010430","Norway"
"64025131","Norway"
"6411401019012","Norway"
"6412500070188","Norway"
"7004784221241","Norway"
"70111064","Norway"
"7020650113205","Norway"
"7020655411993","Norway"
"7020655841165","Norway"
"7020655841370","Norway"
"7020655841493","Norway"
"7020656900205","Norway"
"7020656900267","Norway"
"7020712023954","Norway"
"7021010001057","Norway"
"7022810204808","Norway"
"7023530141015","Norway"
"7023539701531","Norway"
"7023539701562","Norway"
"7023539702491","Norway"
"7023550001658","Norway"
"7024850011156","Norway"
"7025110072023","Norway"
"7025110072160","Norway"
"7025110077691","Norway"
"7025110079527","Norway"
"7025110095503","Norway"
"7025110144720","Norway"
"7025110151131","Norway"
"7025110179111","Norway"
"7025110184283","Norway"
"7025110184344","Norway"
"7025110184924","Norway"
"7025110194855","Norway"
"7025110197313","Norway"
"7025110216441","Norway"
"7025110218575","Norway"
"7025110219343","Norway"
"7025165010827","Norway"
"7025165311030","Norway"
"7025168001327","Norway"
"7026450051051","Norway"
"7026450052393","Norway"
"7026450053338","Norway"
"7026450053956","Norway"
"7026450054472","Norway"
"7027110222460","Norway"
"7027110223238","Norway"
"7029161117191","Norway"
"7029161119645","Norway"
"7029161124694","Norway"
"7029161131579","Norway"
"7029161132613","Norway"
"7030019535685","Norway"
"7031451235683","Norway"
"7032060010265","Norway"
"7032060011064","Norway"
"7032069101131","Norway"
"7032069101636","Norway"
"7032069101650","Norway"
"7032069711439","Norway"
"7032069712160","Norway"
"7032069712825","Norway"
"7032069713402","Norway"
"7032069714812","Norway"
"7032069714850","Norway"
"7032069715543","Norway"
"7032069715550","Norway"
"7032069715567","Norway"
"7032069715574","Norway"
"7032069715840","Norway"
"7032069715871","Norway"
"7032069716922","Norway"
"7032069718131","Norway"
"7032069718148","Norway"
"7032069718605","Norway"
"7032069719114","Norway"
"7032069720417","Norway"
"7032069724545","Norway"
"7032069724552","Norway"
"7032069726952","Norway"
"7032069728161","Norway"
"7032069728574","Norway"
"7032069730768","Norway"
"7032069731437","Norway"
"7032069732502","Norway"
"7032069732908","Norway"
"7032069733387","Norway"
"7032069733394","Norway"
"7032069736685","Norway"
"7032069736715","Norway"
"7032069736890","Norway"
"7032069737606","Norway"
"7032069738610","Norway"
"7032069740354","Norway"
"7032069760901","Norway"
"7032069761090","Norway"
"7033330013245","Norway"
"7033330013290","Norway"
"7033330036695","Norway"
"7033330055887","Norway"
"7033330087086","Norway"
"7033330089448","Norway"
"7034280001757","Norway"
"7034280001795","Norway"
"7034280005489","Norway"
"7034280008824","Norway"
"7034280009494","Norway"
"7034281576001","Norway"
"7034281582002","Norway"
"7034281586000","Norway"
"7035110400146","Norway"
"7035110400894","Norway"
"7035119999269","Norway"
"7035620003424","Norway"
"7035620004162","Norway"
"7035620018930","Norway"
"7035620022357","Norway"
"7035620023170","Norway"
"7035620026416","Norway"
"7035620026454","Norway"
"7035620026515","Norway"
"7035620029769","Norway"
"7035620035555","Norway"
"7035620035647","Norway"
"7035620035678","Norway"
"7035620037184","Norway"
"7035620037290","Norway"
"7035620043215","Norway"
"7035620043598","Norway"
"7035620044830","Norway"
"7035620045141","Norway"
"7035620045400","Norway"
"7035620046292","Norway"
"7035620047169","Norway"
"7035620047480","Norway"
"7035620048883","Norway"
"7035620049408","Norway"
"7035620049439","Norway"
"7035620050459","Norway"
"7035620051999","Norway"
"7035620052385","Norway"
"7035620052774","Norway"
"7035620053573","Norway"
"7035620053849","Norway"
"7035620056864","Norway"
"7035620058110","Norway"
"7035620058554","Norway"
"7035620058622","Norway"
"7035620058837","Norway"
"7035620059582","Norway"
"7035620062315","Norway"
"7035620062490","Norway"
"7036110004785","Norway"
"7036110006086","Norway"
"7036110007731","Norway"
"7036110008172","Norway"
"7036110008202","Norway"
"7036110008844","Norway"
"7036110009773","Norway"
"7036110009834","Norway"
"7036110009841","Norway"
"7036110009940","Norway"
"7036110009988","Norway"
"7036110010472","Norway"
"7036110010588","Norway"
"7036110010595","Norway"
"7036110010786","Norway"
"7036110011936","Norway"
"7036110011943","Norway"
"7036110211251","Norway"
"7037120018663","Norway"
"7037203626563","Norway"
"7037203627317","Norway"
"7037204190926","Norway"
"7037204195129","Norway"
"7037204196256","Norway"
"7037204198922","Norway"
"7037204303258","Norway"
"7037204740640","Norway"
"7037206100022","Norway"
"7037206100084","Norway"
"7037206101371","Norway"
"7037210119256","Norway"
"7037210119270","Norway"
"7037400001330","Norway"
"7037400003174","Norway"
"7037421097565","Norway"
"7037610027045","Norway"
"7037610027335","Norway"
"7037610035248","Norway"
"7037610050326","Norway"
"7037610221443","Norway"
"7037710020069","Norway"
"7037710020939","Norway"
"7037710021998","Norway"
"7037710034424","Norway"
"7037710037876","Norway"
"7037710050264","Norway"
"7037710051506","Norway"
"7037710090055","Norway"
"7038010000065","Norway"
"7038010000737","Norway"
"7038010000911","Norway"
"7038010000980","Norway"
"7038010001642","Norway"
"7038010001918","Norway"
"7038010002151","Norway"
"7038010002274","Norway"
"7038010002625","Norway"
"7038010002663","Norway"
"7038010003103","Norway"
"7038010003202","Norway"
"7038010003813","Norway"
"7038010004254","Norway"
"7038010004261","Norway"
"7038010004858","Norway"
"7038010005459","Norway"
"7038010006982","Norway"
"7038010008139","Norway"
"7038010010187","Norway"
"7038010010316","Norway"
"7038010010347","Norway"
"7038010011702","Norway"
"7038010013966","Norway"
"7038010013973","Norway"
"7038010014604","Norway"
"7038010016745","Norway"
"7038010016851","Norway"
"7038010017865","Norway"
"7038010018428","Norway"
"7038010023248","Norway"
"7038010023279","Norway"
"7038010023507","Norway"
"7038010024801","Norway"
"7038010028434","Norway"
"7038010028441","Norway"
"7038010029073","Norway"
"7038010029530","Norway"
"7038010029646","Norway"
"7038010030628","Norway"
"7038010035524","Norway"
"7038010041914","Norway"
"7038010043291","Norway"
"7038010043321","Norway"
"7038010043642","Norway"
"7038010045073","Norway"
"7038010045080","Norway"
"7038010045301","Norway"
"7038010052347","Norway"
"7038010052422","Norway"
"7038010053368","Norway"
"7038010053962","Norway"
"7038010054471","Norway"
"7038010054488","Norway"
"7038010054730","Norway"
"7038010054747","Norway"
"7038010054822","Norway"
"7038010055515","Norway"
"7038010055546","Norway"
"7038010055652","Norway"
"7038010055690","Norway"
"7038010055706","Norway"
"7038010058721","Norway"
"7038010061837","Norway"
"7038010061844","Norway"
"7038010062315","Norway"
"7038010063572","Norway"
"7038010064128","Norway"
"7038010064609","Norway"
"7038010065477","Norway"
"7038010066191","Norway"
"7038010067327","Norway"
"7038010067358","Norway"
"7038010067631","Norway"
"7038010068133","Norway"
"7038010068157","Norway"
"7038010068195","Norway"
"7038010068218","Norway"
"7038010068980","Norway"
"7038010068997","Norway"
"7038010069451","Norway"
"7038010070235","Norway"
"7038010070365","Norway"
"7038010071737","Norway"
"7038010071751","Norway"
"7038010071881","Norway"
"7038010072482","Norway"
"7039010011129","Norway"
"7039010012980","Norway"
"7039010013215","Norway"
"7039010013222","Norway"
"7039010013253","Norway"
"7039010015653","Norway"
"7039010015660","Norway"
"7039010015790","Norway"
"7039010016285","Norway"
"7039010016308","Norway"
"7039010016322","Norway"
"7039010016339","Norway"
"7039010016346","Norway"
"7039010016360","Norway"
"7039010020602","Norway"
"7039010067874","Norway"
"7039010073998","Norway"
"7039010081047","Norway"
"7039010081061","Norway"
"7039010081320","Norway"
"7039010081337","Norway"
"7039010082402","Norway"
"7039010082426","Norway"
"7039010082792","Norway"
"7039010087117","Norway"
"7039010087155","Norway"
"7039010132435","Norway"
"7039010133678","Norway"
"7039010149020","Norway"
"7039010181341","Norway"
"7039010521260","Norway"
"7039010540247","Norway"
"7039010545716","Norway"
"7039010562034","Norway"
"7039010563857","Norway"
"7039010565257","Norway"
"7039010565349","Norway"
"7039010578530","Norway"
"7039010578547","Norway"
"7039010578561","Norway"
"7039010597340","Norway"
"7039010599467","Norway"
"7039310001073","Norway"
"7039317003766","Norway"
"7039317004930","Norway"
"7039317005470","Norway"
"7039317005524","Norway"
"7039317005531","Norway"
"7039317005920","Norway"
"7039317006224","Norway"
"7039317006248","Norway"
"7039317006712","Norway"
"7039317007009","Norway"
"7039317007184","Norway"
"7039317007351","Norway"
"7039317007412","Norway"
"7039317007931","Norway"
"7039317008204","Norway"
"7039317008440","Norway"
"7039317008594","Norway"
"7039317008631","Norway"
"7039317008655","Norway"
"7039317008679","Norway"
"7039317008914","Norway"
"7039317008945","Norway"
"7039410000143","Norway"
"7039610000981","Norway"
"7039610001353","Norway"
"7039610001506","Norway"
"7039610001872","Norway"
"7039610005887","Norway"
"7039610007010","Norway"
"7039610007096","Norway"
"7039610010836","Norway"
"7039610025205","Norway"
"7039610027797","Norway"
"7039610055493","Norway"
"7040110569908","Norway"
"7040110571307","Norway"
"7040110572304","Norway"
"7040110648207","Norway"
"7040510887374","Norway"
"7040511504225","Norway"
"7040511829748","Norway"
"7040515501152","Norway"
"7040515501572","Norway"
"7040518510427","Norway"
"7041015011110","Norway"
"7041111124882","Norway"
"7041111130890","Norway"
"7041111133440","Norway"
"7041111135765","Norway"
"7041111152526","Norway"
"7041614006876","Norway"
"7041614006883","Norway"
"7041614007941","Norway"
"7041614008085","Norway"
"7041710920007","Norway"
"7041810010073","Norway"
"7041810010387","Norway"
"7041810010394","Norway"
"7041810010400","Norway"
"7041810016136","Norway"
"7041810125098","Norway"
"7042961003334","Norway"
"7044416010201","Norway"
"7044416010294","Norway"
"7044416011444","Norway"
"7044416012199","Norway"
"7044416013141","Norway"
"7044416013172","Norway"
"7044416013622","Norway"
"7044416013653","Norway"
"7044416013684","Norway"
"7044416013714","Norway"
"7044416014841","Norway"
"7044416015367","Norway"
"7044416016227","Norway"
"7044610874494","Norway"
"7044610874661","Norway"
"7044610874685","Norway"
"7044610876290","Norway"
"7044610876351","Norway"
"7044610876658","Norway"
"7044613877126","Norway"
"7044711300496","Norway"
"7044930238709","Norway"
"7045810000416","Norway"
"7045910003041","Norway"
"7046280010165","Norway"
"7046280029372","Norway"
"7048840000012","Norway"
"7048840000029","Norway"
"7048840000456","Norway"
"7048840000470","Norway"
"7048840000548","Norway"
"7048840005468","Norway"
"7048840005499","Norway"
"7048840081950","Norway"
"7048840090150","Norway"
"7048840091539","Norway"
"7048840105816","Norway"
"7048840200016","Norway"
"7048840200979","Norway"
"7048840207299","Norway"
"7048840211487","Norway"
"7048840211722","Norway"
"7048840218820","Norway"
"7048840222896","Norway"
"7048840223909","Norway"
"7048840224210","Norway"
"7048840225774","Norway"
"7048840226689","Norway"
"7050122106152","Norway"
"7050122113167","Norway"
"7050122120615","Norway"
"7050122301434","Norway"
"7050122304343","Norway"
"7050122304350","Norway"
"7050122305531","Norway"
"7052860000037","Norway"
"7056831970121","Norway"
"7070622010490","Norway"
"7070622012012","Norway"
"7070646287403","Norway"
"7070841001569","Norway"
"7070841001767","Norway"
"7070841003150","Norway"
"7070841003433","Norway"
"7070841004270","Norway"
"7070866013349","Norway"
"7070866013370","Norway"
"7070866013400","Norway"
"7070866037826","Norway"
"7070866039806","Norway"
"7070866039899","Norway"
"7071319023144","Norway"
"7071319024981","Norway"
"7071319027357","Norway"
"7071319031811","Norway"
"7071688002535","Norway"
"7071688003556","Norway"
"7071688004164","Norway"
"7071688004171","Norway"
"7071688004188","Norway"
"7071688004713","Norway"
"7071848024124","Norway"
"7071864018558","Norway"
"7071864018589","Norway"
"7071864018619","Norway"
"7072130010580","Norway"
"7072130060943","Norway"
"7076809890015","Norway"
"7090006470047","Norway"
"7090006470184","Norway"
"7090006470405","Norway"
"7090009370306","Norway"
"7090037971100","Norway"
"7090042651271","Norway"
"7090046311683","Norway"
"7090046311706","Norway"
"7090046313472","Norway"
"7090046313625","Norway"
"7090046315261","Norway"
"7090046315292","Norway"
"7090046319122","Norway"
"7300400101332","Norway"
"7300400118408","Norway"
"7300400118415","Norway"
"7300400120715","Norway"
"7300400121644","Norway"
"7300400122689","Norway"
"7300400127363","Norway"
"7300400129459","Norway"
"7300400130288","Norway"
"7300400481878","Norway"
"7300400482585","Norway"
"7300400482691","Norway"
"7300400482950","Norway"
"7310130013287","Norway"
"7310130013348","Norway"
"7310130801709","Norway"
"7310340111049","Norway"
"7310340464404","Norway"
"7310350119752","Norway"
"7310619135707","Norway"
"7310700676485","Norway"
"7310865005168","Norway"
"7311040084794","Norway"
"7311040172521","Norway"
"7311041000175","Norway"
"7311041013427","Norway"
"7311041013601","Norway"
"7311041019771","Norway"
"7311041022689","Norway"
"7311041024362","Norway"
"7311041024720","Norway"
"7311041029268","Norway"
"7311041029299","Norway"
"7311041048290","Norway"
"7311041048931","Norway"
"7311041083918","Norway"
"7311041085011","Norway"
"7311070001952","Norway"
"7311070006209","Norway"
"7311070006339","Norway"
"7311070006353","Norway"
"7311171008386","Norway"
"7311310026790","Norway"
"7311310031015","Norway"
"7311310034061","Norway"
"7311310034405","Norway"
"7311310035341","Norway"
"7311310038342","Norway"
"7311310038397","Norway"
"7311311020599","Norway"
"7311311020629","Norway"
"7311311021169","Norway"
"7311311021183","Norway"
"7311312000873","Norway"
"7311312002112","Norway"
"7311312005274","Norway"
"7311312005298","Norway"
"7311312005458","Norway"
"7311312005465","Norway"
"7311312005489","Norway"
"7311312007834","Norway"
"7311312008732","Norway"
"7311312008794","Norway"
"7311312009302","Norway"
"7311800361707","Norway"
"7311800389701","Norway"
"7311870010895","Norway"
"7312080004025","Norway"
"7318690081623","Norway"
"7331974102500","Norway"
"7340001800203","Norway"
"7340001800494","Norway"
"7340001804546","Norway"
"7340001805390","Norway"
"7340001806045","Norway"
"7340005403363","Norway"
"7340005404162","Norway"
"7340011340188","Norway"
"7340011342434","Norway"
"7340011342618","Norway"
"7340011345176","Norway"
"7340011350767","Norway"
"7340011350811","Norway"
"7340011355304","Norway"
"7340011364306","Norway"
"7340011404811","Norway"
"7340011446873","Norway"
"7340011447313","Norway"
"7340011448310","Norway"
"7340011454915","Norway"
"7340011456704","Norway"
"7340011460923","Norway"
"7340011473039","Norway"
"7340011488422","Norway"
"7340011496717","Norway"
"7340011497363","Norway"
"7340024185417","Norway"
"7340154813648","Norway"
"7340191104846","Norway"
"7340191109995","Norway"
"7340191110069","Norway"
"7340191118775","Norway"
"7340191124165","Norway"
"7340191124172","Norway"
"7340191129801","Norway"
"7340191134782","Norway"
"7340191135680","Norway"
"7340191135888","Norway"
"7340191140011","Norway"
"7340191141438","Norway"
"7340191143265","Norway"
"7340191143890","Norway"
"7340191144262","Norway"
"7340191144712","Norway"
"7340191145030","Norway"
"7340191146068","Norway"
"7340191148741","Norway"
"7340191148918","Norway"
"7340191149779","Norway"
"7340191150393","Norway"
"7340191151987","Norway"
"7340191153004","Norway"
"7340191153042","Norway"
"7340191156159","Norway"
"7340191156166","Norway"
"7340191162235","Norway"
"7340191162877","Norway"
"7340191165632","Norway"
"7340191166165","Norway"
"7340191166530","Norway"
"7340191170452","Norway"
"7350000153477","Norway"
"7350000159288","Norway"
"7350001320014","Norway"
"7350022561700","Norway"
"7350028543762","Norway"
"7350054797436","Norway"
"7350066440146","Norway"
"7350066440153","Norway"
"7350066440504","Norway"
"7350066440672","Norway"
"7350068291210","Norway"
"7350092180023","Norway"
"7350101604588","Norway"
"7394376615290","Norway"
"7394376615665","Norway"
"7394376618963","Norway"
"7394376620799","Norway"
"75041670","Norway"
"7610029224016","Norway"
"7613034532336","Norway"
"7614500010013","Norway"
"7622201517953","Norway"
"7622201721787","Norway"
"7622201746148","Norway"
"7622201802028","Norway"
"7622202016455","Norway"
"7622202016950","Norway"
"7622202045615","Norway"
"7622202050145","Norway"
"7622202050176","Norway"
"7622202207259","Norway"
"7622202242618","Norway"
"7622202257346","Norway"
"7622210115720","Norway"
"7622210137258","Norway"
"7622210166692","Norway"
"7622210477439","Norway"
"7622210664181","Norway"
"7622210690883","Norway"
"7622210761231","Norway"
"7622210816672","Norway"
"7622300137847","Norway"
"7622300248987","Norway"
"7622300286675","Norway"
"7622300336738","Norway"
"7622300414399","Norway"
"7622300473983","Norway"
"7622300489434","Norway"
"7622300591052","Norway"
"7622400928727","Norway"
"7622400984235","Norway"
"7640155340526","Norway"
"7792799000011","Norway"
"8001020114182","Norway"
"8001665128674","Norway"
"8001665128698","Norway"
"8001665128704","Norway"
"8001665128728","Norway"
"8001665700016","Norway"
"8002670004205","Norway"
"80050094","Norway"
"8005110551215","Norway"
"8005121000085","Norway"
"8005121000146","Norway"
"8005121000177","Norway"
"8005121000276","Norway"
"8005121000405","Norway"
"8005121000740","Norway"
"8005121040845","Norway"
"8005121052084","Norway"
"8008698007303","Norway"
"8008698010778","Norway"
"8010721001509","Norway"
"80310167","Norway"
"8056039883406","Norway"
"8076800105056","Norway"
"8076804215058","Norway"
"8076809513388","Norway"
"8076809513753","Norway"
"8076809523547","Norway"
"8076809523738","Norway"
"8076809545440","Norway"
"8410031996852","Norway"
"8410076410115","Norway"
"8410076420947","Norway"
"8410076473318","Norway"
"8410076481597","Norway"
"8410076482563","Norway"
"8410076482594","Norway"
"8410076491916","Norway"
"8410525184833","Norway"
"8411037800037","Norway"
"8411037884402","Norway"
"8412164000222","Norway"
"8445290227805","Norway"
"8445291523180","Norway"
"8445291633728","Norway"
"8585002441324","Norway"
"8691440309123","Norway"
"8691707088495","Norway"
"8710398165077","Norway"
"8710398518705","Norway"
"8710605030051","Norway"
"87108262","Norway"
"8711000476208","Norway"
"8711000476345","Norway"
"8711327539396","Norway"
"8711327579576","Norway"
"8712100536939","Norway"
"8713305816444","Norway"
"8715000002559","Norway"
"8715000014026","Norway"
"8715035110106","Norway"
"8715035130104","Norway"
"8715700016504","Norway"
"8715700125992","Norway"
"8715700415574","Norway"
"8715700415604","Norway"
"8715700423944","Norway"
"87157239","Norway"
"87158335","Norway"
"8718114782591","Norway"
"8720182754691","Norway"
"8722700001232","Norway"
"8722700085072","Norway"
"8801073113312","Norway"
"8801073113381","Norway"
"8801073113893","Norway"
"8801073113947","Norway"
"8801073116474","Norway"
"8801073141780","Norway"
"8801073144484","Norway"
"8801073144491","Norway"
"8801073411388","Norway"
"8801073411395","Norway"
"8855702001815","Norway"
"8938507849131","Norway"
"9006900011529","Norway"
"90376825","Norway"
"90433917","Norway"
"90456282","Norway"
"90490620","Norway"
"0084909002341","Poland"
"0613008761615","Poland"
"0613008766061","Poland"
"1103086260005","Poland"
"1200288900002","Poland"
"1204835920000","Poland"
"1230000168007","Poland"
"13356194","Poland"
"16811207","Poland"
"1704877950008","Poland"
"20000653","Poland"
"20001360","Poland"
"20002589","Poland"
"20003234","Poland"
"20004408","Poland"
"20005726","Poland"
"20005733","Poland"
"20005825","Poland"
"20013578","Poland"
"20014421","Poland"
"20017088","Poland"
"20022464","Poland"
"20026752","Poland"
"20037680","Poland"
"20039486","Poland"
"20041663","Poland"
"20047238","Poland"
"20063757","Poland"
"20069490","Poland"
"20072483","Poland"
"20080662","Poland"
"20086091","Poland"
"20096410","Poland"
"20130596","Poland"
"20153229","Poland"
"20154691","Poland"
"20158651","Poland"
"20164041","Poland"
"20173074","Poland"
"20184728","Poland"
"20198084","Poland"
"20198107","Poland"
"20199876","Poland"
"20209957","Poland"
"20229030","Poland"
"20240165","Poland"
"20245726","Poland"
"20253929","Poland"
"20255428","Poland"
"20267605","Poland"
"20272760","Poland"
"20281151","Poland"
"20316488","Poland"
"20336837","Poland"
"20343255","Poland"
"20348960","Poland"
"20350437","Poland"
"20353889","Poland"
"20368197","Poland"
"20420635","Poland"
"20422103","Poland"
"20428761","Poland"
"20441470","Poland"
"20443375","Poland"
"20465384","Poland"
"20465834","Poland"
"20468583","Poland"
"20484804","Poland"
"20487942","Poland"
"20499143","Poland"
"20561338","Poland"
"20561864","Poland"
"20569105","Poland"
"20586218","Poland"
"20620387","Poland"
"20624477","Poland"
"20659523","Poland"
"20690069","Poland"
"20690168","Poland"
"20692230","Poland"
"20706784","Poland"
"20707170","Poland"
"20707330","Poland"
"20720285","Poland"
"20724696","Poland"
"20815356","Poland"
"20818661","Poland"
"20820275","Poland"
"20858018","Poland"
"20858087","Poland"
"20881078","Poland"
"20902438","Poland"
"20902575","Poland"
"20934545","Poland"
"20981587","Poland"
"3045140105502","Poland"
"3046920028363","Poland"
"3046920028370","Poland"
"3046920029759","Poland"
"3083680074094","Poland"
"3083680086936","Poland"
"3083680836371","Poland"
"3083681003949","Poland"
"3083681130522","Poland"
"3083681139716","Poland"
"3083681147834","Poland"
"3088542500285","Poland"
"3161910238710","Poland"
"3228857001811","Poland"
"3237580162287","Poland"
"3245411157944","Poland"
"3245411443559","Poland"
"3245411443566","Poland"
"3245411573669","Poland"
"3245412379284","Poland"
"3245412435263","Poland"
"3245412563034","Poland"
"3245412563256","Poland"
"3245412568329","Poland"
"3245412568749","Poland"
"3245412589980","Poland"
"3245412738289","Poland"
"3245412885174","Poland"
"3245412886171","Poland"
"3245412886232","Poland"
"3245413451804","Poland"
"3245413532466","Poland"
"3245414263048","Poland"
"3245414637696","Poland"
"3250390114697","Poland"
"3250391162246","Poland"
"3250391699995","Poland"
"3250391896554","Poland"
"3250392735227","Poland"
"3254560041264","Poland"
"3261055954909","Poland"
"3270190007418","Poland"
"3270190007425","Poland"
"3270190008606","Poland"
"3270190114055","Poland"
"3270190128519","Poland"
"3270190128717","Poland"
"3270190174356","Poland"
"3270190175216","Poland"
"3270190178057","Poland"
"3270190178866","Poland"
"3270190197867","Poland"
"3410280020150","Poland"
"3560070105908","Poland"
"3560070142224","Poland"
"3560070223145","Poland"
"3560070242016","Poland"
"3560070252268","Poland"
"3560070290840","Poland"
"3560070316243","Poland"
"3560070328826","Poland"
"3560070328857","Poland"
"3560070328888","Poland"
"3560070328918","Poland"
"3560070328970","Poland"
"3560070329038","Poland"
"3560070329120","Poland"
"3560070329151","Poland"
"3560070330836","Poland"
"3560070340194","Poland"
"3560070340408","Poland"
"3560070342167","Poland"
"3560070342495","Poland"
"3560070343393","Poland"
"3560070343904","Poland"
"3560070343935","Poland"
"3560070343966","Poland"
"3560070344918","Poland"
"3560070348596","Poland"
"3560070377947","Poland"
"3560070379545","Poland"
"3560070385843","Poland"
"3560070387427","Poland"
"3560070401826","Poland"
"3560070419456","Poland"
"3560070439881","Poland"
"3560070453337","Poland"
"3560070466894","Poland"
"3560070477197","Poland"
"3560070484225","Poland"
"3560070546848","Poland"
"3560070553990","Poland"
"3560070554027","Poland"
"3560070555307","Poland"
"3560070555369","Poland"
"3560070555390","Poland"
"3560070573011","Poland"
"3560070582884","Poland"
"3560070590728","Poland"
"3560070606856","Poland"
"3560070614202","Poland"
"3560070649327","Poland"
"3560070678051","Poland"
"3560070682683","Poland"
"3560070687350","Poland"
"3560070692842","Poland"
"3560070725618","Poland"
"3560070737017","Poland"
"3560070737048","Poland"
"3560070737628","Poland"
"3560070737710","Poland"
"3560070740529","Poland"
"3560070744770","Poland"
"3560070759354","Poland"
"3560070800209","Poland"
"3560070800230","Poland"
"3560070800292","Poland"
"3560070800322","Poland"
"3560070800353","Poland"
"3560070800384","Poland"
"3560070822997","Poland"
"3560070823291","Poland"
"3560070823802","Poland"
"3560070825219","Poland"
"3560070825271","Poland"
"3560070825813","Poland"
"3560070826186","Poland"
"3560070832491","Poland"
"3560070896745","Poland"
"3560070910366","Poland"
"3560070910489","Poland"
"3560070923984","Poland"
"3560070924011","Poland"
"3560070924073","Poland"
"3560070926930","Poland"
"3560070932429","Poland"
"3560070932641","Poland"
"3560070936106","Poland"
"3560070936137","Poland"
"3560070942688","Poland"
"3560070955589","Poland"
"3560070973743","Poland"
"3560070995905","Poland"
"3560070996131","Poland"
"3560071000035","Poland"
"3560071000493","Poland"
"3560071008574","Poland"
"3560071012243","Poland"
"3560071013004","Poland"
"3560071013011","Poland"
"3560071013035","Poland"
"3560071013042","Poland"
"3560071013059","Poland"
"3560071013066","Poland"
"3560071013097","Poland"
"3560071013110","Poland"
"3560071013127","Poland"
"3560071013196","Poland"
"3560071013721","Poland"
"3560071014094","Poland"
"3560071015725","Poland"
"3560071016074","Poland"
"3560071016982","Poland"
"3560071019228","Poland"
"3560071046897","Poland"
"3560071058234","Poland"
"3560071082765","Poland"
"3560071083021","Poland"
"3560071083465","Poland"
"3560071083991","Poland"
"3560071084042","Poland"
"3560071084059","Poland"
"3560071084158","Poland"
"3560071090821","Poland"
"3560071090838","Poland"
"3560071099251","Poland"
"3560071099404","Poland"
"3560071117085","Poland"
"3560071117115","Poland"
"3560071151423","Poland"
"3560071168674","Poland"
"3560071179267","Poland"
"3560071182151","Poland"
"3560071191276","Poland"
"3560071225872","Poland"
"3560071232627","Poland"
"3560071240394","Poland"
"3560071244057","Poland"
"3560071253080","Poland"
"3560071260156","Poland"
"3560071267032","Poland"
"3560071267063","Poland"
"3560071267575","Poland"
"3560071267582","Poland"
"3560071270605","Poland"
"3560071403775","Poland"
"3560071413842","Poland"
"3560071415297","Poland"
"3560071415747","Poland"
"3560071417536","Poland"
"3560071417628","Poland"
"3560071427986","Poland"
"3560071432034","Poland"
"3560071455453","Poland"
"3560071459437","Poland"
"3560071468187","Poland"
"3560071469542","Poland"
"3560071469573","Poland"
"3560071469641","Poland"
"3560071469740","Poland"
"3560071469771","Poland"
"3560071478247","Poland"
"3560071478278","Poland"
"3560071478308","Poland"
"3560071478377","Poland"
"3560071478643","Poland"
"3560071479398","Poland"
"3560071479657","Poland"
"3560071481995","Poland"
"3560071482022","Poland"
"3560071482695","Poland"
"3560071482732","Poland"
"3560071493776","Poland"
"3560071504069","Poland"
"3560071504090","Poland"
"3560071531096","Poland"
"3560071532840","Poland"
"3560071551674","Poland"
"3564700148792","Poland"
"3596710435029","Poland"
"3614070059355","Poland"
"3800205871255","Poland"
"3800233070088","Poland"
"4000417025005","Poland"
"4000417237002","Poland"
"4000417294005","Poland"
"4000512015062","Poland"
"4000607850004","Poland"
"4000607852008","Poland"
"4002846034603","Poland"
"4006985902304","Poland"
"4008400203829","Poland"
"4008400290126","Poland"
"4008400553023","Poland"
"40084077","Poland"
"40084107","Poland"
"40084725","Poland"
"4009900492447","Poland"
"4014400400007","Poland"
"4014400900651","Poland"
"4014400910063","Poland"
"4014400926279","Poland"
"40144382","Poland"
"40144450","Poland"
"40145990","Poland"
"4017100759000","Poland"
"4018077632006","Poland"
"4025500132446","Poland"
"4025500132477","Poland"
"4025500135614","Poland"
"4025500235024","Poland"
"4025500271213","Poland"
"4025500298005","Poland"
"4025700001023","Poland"
"4025700001450","Poland"
"4025700001962","Poland"
"4029764001807","Poland"
"4047247646635","Poland"
"4056489018636","Poland"
"4056489025115","Poland"
"4056489033042","Poland"
"4056489061267","Poland"
"4056489063513","Poland"
"4056489067566","Poland"
"4056489067740","Poland"
"4056489068204","Poland"
"4056489068822","Poland"
"4056489095897","Poland"
"4056489124320","Poland"
"4056489124481","Poland"
"4056489126287","Poland"
"4056489126898","Poland"
"4056489158196","Poland"
"4056489163534","Poland"
"4056489181293","Poland"
"4056489185147","Poland"
"4056489192923","Poland"
"4056489204183","Poland"
"4056489210221","Poland"
"4056489216223","Poland"
"4056489217411","Poland"
"4056489224433","Poland"
"4056489238607","Poland"
"4056489238614","Poland"
"4056489238669","Poland"
"4056489254157","Poland"
"4056489283850","Poland"
"4056489303916","Poland"
"4056489306344","Poland"
"4056489328766","Poland"
"4056489346357","Poland"
"4056489350392","Poland"
"4056489357117","Poland"
"4056489358503","Poland"
"4056489366461","Poland"
"4056489388555","Poland"
"4056489406662","Poland"
"4056489406679","Poland"
"4056489459514","Poland"
"4056489459538","Poland"
"4056489459545","Poland"
"4056489529712","Poland"
"4056489601593","Poland"
"4056489666028","Poland"
"4056489682677","Poland"
"4056489687610","Poland"
"4056489694397","Poland"
"4056489695387","Poland"
"4056489721413","Poland"
"4056489745518","Poland"
"4056489784623","Poland"
"4056489790372","Poland"
"4056489918196","Poland"
"4056489918325","Poland"
"4056489918332","Poland"
"4056489957652","Poland"
"4056489962991","Poland"
"4056489973010","Poland"
"4056489978923","Poland"
"4056489983507","Poland"
"4056489989363","Poland"
"4056489997511","Poland"
"4056489997672","Poland"
"4061459133271","Poland"
"4061459605686","Poland"
"4061461077563","Poland"
"4066447422825","Poland"
"4067796000269","Poland"
"4067796066760","Poland"
"40875125","Poland"
"42392149","Poland"
"42457008","Poland"
"4300175300476","Poland"
"4335619007642","Poland"
"4335619014374","Poland"
"4335619014404","Poland"
"4335619014442","Poland"
"4335619016217","Poland"
"4335619057487","Poland"
"4335619073456","Poland"
"4335619268012","Poland"
"4335896750729","Poland"
"4337185458927","Poland"
"4337185525476","Poland"
"4820162520316","Poland"
"4820245523067","Poland"
"4823077621154","Poland"
"4823077621659","Poland"
"4823077633508","Poland"
"4823077634222","Poland"
"4823077646287","Poland"
"4903001017106","Poland"
"5000112651324","Poland"
"5000112651331","Poland"
"5000112651355","Poland"
"5000157072023","Poland"
"5000159386821","Poland"
"5000159461122","Poland"
"5000159550567","Poland"
"5000159556804","Poland"
"5000159557771","Poland"
"5000159562263","Poland"
"5010338200039","Poland"
"5010338200060","Poland"
"50184385","Poland"
"5053990101573","Poland"
"5053990101597","Poland"
"5053990161669","Poland"
"5053990182534","Poland"
"5060088706534","Poland"
"5060166692483","Poland"
"5060337500258","Poland"
"5060639125739","Poland"
"5061013944342","Poland"
"5201360521210","Poland"
"5202390020407","Poland"
"5400101201712","Poland"
"54088191","Poland"
"5410126006049","Poland"
"5411188081852","Poland"
"5411188110835","Poland"
"5411188112709","Poland"
"5411188115366","Poland"
"5411188116592","Poland"
"5411188120988","Poland"
"5411188126416","Poland"
"5411188128601","Poland"
"5411188130055","Poland"
"5411188130550","Poland"
"5411188137993","Poland"
"5411188139348","Poland"
"5411188139362","Poland"
"5411188543381","Poland"
"5411188543398","Poland"
"5413548280189","Poland"
"5449000000439","Poland"
"5449000000996","Poland"
"5449000011114","Poland"
"5449000034519","Poland"
"5449000054227","Poland"
"5449000130389","Poland"
"5449000131805","Poland"
"5449000133328","Poland"
"5449000133335","Poland"
"5449000138170","Poland"
"5449000149695","Poland"
"5449000158895","Poland"
"5449000195364","Poland"
"5449000236623","Poland"
"5449000329615","Poland"
"54490703","Poland"
"54491472","Poland"
"5604127000346","Poland"
"5740900400832","Poland"
"5900012000232","Poland"
"5900012003196","Poland"
"5900012005947","Poland"
"5900020000576","Poland"
"5900020000590","Poland"
"5900020002730","Poland"
"5900020004697","Poland"
"5900020012067","Poland"
"5900020013491","Poland"
"5900020019592","Poland"
"5900020020895","Poland"
"5900020020918","Poland"
"5900020022745","Poland"
"5900020032195","Poland"
"5900020035899","Poland"
"5900020041517","Poland"
"5900020042736","Poland"
"5900020043504","Poland"
"5900020043818","Poland"
"5900020044129","Poland"
"5900020044891","Poland"
"5900020045171","Poland"
"5900073021856","Poland"
"5900084229395","Poland"
"5900084229456","Poland"
"5900085011012","Poland"
"5900085011029","Poland"
"5900085011180","Poland"
"5900102028382","Poland"
"5900102028481","Poland"
"5900120005624","Poland"
"5900120010970","Poland"
"5900120016668","Poland"
"5900120064959","Poland"
"5900120070059","Poland"
"5900242001566","Poland"
"5900242003089","Poland"
"5900259029041","Poland"
"5900259115393","Poland"
"5900259127600","Poland"
"5900259128409","Poland"
"5900259128898","Poland"
"5900259133311","Poland"
"5900316552239","Poland"
"5900316552246","Poland"
"5900320001136","Poland"
"5900320001303","Poland"
"5900320002614","Poland"
"5900320011036","Poland"
"5900334000880","Poland"
"5900334008206","Poland"
"5900334012685","Poland"
"5900334012753","Poland"
"5900334013378","Poland"
"5900340017001","Poland"
"5900340017018","Poland"
"5900352002361","Poland"
"5900352004457","Poland"
"5900352015125","Poland"
"5900352015798","Poland"
"5900385012528","Poland"
"5900385012573","Poland"
"5900394006495","Poland"
"5900397006546","Poland"
"5900397006744","Poland"
"5900397007147","Poland"
"5900397731554","Poland"
"5900497030212","Poland"
"5900497043380","Poland"
"5900497300339","Poland"
"5900497312004","Poland"
"5900500031397","Poland"
"5900512110158","Poland"
"5900512220130","Poland"
"5900512300108","Poland"
"5900512300320","Poland"
"5900512320359","Poland"
"5900512320625","Poland"
"5900512350028","Poland"
"5900512350080","Poland"
"5900512700014","Poland"
"5900512850016","Poland"
"5900512850023","Poland"
"5900512850290","Poland"
"5900512901091","Poland"
"5900512981178","Poland"
"5900512999555","Poland"
"5900531000010","Poland"
"5900531000102","Poland"
"5900531000508","Poland"
"5900531001031","Poland"
"5900531001130","Poland"
"5900531004018","Poland"
"5900531004506","Poland"
"5900531004513","Poland"
"5900531004537","Poland"
"5900531004704","Poland"
"5900531004735","Poland"
"5900531006005","Poland"
"5900531007019","Poland"
"5900531011016","Poland"
"5900531011023","Poland"
"5900531011047","Poland"
"5900541000062","Poland"
"5900552014713","Poland"
"5900567001746","Poland"
"5900567009681","Poland"
"5900567015613","Poland"
"5900617002099","Poland"
"5900617002228","Poland"
"5900617002617","Poland"
"5900617002976","Poland"
"5900617002983","Poland"
"5900617012197","Poland"
"5900617013064","Poland"
"5900617013101","Poland"
"5900617013149","Poland"
"5900617015723","Poland"
"5900617034786","Poland"
"5900617034809","Poland"
"5900617035882","Poland"
"5900617035905","Poland"
"5900617037152","Poland"
"5900617037190","Poland"
"5900617037213","Poland"
"5900617038265","Poland"
"5900617038289","Poland"
"5900617039262","Poland"
"5900617039798","Poland"
"5900617040985","Poland"
"5900617041104","Poland"
"5900617041661","Poland"
"5900617042255","Poland"
"5900617042774","Poland"
"5900617043481","Poland"
"5900617047076","Poland"
"5900617047304","Poland"
"5900617047465","Poland"
"5900643047699","Poland"
"5900643051108","Poland"
"5900649081178","Poland"
"5900749610315","Poland"
"59007715","Poland"
"5900783000417","Poland"
"5900783000424","Poland"
"5900783003418","Poland"
"5900783004996","Poland"
"5900783008680","Poland"
"5900783008697","Poland"
"5900783009090","Poland"
"5900783009960","Poland"
"5900783010010","Poland"
"5900783010287","Poland"
"5900820000011","Poland"
"5900820000042","Poland"
"5900820000257","Poland"
"5900820001506","Poland"
"5900820010218","Poland"
"5900820011468","Poland"
"5900820011529","Poland"
"5900820012212","Poland"
"5900820012229","Poland"
"5900820019105","Poland"
"5900862213530","Poland"
"5900909000420","Poland"
"5900910000136","Poland"
"5900928087938","Poland"
"5900928089390","Poland"
"5900951247897","Poland"
"5900951310379","Poland"
"5900951310973","Poland"
"5900951311215","Poland"
"5900951311505","Poland"
"5900951312038","Poland"
"5900951313592","Poland"
"5900951314537","Poland"
"5901044003581","Poland"
"5901044003611","Poland"
"5901044021875","Poland"
"5901044022872","Poland"
"5901044027549","Poland"
"5901067400848","Poland"
"5901088013133","Poland"
"5901104005302","Poland"
"5901135025737","Poland"
"5901248000911","Poland"
"5901356070974","Poland"
"5901384506582","Poland"
"5901384506612","Poland"
"5901384506629","Poland"
"5901384506636","Poland"
"5901384506650","Poland"
"5901384506681","Poland"
"5901384506698","Poland"
"5901414203467","Poland"
"5901520000059","Poland"
"5901588018195","Poland"
"5901588018768","Poland"
"5901588400280","Poland"
"5901588400297","Poland"
"5901630000208","Poland"
"5901664003749","Poland"
"5901696000051","Poland"
"5901713020307","Poland"
"5901753000628","Poland"
"5901939000770","Poland"
"5901939000794","Poland"
"5901939002019","Poland"
"5901939103068","Poland"
"5901939103075","Poland"
"5901939103099","Poland"
"5901939103105","Poland"
"5901939103235","Poland"
"5901939103402","Poland"
"5901958612367","Poland"
"5902057001748","Poland"
"5902057003285","Poland"
"5902180010334","Poland"
"5902180470336","Poland"
"5902409703887","Poland"
"5902768584295","Poland"
"59027904","Poland"
"5902884461319","Poland"
"5902884461890","Poland"
"5902884465850","Poland"
"5902899101637","Poland"
"5902899101651","Poland"
"5902899117225","Poland"
"5903034425762","Poland"
"5903189076314","Poland"
"5903548006525","Poland"
"5903767002971","Poland"
"5903767006160","Poland"
"5903895010237","Poland"
"5903899246557","Poland"
"5904194906641","Poland"
"5904730127844","Poland"
"5904906810372","Poland"
"5905279941427","Poland"
"5906040063089","Poland"
"5906040063515","Poland"
"5906040064079","Poland"
"5906340630011","Poland"
"5906425121397","Poland"
"5906425140947","Poland"
"5906425144587","Poland"
"5906712808277","Poland"
"5906747176587","Poland"
"5906823002342","Poland"
"5907069000017","Poland"
"5907180352682","Poland"
"5907437369944","Poland"
"5907653104725","Poland"
"5907751601065","Poland"
"5908230515903","Poland"
"5908230521485","Poland"
"5908230521508","Poland"
"5908230523182","Poland"
"5908230524226","Poland"
"5908230524592","Poland"
"5908230529290","Poland"
"5908234811438","Poland"
"5908260250973","Poland"
"5908260251574","Poland"
"5908260251963","Poland"
"5908260251987","Poland"
"5908260253578","Poland"
"5908260253813","Poland"
"5908260254834","Poland"
"5941021001261","Poland"
"5948935000274","Poland"
"5998711723163","Poland"
"6111070000174","Poland"
"6111184001906","Poland"
"6194049100013","Poland"
"6408432201806","Poland"
"6408432202407","Poland"
"6408432202414","Poland"
"6922163616734","Poland"
"7300400114714","Poland"
"7300400118101","Poland"
"7300400122689","Poland"
"7350104401085","Poland"
"7613031918881","Poland"
"7613036216241","Poland"
"7614500010013","Poland"
"7622200007332","Poland"
"7622201401900","Poland"
"7622202262463","Poland"
"7622210063113","Poland"
"7622210240200","Poland"
"7622210289995","Poland"
"7622210309792","Poland"
"7622210346735","Poland"
"7622210403919","Poland"
"7622210406354","Poland"
"7622210604187","Poland"
"7622210669315","Poland"
"7622210788078","Poland"
"7622210818553","Poland"
"7622210826053","Poland"
"7622210833051","Poland"
"7622300313357","Poland"
"7622300434472","Poland"
"7622300441715","Poland"
"7622300443269","Poland"
"7622300444181","Poland"
"7622300491215","Poland"
"7622300590970","Poland"
"7622300784751","Poland"
"7622400005190","Poland"
"8000070020580","Poland"
"8000320010026","Poland"
"8000500023976","Poland"
"8000500164976","Poland"
"8000500166697","Poland"
"8000500179864","Poland"
"8000500318287","Poland"
"8000500390306","Poland"
"8000500434123","Poland"
"8001310811050","Poland"
"8001860187735","Poland"
"80040446","Poland"
"80042563","Poland"
"8004690051573","Poland"
"8004690203002","Poland"
"8005110519000","Poland"
"80052333","Poland"
"80052760","Poland"
"80053828","Poland"
"8008698005491","Poland"
"8008698024140","Poland"
"80177609","Poland"
"80310891","Poland"
"80751151","Poland"
"80761761","Poland"
"8076800105056","Poland"
"8076802085738","Poland"
"8076809513739","Poland"
"8076809513746","Poland"
"8076809513753","Poland"
"8076809523547","Poland"
"80800019","Poland"
"8410076481597","Poland"
"8410376052893","Poland"
"8431876066913","Poland"
"8431876144451","Poland"
"8435185944009","Poland"
"8690526026220","Poland"
"8690526065700","Poland"
"8711299020410","Poland"
"8711299020540","Poland"
"8712000900045","Poland"
"8714065110650","Poland"
"8714100289983","Poland"
"8715035110106","Poland"
"8715035110809","Poland"
"8715035210301","Poland"
"8715700117829","Poland"
"8715700420363","Poland"
"87157215","Poland"
"8717496041647","Poland"
"8718734820598","Poland"
"8719128117232","Poland"
"8719200264854","Poland"
"8719200267268","Poland"
"8719324585002","Poland"
"8719979201470","Poland"
"8720182817174","Poland"
"8801005171410","Poland"
"8801043053167","Poland"
"8801073116467","Poland"
"8801073116474","Poland"
"8809041427409","Poland"
"8851613101385","Poland"
"8853662056012","Poland"
"8853662056333","Poland"
"8853662056661","Poland"
"8858135001322","Poland"
"8934680033428","Poland"
"8934680033442","Poland"
"8936020052533","Poland"
"8994963002824","Poland"
"9000331604275","Poland"
"9002490100070","Poland"
"9002490200220","Poland"
"90331701","Poland"
"94001129","Poland"
"0034000702329","Portugal"
"0084380957444","Portugal"
"0612322030087","Portugal"
"1103086260005","Portugal"
"20002183","Portugal"
"20004088","Portugal"
"20005719","Portugal"
"20005733","Portugal"
"20005795","Portugal"
"20017088","Portugal"
"20024666","Portugal"
"20024901","Portugal"
"20026394","Portugal"
"20094683","Portugal"
"20103286","Portugal"
"20103354","Portugal"
"20133214","Portugal"
"20144302","Portugal"
"20153229","Portugal"
"20171841","Portugal"
"20177201","Portugal"
"20193041","Portugal"
"20198107","Portugal"
"20202866","Portugal"
"2024000087852","Portugal"
"20248321","Portugal"
"20283360","Portugal"
"20319335","Portugal"
"20337223","Portugal"
"20353889","Portugal"
"20382506","Portugal"
"20408923","Portugal"
"20425555","Portugal"
"20531805","Portugal"
"20621483","Portugal"
"20691998","Portugal"
"20692230","Portugal"
"20724696","Portugal"
"20810405","Portugal"
"20815394","Portugal"
"20818692","Portugal"
"20878108","Portugal"
"20918279","Portugal"
"20920210","Portugal"
"20941116","Portugal"
"20941130","Portugal"
"20959968","Portugal"
"24027366","Portugal"
"24095204","Portugal"
"26073378","Portugal"
"27024294","Portugal"
"3023290045657","Portugal"
"3036810201280","Portugal"
"3045140105502","Portugal"
"3046920028004","Portugal"
"3046920028363","Portugal"
"3046920029674","Portugal"
"3046920029759","Portugal"
"3073780902366","Portugal"
"3073780902441","Portugal"
"3083681030990","Portugal"
"3083681137811","Portugal"
"3083681139709","Portugal"
"3083681139716","Portugal"
"3083681139723","Portugal"
"3083681163155","Portugal"
"3161710000128","Portugal"
"3179140923061","Portugal"
"3228020390131","Portugal"
"3228020481426","Portugal"
"3228021000084","Portugal"
"3228022000298","Portugal"
"3250390005902","Portugal"
"3250390010227","Portugal"
"3250390010586","Portugal"
"3250390012429","Portugal"
"3250390012450","Portugal"
"3250390867609","Portugal"
"3250391334667","Portugal"
"3250391422715","Portugal"
"3250391610389","Portugal"
"3272770098274","Portugal"
"3380380046940","Portugal"
"3387390320008","Portugal"
"3387390320558","Portugal"
"3387390325911","Portugal"
"3387390326468","Portugal"
"3387390326574","Portugal"
"3387390406849","Portugal"
"3450970120302","Portugal"
"3596710337576","Portugal"
"3596710423903","Portugal"
"3596710451395","Portugal"
"3596710548835","Portugal"
"3608580890898","Portugal"
"4000177158319","Portugal"
"4000177172650","Portugal"
"4000446001780","Portugal"
"4002971112900","Portugal"
"4002971301601","Portugal"
"40052403","Portugal"
"4006402010100","Portugal"
"4008258274019","Portugal"
"40084107","Portugal"
"4008713713411","Portugal"
"4011100005884","Portugal"
"40111490","Portugal"
"4012200032947","Portugal"
"4047247990158","Portugal"
"4056489030317","Portugal"
"4056489038597","Portugal"
"4056489038627","Portugal"
"4056489067740","Portugal"
"4056489091936","Portugal"
"4056489098591","Portugal"
"4056489099062","Portugal"
"4056489108214","Portugal"
"4056489117582","Portugal"
"4056489121350","Portugal"
"4056489127253","Portugal"
"4056489139393","Portugal"
"4056489150503","Portugal"
"4056489168683","Portugal"
"4056489170099","Portugal"
"4056489181415","Portugal"
"4056489187813","Portugal"
"4056489189237","Portugal"
"4056489189244","Portugal"
"4056489192923","Portugal"
"4056489192985","Portugal"
"4056489209980","Portugal"
"4056489210016","Portugal"
"4056489216162","Portugal"
"4056489216223","Portugal"
"4056489216230","Portugal"
"4056489216629","Portugal"
"4056489232872","Portugal"
"4056489238072","Portugal"
"4056489258353","Portugal"
"4056489273264","Portugal"
"4056489340607","Portugal"
"4056489346364","Portugal"
"4056489356066","Portugal"
"4056489366461","Portugal"
"4056489379737","Portugal"
"4056489406679","Portugal"
"4056489440116","Portugal"
"4056489470847","Portugal"
"4056489507802","Portugal"
"4056489515951","Portugal"
"4056489541851","Portugal"
"4056489545446","Portugal"
"4056489593133","Portugal"
"4056489593140","Portugal"
"4056489617181","Portugal"
"4056489682677","Portugal"
"4056489687344","Portugal"
"4056489689799","Portugal"
"4056489695332","Portugal"
"4056489719700","Portugal"
"4056489723233","Portugal"
"4056489723240","Portugal"
"4056489724070","Portugal"
"4056489737490","Portugal"
"4056489749516","Portugal"
"4056489774754","Portugal"
"4056489791799","Portugal"
"4056489800606","Portugal"
"4056489802501","Portugal"
"4056489844327","Portugal"
"4056489857396","Portugal"
"4056489871880","Portugal"
"4056489889533","Portugal"
"4056489920007","Portugal"
"4056489920014","Portugal"
"4056489936183","Portugal"
"4056489965923","Portugal"
"4056489996828","Portugal"
"4056489996835","Portugal"
"4056489997665","Portugal"
"4061458278928","Portugal"
"4061462615481","Portugal"
"40879345","Portugal"
"40889030","Portugal"
"40893532","Portugal"
"40896243","Portugal"
"40897677","Portugal"
"4334035071848","Portugal"
"4335619014374","Portugal"
"4335619016194","Portugal"
"4335619073494","Portugal"
"4335619074330","Portugal"
"4335619096431","Portugal"
"4335619096448","Portugal"
"4335619096455","Portugal"
"4335619113381","Portugal"
"5000112519945","Portugal"
"5000112541007","Portugal"
"5000112554359","Portugal"
"5000127061828","Portugal"
"5000127524026","Portugal"
"5000157024671","Portugal"
"5000159386821","Portugal"
"5000159555715","Portugal"
"5000159560061","Portugal"
"5000159562430","Portugal"
"5000396038057","Portugal"
"5010029000801","Portugal"
"5010029221091","Portugal"
"5010029229110","Portugal"
"5010029231212","Portugal"
"50112784","Portugal"
"5053827110679","Portugal"
"5053827190046","Portugal"
"5053990107339","Portugal"
"5053990127726","Portugal"
"5053990155354","Portugal"
"5053990156009","Portugal"
"5053990162734","Portugal"
"5059319002323","Portugal"
"5059319016573","Portugal"
"5059319024288","Portugal"
"5059319025681","Portugal"
"5059319025841","Portugal"
"5059319036373","Portugal"
"5060120282019","Portugal"
"5060120285331","Portugal"
"5060166690380","Portugal"
"5060337501316","Portugal"
"5202390021121","Portugal"
"5410041001204","Portugal"
"5410041472509","Portugal"
"5410126116953","Portugal"
"5410126716016","Portugal"
"5411188104971","Portugal"
"5411188110835","Portugal"
"5411188110842","Portugal"
"5411188112709","Portugal"
"5411188114390","Portugal"
"5411188115366","Portugal"
"5411188115533","Portugal"
"5411188116592","Portugal"
"5411188116844","Portugal"
"5411188119098","Portugal"
"5411188121329","Portugal"
"5411188121374","Portugal"
"5411188124191","Portugal"
"5411188124726","Portugal"
"5411188125808","Portugal"
"5411188127697","Portugal"
"5411188128311","Portugal"
"5411188128649","Portugal"
"5411188129318","Portugal"
"5411188131380","Portugal"
"5411188133476","Portugal"
"5411188133490","Portugal"
"5411188136613","Portugal"
"5411188137368","Portugal"
"5411188137993","Portugal"
"5411188138051","Portugal"
"5411188139102","Portugal"
"5411188139126","Portugal"
"5411188139362","Portugal"
"5411188553304","Portugal"
"5449000054227","Portugal"
"5449000080806","Portugal"
"5449000131836","Portugal"
"5449000133328","Portugal"
"5449000133335","Portugal"
"5449000329028","Portugal"
"54490802","Portugal"
"54491472","Portugal"
"56002621","Portugal"
"56002980","Portugal"
"5600341930056","Portugal"
"5600341930827","Portugal"
"5600380894074","Portugal"
"56004083","Portugal"
"5600744051013","Portugal"
"5600826202982","Portugal"
"5600826203064","Portugal"
"5600826203606","Portugal"
"5600854623384","Portugal"
"5600954501629","Portugal"
"5600961109672","Portugal"
"5600961112566","Portugal"
"5600961114195","Portugal"
"5600961114294","Portugal"
"5600961116441","Portugal"
"5600961159158","Portugal"
"5601001180903","Portugal"
"5601001187803","Portugal"
"5601001228100","Portugal"
"5601001347207","Portugal"
"5601009230013","Portugal"
"5601009984022","Portugal"
"5601009992881","Portugal"
"5601027009769","Portugal"
"5601027118492","Portugal"
"5601027118508","Portugal"
"5601027118539","Portugal"
"5601027973060","Portugal"
"5601029004014","Portugal"
"5601045105900","Portugal"
"5601049132995","Portugal"
"5601050036893","Portugal"
"5601050037272","Portugal"
"5601050037586","Portugal"
"5601066401159","Portugal"
"5601066600118","Portugal"
"5601151333457","Portugal"
"5601151354452","Portugal"
"5601151543313","Portugal"
"5601151734452","Portugal"
"5601151963166","Portugal"
"5601151966235","Portugal"
"5601151981245","Portugal"
"5601151984048","Portugal"
"5601163060518","Portugal"
"5601192102203","Portugal"
"5601192103101","Portugal"
"5601227025774","Portugal"
"5601227031140","Portugal"
"5601244201922","Portugal"
"5601244202318","Portugal"
"5601244202332","Portugal"
"5601244500063","Portugal"
"5601312070320","Portugal"
"5601312070337","Portugal"
"5601312074847","Portugal"
"5601312076452","Portugal"
"5601312077657","Portugal"
"5601312079293","Portugal"
"5601312100522","Portugal"
"5601312100546","Portugal"
"5601312101062","Portugal"
"5601312108689","Portugal"
"5601312108849","Portugal"
"5601312109020","Portugal"
"5601312109044","Portugal"
"5601312182931","Portugal"
"5601312510123","Portugal"
"5601312510130","Portugal"
"5601363001168","Portugal"
"5601511000012","Portugal"
"5601511000357","Portugal"
"5601557049235","Portugal"
"5601557068175","Portugal"
"5601560111905","Portugal"
"5601883000351","Portugal"
"5603533200005","Portugal"
"5603722493812","Portugal"
"5603722493942","Portugal"
"5603722505300","Portugal"
"5603722505607","Portugal"
"5603722505775","Portugal"
"5603722520785","Portugal"
"5604321027040","Portugal"
"5604321028757","Portugal"
"5604321030088","Portugal"
"5607047005965","Portugal"
"5607047006795","Portugal"
"5607047019634","Portugal"
"5607233509321","Portugal"
"5607238033807","Portugal"
"5608394421019","Portugal"
"5609060007070","Portugal"
"5740700988349","Portugal"
"5900020023797","Portugal"
"5900020043481","Portugal"
"5900020043504","Portugal"
"5900020043818","Portugal"
"5900020043832","Portugal"
"5900020044129","Portugal"
"5900020044877","Portugal"
"5900617013064","Portugal"
"59007715","Portugal"
"5900951311505","Portugal"
"5900951313592","Portugal"
"7310865099884","Portugal"
"7394376615849","Portugal"
"7394376616709","Portugal"
"7591002000547","Portugal"
"7612100054963","Portugal"
"7613035268388","Portugal"
"7613035619425","Portugal"
"7613035619456","Portugal"
"7613036923361","Portugal"
"7613036955799","Portugal"
"7613037040869","Portugal"
"7613287530813","Portugal"
"7614500010013","Portugal"
"76145759","Portugal"
"7622201723767","Portugal"
"7622201724443","Portugal"
"7622202019265","Portugal"
"7622202296208","Portugal"
"7622210103505","Portugal"
"7622210103963","Portugal"
"7622210444127","Portugal"
"7622210689382","Portugal"
"7622210740427","Portugal"
"7622300086404","Portugal"
"7622300270469","Portugal"
"7622300281182","Portugal"
"7622300344757","Portugal"
"7622300571351","Portugal"
"7622300631574","Portugal"
"7622300784751","Portugal"
"7622400013935","Portugal"
"8000500023976","Portugal"
"8000500179864","Portugal"
"8000500267035","Portugal"
"8000500310427","Portugal"
"8000500423523","Portugal"
"8000500426494","Portugal"
"8002270002045","Portugal"
"8003340073545","Portugal"
"8004800023018","Portugal"
"8005110413520","Portugal"
"80052760","Portugal"
"8007640982163","Portugal"
"8008698002209","Portugal"
"8008698005576","Portugal"
"8008698007303","Portugal"
"8008910231271","Portugal"
"8010265640202","Portugal"
"8010721001509","Portugal"
"8013355501278","Portugal"
"8013355501506","Portugal"
"80135876","Portugal"
"80177609","Portugal"
"8023678161288","Portugal"
"8023678162322","Portugal"
"8032804430822","Portugal"
"80761761","Portugal"
"8076802085738","Portugal"
"8076802085981","Portugal"
"8076809513739","Portugal"
"8076809579346","Portugal"
"8402001000515","Portugal"
"8402001007033","Portugal"
"8402001007972","Portugal"
"8402001008276","Portugal"
"8402001010279","Portugal"
"8402001010873","Portugal"
"8402001011191","Portugal"
"8402001011771","Portugal"
"8402001011924","Portugal"
"8402001012051","Portugal"
"8402001012150","Portugal"
"8402001012174","Portugal"
"8402001012433","Portugal"
"8402001013140","Portugal"
"8402001013829","Portugal"
"8402001014307","Portugal"
"8402001014369","Portugal"
"8402001014512","Portugal"
"8402001014581","Portugal"
"8402001014635","Portugal"
"8402001015205","Portugal"
"8402001016394","Portugal"
"8402001019067","Portugal"
"8402001019395","Portugal"
"8402001019623","Portugal"
"8402001019715","Portugal"
"8402001019807","Portugal"
"8402001019845","Portugal"
"8402001021053","Portugal"
"8402001021404","Portugal"
"8402001021909","Portugal"
"8402001022876","Portugal"
"8402001024092","Portugal"
"8402001025334","Portugal"
"8402001026270","Portugal"
"8402001026485","Portugal"
"8402001028649","Portugal"
"8402001028656","Portugal"
"8402001028823","Portugal"
"8402001031076","Portugal"
"8402001032516","Portugal"
"8402001033902","Portugal"
"8402001034114","Portugal"
"8402001034220","Portugal"
"8402001034961","Portugal"
"8402001034992","Portugal"
"8402001036309","Portugal"
"8402001041303","Portugal"
"8410000802771","Portugal"
"8410000827446","Portugal"
"8410076470744","Portugal"
"8410076471604","Portugal"
"8410076601506","Portugal"
"8410076601513","Portugal"
"8410076610430","Portugal"
"8410109121551","Portugal"
"8410128169916","Portugal"
"8410128180485","Portugal"
"8410128180546","Portugal"
"8410175003430","Portugal"
"8410175081407","Portugal"
"8410180108038","Portugal"
"8410184040754","Portugal"
"8410188012092","Portugal"
"8410199002402","Portugal"
"8410199007056","Portugal"
"8410199015679","Portugal"
"8410199021168","Portugal"
"8410199023094","Portugal"
"8410199030900","Portugal"
"8410199150905","Portugal"
"8410199790958","Portugal"
"8410376000146","Portugal"
"8410376009392","Portugal"
"8410376009408","Portugal"
"8410376009415","Portugal"
"8410376010701","Portugal"
"8410376016789","Portugal"
"8410376017113","Portugal"
"8410376017342","Portugal"
"8410376023831","Portugal"
"8410376024326","Portugal"
"8410376026962","Portugal"
"8410376026979","Portugal"
"8410376033267","Portugal"
"8410376036169","Portugal"
"8410376037784","Portugal"
"8410376037883","Portugal"
"8410376040593","Portugal"
"8410376040609","Portugal"
"8410376040999","Portugal"
"8410376041002","Portugal"
"8410376042481","Portugal"
"8410376042511","Portugal"
"8410376042528","Portugal"
"8410376042535","Portugal"
"8410376044393","Portugal"
"8410376044959","Portugal"
"8410376046908","Portugal"
"8410376047509","Portugal"
"8410376047578","Portugal"
"8410376049053","Portugal"
"8410376049060","Portugal"
"8410376050424","Portugal"
"8410376052596","Portugal"
"8410376055542","Portugal"
"8410376057577","Portugal"
"8410376061789","Portugal"
"8410376064438","Portugal"
"8410376064469","Portugal"
"8410376074307","Portugal"
"8410500012861","Portugal"
"8410500017699","Portugal"
"8410500020071","Portugal"
"8410500023652","Portugal"
"8410500028268","Portugal"
"8410500028954","Portugal"
"8410500029524","Portugal"
"8410500029784","Portugal"
"8410500029791","Portugal"
"8410500030827","Portugal"
"8410500030858","Portugal"
"8410500030865","Portugal"
"8410500031619","Portugal"
"8411092701034","Portugal"
"8411778164252","Portugal"
"8412600011812","Portugal"
"8412600018323","Portugal"
"8412600028124","Portugal"
"8412600028131","Portugal"
"8412600028568","Portugal"
"8412600049471","Portugal"
"8412600070994","Portugal"
"8413164023327","Portugal"
"8414100302643","Portugal"
"8423207000086","Portugal"
"8423207201315","Portugal"
"8423207206792","Portugal"
"8423207206808","Portugal"
"8423207209908","Portugal"
"8423207209915","Portugal"
"8423207210843","Portugal"
"8423352861402","Portugal"
"8434165466333","Portugal"
"8434165466395","Portugal"
"8434165484054","Portugal"
"8434165608023","Portugal"
"8434165608030","Portugal"
"8435257045641","Portugal"
"8435257045672","Portugal"
"8435257054988","Portugal"
"8435257070636","Portugal"
"8436009777780","Portugal"
"8436021418586","Portugal"
"8436048440461","Portugal"
"8436048961256","Portugal"
"8436547770137","Portugal"
"8437006994002","Portugal"
"8445290157348","Portugal"
"8445290250322","Portugal"
"8445290486998","Portugal"
"8445291297784","Portugal"
"8445291325036","Portugal"
"8445291841024","Portugal"
"8480000038524","Portugal"
"8480000047182","Portugal"
"8480000049032","Portugal"
"8480000049087","Portugal"
"8480000050021","Portugal"
"8480000051844","Portugal"
"8480000053985","Portugal"
"8480000061430","Portugal"
"8480000063052","Portugal"
"8480000063212","Portugal"
"8480000063441","Portugal"
"8480000092649","Portugal"
"8480000093332","Portugal"
"8480000093509","Portugal"
"8480000093578","Portugal"
"8480000093691","Portugal"
"8480000093776","Portugal"
"8480000094308","Portugal"
"8480000094742","Portugal"
"8480000094872","Portugal"
"8480000094889","Portugal"
"8480000094919","Portugal"
"8480000094926","Portugal"
"8480000095329","Portugal"
"8480000095367","Portugal"
"8480000095473","Portugal"
"8480000095718","Portugal"
"8480000103765","Portugal"
"8480000106780","Portugal"
"8480000114389","Portugal"
"8480000123480","Portugal"
"8480000125309","Portugal"
"8480000125316","Portugal"
"8480000125446","Portugal"
"8480000125866","Portugal"
"8480000133724","Portugal"
"8480000134042","Portugal"
"8480000134073","Portugal"
"8480000134455","Portugal"
"8480000134516","Portugal"
"8480000137784","Portugal"
"8480000140852","Portugal"
"8480000141026","Portugal"
"8480000141316","Portugal"
"8480000141415","Portugal"
"8480000141422","Portugal"
"8480000141576","Portugal"
"8480000141583","Portugal"
"8480000141613","Portugal"
"8480000142030","Portugal"
"8480000142351","Portugal"
"8480000142412","Portugal"
"8480000142429","Portugal"
"8480000144300","Portugal"
"8480000145819","Portugal"
"8480000146373","Portugal"
"8480000146397","Portugal"
"8480000147110","Portugal"
"8480000154309","Portugal"
"8480000155894","Portugal"
"8480000155900","Portugal"
"8480000156112","Portugal"
"8480000158024","Portugal"
"8480000158109","Portugal"
"8480000158444","Portugal"
"8480000160225","Portugal"
"8480000166166","Portugal"
"8480000167644","Portugal"
"8480000168078","Portugal"
"8480000168276","Portugal"
"8480000168337","Portugal"
"8480000168467","Portugal"
"8480000168832","Portugal"
"8480000171320","Portugal"
"8480000172280","Portugal"
"8480000172297","Portugal"
"8480000173621","Portugal"
"8480000180377","Portugal"
"8480000188175","Portugal"
"8480000198020","Portugal"
"8480000198600","Portugal"
"8480000200204","Portugal"
"8480000201607","Portugal"
"8480000201645","Portugal"
"8480000202109","Portugal"
"8480000202871","Portugal"
"8480000203762","Portugal"
"8480000203793","Portugal"
"8480000205124","Portugal"
"8480000205599","Portugal"
"8480000206138","Portugal"
"8480000206275","Portugal"
"8480000206299","Portugal"
"8480000208491","Portugal"
"8480000208590","Portugal"
"8480000209962","Portugal"
"8480000210739","Portugal"
"8480000211514","Portugal"
"8480000211606","Portugal"
"8480000212511","Portugal"
"8480000213198","Portugal"
"8480000213303","Portugal"
"8480000213334","Portugal"
"8480000213587","Portugal"
"8480000213662","Portugal"
"8480000213785","Portugal"
"8480000221636","Portugal"
"8480000221780","Portugal"
"8480000221803","Portugal"
"8480000221827","Portugal"
"8480000222169","Portugal"
"8480000223111","Portugal"
"8480000223135","Portugal"
"8480000223975","Portugal"
"8480000224309","Portugal"
"8480000226129","Portugal"
"8480000227034","Portugal"
"8480000227805","Portugal"
"8480000228369","Portugal"
"8480000229663","Portugal"
"8480000229670","Portugal"
"8480000230102","Portugal"
"8480000230478","Portugal"
"8480000232649","Portugal"
"8480000233592","Portugal"
"8480000233653","Portugal"
"8480000234063","Portugal"
"8480000234100","Portugal"
"8480000235626","Portugal"
"8480000235756","Portugal"
"8480000235794","Portugal"
"8480000236210","Portugal"
"8480000236227","Portugal"
"8480000236432","Portugal"
"8480000237736","Portugal"
"8480000239266","Portugal"
"8480000264961","Portugal"
"8480000290625","Portugal"
"8480000331366","Portugal"
"8480000336408","Portugal"
"8480000336415","Portugal"
"8480000340245","Portugal"
"8480000340313","Portugal"
"8480000340788","Portugal"
"8480000341433","Portugal"
"8480000341938","Portugal"
"8480000342317","Portugal"
"8480000342621","Portugal"
"8480000348203","Portugal"
"8480000348654","Portugal"
"8480000390325","Portugal"
"8480000399809","Portugal"
"8480000399878","Portugal"
"8480000500212","Portugal"
"8480000510501","Portugal"
"8480000510525","Portugal"
"8480000510716","Portugal"
"8480000510723","Portugal"
"8480000511102","Portugal"
"8480000511263","Portugal"
"8480000511461","Portugal"
"8480000511676","Portugal"
"8480000511973","Portugal"
"8480000512017","Portugal"
"8480000512031","Portugal"
"8480000512086","Portugal"
"8480000512123","Portugal"
"8480000512185","Portugal"
"8480000512239","Portugal"
"8480000551085","Portugal"
"8480000561152","Portugal"
"8480000600158","Portugal"
"8480000602367","Portugal"
"8480000602510","Portugal"
"8480000609267","Portugal"
"8480000609564","Portugal"
"8480000609632","Portugal"
"8480000610898","Portugal"
"8480000613547","Portugal"
"8480000614162","Portugal"
"8480000631015","Portugal"
"8480000631404","Portugal"
"8480000633224","Portugal"
"8480000633231","Portugal"
"8480000651655","Portugal"
"8480000674173","Portugal"
"8480000676351","Portugal"
"8480000676603","Portugal"
"8480000677532","Portugal"
"8480000679499","Portugal"
"8480000682659","Portugal"
"8480000683540","Portugal"
"8480000706522","Portugal"
"8480000732491","Portugal"
"8480000805157","Portugal"
"8480000805317","Portugal"
"8480000807731","Portugal"
"8480000808585","Portugal"
"8480000808592","Portugal"
"8480000808622","Portugal"
"8480000808707","Portugal"
"8480000808929","Portugal"
"8480000808943","Portugal"
"8480000808950","Portugal"
"8480000809421","Portugal"
"8480000821904","Portugal"
"8480000821997","Portugal"
"8480000823021","Portugal"
"8480000823229","Portugal"
"8480000823281","Portugal"
"8480000824172","Portugal"
"8480000827326","Portugal"
"8480000827357","Portugal"
"8480000828392","Portugal"
"8480000828422","Portugal"
"8480000835475","Portugal"
"8480000838674","Portugal"
"8480000860873","Portugal"
"8480000861450","Portugal"
"8480000861467","Portugal"
"8480000861900","Portugal"
"8480000864833","Portugal"
"8480000865106","Portugal"
"8480000865113","Portugal"
"8480000867506","Portugal"
"8480000868091","Portugal"
"8480017005045","Portugal"
"8710445020878","Portugal"
"8710482532303","Portugal"
"8710637105376","Portugal"
"8710637105390","Portugal"
"8711100080060","Portugal"
"8712100417054","Portugal"
"8715035110106","Portugal"
"8715035110809","Portugal"
"8715035130104","Portugal"
"8715700422084","Portugal"
"8715700423852","Portugal"
"87157215","Portugal"
"87157451","Portugal"
"8717163800300","Portugal"
"8718781824402","Portugal"
"8719200231832","Portugal"
"8719200263574","Portugal"
"8719200265271","Portugal"
"8719200267794","Portugal"
"8720182022042","Portugal"
"9002490100070","Portugal"
"90162800","Portugal"
"90357473","Portugal"
"9556041608251","Portugal"
"0013000007313","Singapore"
"0013256110515","Singapore"
"0013256160350","Singapore"
"0013256300411","Singapore"
"0013256510414","Singapore"
"0013256830406","Singapore"
"0014285001010","Singapore"
"0015000047306","Singapore"
"0016300168319","Singapore"
"0016300168340","Singapore"
"0020916116671","Singapore"
"0020916118903","Singapore"
"0020916119788","Singapore"
"0020916121637","Singapore"
"0020916121781","Singapore"
"0028400017015","Singapore"
"0028400017053","Singapore"
"0028400025577","Singapore"
"0028400072717","Singapore"
"0028400152693","Singapore"
"0033674108956","Singapore"
"0036992371507","Singapore"
"0040000002376","Singapore"
"0041143028988","Singapore"
"0041790000115","Singapore"
"0045300005409","Singapore"
"0051000011510","Singapore"
"0051000025494","Singapore"
"0051000043764","Singapore"
"0051000143495","Singapore"
"0051500710166","Singapore"
"0051500750162","Singapore"
"0063667511005","Singapore"
"00734349","Singapore"
"0074880030709","Singapore"
"0074880030723","Singapore"
"0078895158380","Singapore"
"0081364361846","Singapore"
"0084114030702","Singapore"
"0084380957444","Singapore"
"0089686180640","Singapore"
"02018039","Singapore"
"0644209000678","Singapore"
"0689076677110","Singapore"
"0710779770119","Singapore"
"0716221050587","Singapore"
"0723153632507","Singapore"
"0733603096322","Singapore"
"0733603098050","Singapore"
"0733603098616","Singapore"
"0748927028706","Singapore"
"0749921050144","Singapore"
"0750515030275","Singapore"
"0770981095011","Singapore"
"0797776416745","Singapore"
"0797776419593","Singapore"
"0802763020888","Singapore"
"0835098000102","Singapore"
"0851770006354","Singapore"
"0856996006072","Singapore"
"0876063002806","Singapore"
"0884912102102","Singapore"
"0884912116505","Singapore"
"0888048000745","Singapore"
"0888109255848","Singapore"
"0888109257446","Singapore"
"0888127006668","Singapore"
"0888127006736","Singapore"
"0888670173787","Singapore"
"0888670173855","Singapore"
"0888670173862","Singapore"
"0888849013999","Singapore"
"0888849015184","Singapore"
"1200108000547","Singapore"
"1200108000721","Singapore"
"1200108001162","Singapore"
"1200108002237","Singapore"
"1200108003326","Singapore"
"1200108003364","Singapore"
"1210002442206","Singapore"
"18882384","Singapore"
"2100000148271","Singapore"
"2100000196197","Singapore"
"2872272200789","Singapore"
"29131099","Singapore"
"29139200","Singapore"
"29281770","Singapore"
"29365647","Singapore"
"29386611","Singapore"
"29607051","Singapore"
"3036817800233","Singapore"
"3036817800318","Singapore"
"3046920028752","Singapore"
"3046920029759","Singapore"
"3073780965729","Singapore"
"3073781006414","Singapore"
"3174660117600","Singapore"
"3199241000317","Singapore"
"3222471443057","Singapore"
"3222473958450","Singapore"
"3228020490343","Singapore"
"3415580514347","Singapore"
"3415581117189","Singapore"
"3608580086420","Singapore"
"3608580141082","Singapore"
"3760152700667","Singapore"
"3760315370133","Singapore"
"3800020456293","Singapore"
"4000400130570","Singapore"
"4000539144165","Singapore"
"4001724010784","Singapore"
"4002239640503","Singapore"
"4002309008370","Singapore"
"4005500330318","Singapore"
"4006424022372","Singapore"
"40081410","Singapore"
"4008713111408","Singapore"
"4014400907636","Singapore"
"4014400914412","Singapore"
"4037300108293","Singapore"
"4037300108491","Singapore"
"4061459248272","Singapore"
"42094722","Singapore"
"4250262708664","Singapore"
"4311596401697","Singapore"
"4547315283415","Singapore"
"4550584373107","Singapore"
"4710088412089","Singapore"
"47112964","Singapore"
"4713696270539","Singapore"
"4800194173223","Singapore"
"4800361028165","Singapore"
"4800361329149","Singapore"
"4800361331500","Singapore"
"4800361367110","Singapore"
"4800361385046","Singapore"
"4809010272027","Singapore"
"4891028164678","Singapore"
"4892294300104","Singapore"
"4893049000430","Singapore"
"4893049150012","Singapore"
"4894514034424","Singapore"
"4894514039023","Singapore"
"4894514048292","Singapore"
"4894514060287","Singapore"
"4894514076905","Singapore"
"4894514080537","Singapore"
"4894514100631","Singapore"
"4894514102611","Singapore"
"4894900030061","Singapore"
"4897010448016","Singapore"
"4897036694343","Singapore"
"4897036694992","Singapore"
"4897036695050","Singapore"
"4897043410059","Singapore"
"4897053640521","Singapore"
"4901004057044","Singapore"
"4901037632645","Singapore"
"4901330300067","Singapore"
"4901330300111","Singapore"
"4901515129889","Singapore"
"4901577056413","Singapore"
"4901777205109","Singapore"
"4902777006673","Singapore"
"4909411091903","Singapore"
"4956058209932","Singapore"
"5000119120656","Singapore"
"5000157001719","Singapore"
"5000159461122","Singapore"
"5000168010335","Singapore"
"5000169139080","Singapore"
"5000436960218","Singapore"
"5010251624011","Singapore"
"5018374285577","Singapore"
"5059697774355","Singapore"
"5060113200112","Singapore"
"5410126106183","Singapore"
"5449000253736","Singapore"
"5701215035034","Singapore"
"5701215046375","Singapore"
"5704025011557","Singapore"
"5704025035720","Singapore"
"5711953006425","Singapore"
"5740900400092","Singapore"
"5900020043061","Singapore"
"5901330094545","Singapore"
"5908230521522","Singapore"
"6001240100066","Singapore"
"6001240100417","Singapore"
"6291011054562","Singapore"
"6291100609994","Singapore"
"6297001172766","Singapore"
"6900873012886","Singapore"
"6900873027149","Singapore"
"6901009486908","Singapore"
"6901668200235","Singapore"
"6917878075341","Singapore"
"6917878365930","Singapore"
"6920238011118","Singapore"
"6920766212094","Singapore"
"6922017034998","Singapore"
"6922877700170","Singapore"
"6922877700187","Singapore"
"6922877700194","Singapore"
"6922877717901","Singapore"
"6922877737954","Singapore"
"6922877741029","Singapore"
"6923644278557","Singapore"
"6925303730574","Singapore"
"6925678100583","Singapore"
"6925843404720","Singapore"
"6926415117611","Singapore"
"6937623400099","Singapore"
"6948939611178","Singapore"
"6953567023194","Singapore"
"6972432060546","Singapore"
"6975742470173","Singapore"
"7039010149020","Singapore"
"7300400127363","Singapore"
"7501003105431","Singapore"
"75032715","Singapore"
"7610148422089","Singapore"
"7610400014038","Singapore"
"7610700607022","Singapore"
"7610700607091","Singapore"
"7610900007172","Singapore"
"7610900201273","Singapore"
"7612100030677","Singapore"
"7613035935921","Singapore"
"7613035936140","Singapore"
"7613036049368","Singapore"
"7613036049399","Singapore"
"7622201402709","Singapore"
"7622202225253","Singapore"
"7622210270122","Singapore"
"7622210629968","Singapore"
"7622210638632","Singapore"
"7622210638656","Singapore"
"7622210708496","Singapore"
"8000320010026","Singapore"
"8000320030116","Singapore"
"8000430388367","Singapore"
"8000430388565","Singapore"
"8000500010709","Singapore"
"8000500023624","Singapore"
"8000500220412","Singapore"
"8001665722209","Singapore"
"8002996360597","Singapore"
"8003130141133","Singapore"
"8003407193056","Singapore"
"8003716003039","Singapore"
"8004690107201","Singapore"
"8004690612804","Singapore"
"8004800002464","Singapore"
"8005121000061","Singapore"
"8005121000092","Singapore"
"8005121000122","Singapore"
"8005121000146","Singapore"
"8005121000177","Singapore"
"8005121000276","Singapore"
"8005121000405","Singapore"
"8005121000535","Singapore"
"8005121000740","Singapore"
"8005121000757","Singapore"
"8005121000900","Singapore"
"8005121000917","Singapore"
"8005121044089","Singapore"
"8005121050851","Singapore"
"8005121052084","Singapore"
"8009004860216","Singapore"
"80135906","Singapore"
"8020340005697","Singapore"
"8024267020016","Singapore"
"8032755326830","Singapore"
"8076802085981","Singapore"
"8410159040147","Singapore"
"8410179300757","Singapore"
"8410660513437","Singapore"
"8424842050085","Singapore"
"8424842202217","Singapore"
"8426617119768","Singapore"
"8426944001071","Singapore"
"8690632059150","Singapore"
"8691216090484","Singapore"
"8691216098091","Singapore"
"8698701003875","Singapore"
"8712000900045","Singapore"
"8714100897805","Singapore"
"8714800021395","Singapore"
"8720182768278","Singapore"
"8801037095302","Singapore"
"8801043041577","Singapore"
"8801043068802","Singapore"
"8801052039862","Singapore"
"8801062381937","Singapore"
"8801062475162","Singapore"
"8801062644032","Singapore"
"8801062859108","Singapore"
"8801073113312","Singapore"
"8801073115514","Singapore"
"8801073116535","Singapore"
"8801073310933","Singapore"
"8801121032435","Singapore"
"8801392067167","Singapore"
"8801392097256","Singapore"
"8809388463924","Singapore"
"8809403534400","Singapore"
"8809424550847","Singapore"
"8809495075546","Singapore"
"8850025000026","Singapore"
"8850025060105","Singapore"
"8850025071002","Singapore"
"8850025071026","Singapore"
"8850161160790","Singapore"
"8850228000151","Singapore"
"8850269018078","Singapore"
"8850291010408","Singapore"
"8850291100468","Singapore"
"8850291281815","Singapore"
"8850329003624","Singapore"
"8850329050086","Singapore"
"8850329315918","Singapore"
"8850329351015","Singapore"
"8850329803781","Singapore"
"8850329859832","Singapore"
"8850367992768","Singapore"
"8850367992775","Singapore"
"8850718821907","Singapore"
"8850987128929","Singapore"
"8851013773496","Singapore"
"8851019001302","Singapore"
"8851019010007","Singapore"
"8851028001812","Singapore"
"8851359986161","Singapore"
"8851932115919","Singapore"
"8852043630339","Singapore"
"8852044230514","Singapore"
"8852098703170","Singapore"
"8852756304053","Singapore"
"8852756346053","Singapore"
"8852756925104","Singapore"
"8853815008523","Singapore"
"8854761000951","Singapore"
"8858859001448","Singapore"
"8859015700168","Singapore"
"8881300203061","Singapore"
"8881300790004","Singapore"
"8881304288309","Singapore"
"8881304302579","Singapore"
"8883303210237","Singapore"
"8885000870530","Singapore"
"8885001251147","Singapore"
"8885001252205","Singapore"
"8885001252281","Singapore"
"8885001253141","Singapore"
"8885001255060","Singapore"
"8885001255732","Singapore"
"8885001436438","Singapore"
"8885004910843","Singapore"
"8885011230903","Singapore"
"8885012296335","Singapore"
"8885012297806","Singapore"
"8885013130058","Singapore"
"8885016650300","Singapore"
"8885016650492","Singapore"
"8885017390762","Singapore"
"8885017391110","Singapore"
"8886350063078","Singapore"
"8886378607254","Singapore"
"8886457711230","Singapore"
"8886467100062","Singapore"
"8886467122767","Singapore"
"8886471904571","Singapore"
"8887143800061","Singapore"
"8887143800320","Singapore"
"8887290101707","Singapore"
"8887290146302","Singapore"
"8887290526029","Singapore"
"8887333010263","Singapore"
"8887501031755","Singapore"
"8888001785803","Singapore"
"8888002065003","Singapore"
"8888002076009","Singapore"
"8888002076481","Singapore"
"8888002086473","Singapore"
"8888002087005","Singapore"
"8888002087470","Singapore"
"8888002087500","Singapore"
"8888002119072","Singapore"
"8888002119430","Singapore"
"8888002119454","Singapore"
"8888002241476","Singapore"
"8888003060533","Singapore"
"8888003250309","Singapore"
"8888010101014","Singapore"
"8888010101595","Singapore"
"8888010101601","Singapore"
"8888010101649","Singapore"
"8888010101786","Singapore"
"8888010101809","Singapore"
"8888010101847","Singapore"
"8888010102035","Singapore"
"8888010102165","Singapore"
"8888010102219","Singapore"
"8888010102356","Singapore"
"8888010110016","Singapore"
"8888010110245","Singapore"
"8888010110269","Singapore"
"8888010110276","Singapore"
"8888010200618","Singapore"
"8888010320453","Singapore"
"8888015666617","Singapore"
"8888016022719","Singapore"
"8888025115242","Singapore"
"8888026253011","Singapore"
"8888026261016","Singapore"
"8888026270001","Singapore"
"8888026432812","Singapore"
"8888026438005","Singapore"
"8888026438036","Singapore"
"8888026446017","Singapore"
"8888026473174","Singapore"
"8888026531003","Singapore"
"8888026552114","Singapore"
"8888026560010","Singapore"
"8888026579159","Singapore"
"8888026680022","Singapore"
"8888026832018","Singapore"
"8888026985004","Singapore"
"8888030012055","Singapore"
"8888030146705","Singapore"
"8888030301562","Singapore"
"8888030301746","Singapore"
"8888030301869","Singapore"
"8888030301968","Singapore"
"8888030303351","Singapore"
"8888030303375","Singapore"
"8888030303399","Singapore"
"8888030304662","Singapore"
"8888030305621","Singapore"
"8888030305959","Singapore"
"8888030306246","Singapore"
"8888030306505","Singapore"
"8888030306895","Singapore"
"8888030306918","Singapore"
"8888030307083","Singapore"
"8888030308516","Singapore"
"8888030308844","Singapore"
"8888030309742","Singapore"
"8888030313978","Singapore"
"8888030314487","Singapore"
"8888030315224","Singapore"
"8888030315293","Singapore"
"8888056707928","Singapore"
"8888056777778","Singapore"
"8888077102092","Singapore"
"8888077103389","Singapore"
"8888077103396","Singapore"
"8888077103648","Singapore"
"8888077103754","Singapore"
"8888077105680","Singapore"
"8888082143448","Singapore"
"8888082153171","Singapore"
"8888082155816","Singapore"
"8888086776550","Singapore"
"8888090145267","Singapore"
"8888090149029","Singapore"
"8888090149036","Singapore"
"8888090149050","Singapore"
"8888090149302","Singapore"
"8888101280109","Singapore"
"8888107000046","Singapore"
"8888112011006","Singapore"
"8888112025058","Singapore"
"8888112030137","Singapore"
"8888112060097","Singapore"
"8888112070102","Singapore"
"8888112071284","Singapore"
"8888112710015","Singapore"
"8888112780148","Singapore"
"8888166350489","Singapore"
"8888166607941","Singapore"
"8888192038276","Singapore"
"8888192501572","Singapore"
"8888192501886","Singapore"
"8888192821311","Singapore"
"8888196101211","Singapore"
"8888196101310","Singapore"
"8888196120724","Singapore"
"8888196170712","Singapore"
"8888196173324","Singapore"
"8888196184214","Singapore"
"8888196184719","Singapore"
"8888196185013","Singapore"
"8888196188915","Singapore"
"8888196189011","Singapore"
"8888196303912","Singapore"
"8888196451729","Singapore"
"8888196453419","Singapore"
"8888196456618","Singapore"
"8888196458919","Singapore"
"8888196700018","Singapore"
"8888196903211","Singapore"
"8888196905819","Singapore"
"8888196906311","Singapore"
"8888196951410","Singapore"
"8888200081515","Singapore"
"8888200132118","Singapore"
"8888200132217","Singapore"
"8888200600723","Singapore"
"8888200603434","Singapore"
"8888200606008","Singapore"
"8888200607418","Singapore"
"8888200615383","Singapore"
"8888200615475","Singapore"
"8888200619046","Singapore"
"8888200619282","Singapore"
"8888200619299","Singapore"
"8888200619312","Singapore"
"8888200619442","Singapore"
"8888200628000","Singapore"
"8888200641283","Singapore"
"8888200653156","Singapore"
"8888200700294","Singapore"
"8888200702816","Singapore"
"8888200708016","Singapore"
"8888200708115","Singapore"
"8888200708160","Singapore"
"8888200708207","Singapore"
"8888200708696","Singapore"
"8888200708733","Singapore"
"8888240056078","Singapore"
"8888247111114","Singapore"
"8888247111138","Singapore"
"8888247111534","Singapore"
"8888247127115","Singapore"
"8888247134151","Singapore"
"8888247134335","Singapore"
"8888247134342","Singapore"
"8888260007616","Singapore"
"8888260020356","Singapore"
"8888260020806","Singapore"
"8888279102043","Singapore"
"8888279102081","Singapore"
"8888279103064","Singapore"
"8888279200015","Singapore"
"8888279300104","Singapore"
"8888279300128","Singapore"
"8888279640019","Singapore"
"8888279640118","Singapore"
"8888296019614","Singapore"
"8888296021006","Singapore"
"8888296099807","Singapore"
"8888307120063","Singapore"
"8888311092011","Singapore"
"8888328896015","Singapore"
"8888328896046","Singapore"
"8888328896152","Singapore"
"8888351100271","Singapore"
"8888351200070","Singapore"
"8888351200155","Singapore"
"8888383375708","Singapore"
"8888436010587","Singapore"
"8888440000017","Singapore"
"8888440000048","Singapore"
"8888440007238","Singapore"
"8888440007245","Singapore"
"8888440008181","Singapore"
"8888440010122","Singapore"
"8888442600277","Singapore"
"8888450911006","Singapore"
"8888470000179","Singapore"
"8888470010208","Singapore"
"8888470020207","Singapore"
"8888470028302","Singapore"
"8888536703136","Singapore"
"8888626115108","Singapore"
"8888641232187","Singapore"
"8888679030502","Singapore"
"8888815802130","Singapore"
"8888852111585","Singapore"
"8888889320219","Singapore"
"8888889320318","Singapore"
"8888890333277","Singapore"
"8888919123186","Singapore"
"8901262010016","Singapore"
"8901595963331","Singapore"
"8901786480500","Singapore"
"8902433008184","Singapore"
"8904004400083","Singapore"
"8904004402858","Singapore"
"8904004404401","Singapore"
"8904083310129","Singapore"
"8906033740758","Singapore"
"8934680033442","Singapore"
"8935265211101","Singapore"
"8991001400284","Singapore"
"8991001780225","Singapore"
"8991001780898","Singapore"
"8991002103764","Singapore"
"8992760211036","Singapore"
"8992760221028","Singapore"
"8992775005996","Singapore"
"8993351129907","Singapore"
"8997035600041","Singapore"
"8997035600867","Singapore"
"8997212611006","Singapore"
"8997212611013","Singapore"
"8997240600041","Singapore"
"8997240600942","Singapore"
"8997240601017","Singapore"
"8997240601178","Singapore"
"8997240602489","Singapore"
"8997240602496","Singapore"
"8997240602878","Singapore"
"9300462348575","Singapore"
"9300617042310","Singapore"
"9300617065920","Singapore"
"9300617065975","Singapore"
"9300639603018","Singapore"
"9300657171827","Singapore"
"9300657300012","Singapore"
"9300658228537","Singapore"
"9300658406706","Singapore"
"9300658406867","Singapore"
"9300658407505","Singapore"
"9300658407765","Singapore"
"9300662874973","Singapore"
"9300662888864","Singapore"
"9300662888888","Singapore"
"9300677007144","Singapore"
"9300681163928","Singapore"
"9300682016278","Singapore"
"9300698500181","Singapore"
"9310036046820","Singapore"
"9310036064930","Singapore"
"9310036065098","Singapore"
"9310072018843","Singapore"
"9310072023021","Singapore"
"9310155000741","Singapore"
"9310155005517","Singapore"
"9310155005524","Singapore"
"9310155009942","Singapore"
"9310155100434","Singapore"
"9310155101332","Singapore"
"9310155307437","Singapore"
"9310155410304","Singapore"
"9310155422406","Singapore"
"9310161001046","Singapore"
"9310161001220","Singapore"
"9310371133162","Singapore"
"9310434005993","Singapore"
"9310645254517","Singapore"
"9310653102626","Singapore"
"9310653105658","Singapore"
"9310653106914","Singapore"
"9310885115333","Singapore"
"9311350191005","Singapore"
"9311697100173","Singapore"
"9312231224133","Singapore"
"9315090206968","Singapore"
"9316434288572","Singapore"
"9316434288633","Singapore"
"9317224400402","Singapore"
"9317276000032","Singapore"
"9319133333574","Singapore"
"9319133334687","Singapore"
"93260800","Singapore"
"9327076001511","Singapore"
"9336243005023","Singapore"
"9336869002857","Singapore"
"9339423009064","Singapore"
"9341650001292","Singapore"
"9349571000011","Singapore"
"9349571000202","Singapore"
"9354147000098","Singapore"
"93574426","Singapore"
"93682978","Singapore"
"9403110062325","Singapore"
"9414727889861","Singapore"
"9415007037156","Singapore"
"9416050532018","Singapore"
"9416050901272","Singapore"
"9420063600749","Singapore"
"9421016151318","Singapore"
"9421035972475","Singapore"
"9421901881009","Singapore"
"9421904173170","Singapore"
"95500539","Singapore"
"9551014090231","Singapore"
"9551016530056","Singapore"
"9554100427447","Singapore"
"9555022301877","Singapore"
"9555022302515","Singapore"
"9555046900544","Singapore"
"9555050301115","Singapore"
"9555076303780","Singapore"
"9555243803167","Singapore"
"9555319109100","Singapore"
"9555487800038","Singapore"
"9555487800076","Singapore"
"9555582200191","Singapore"
"9555589200293","Singapore"
"9555589209791","Singapore"
"9555589210391","Singapore"
"9555589212678","Singapore"
"9555589218380","Singapore"
"9555615900111","Singapore"
"9555615900128","Singapore"
"9555615900197","Singapore"
"9555698202157","Singapore"
"9555764000076","Singapore"
"9555805800320","Singapore"
"9555865600007","Singapore"
"9555865600014","Singapore"
"9555865600021","Singapore"
"9555894514481","Singapore"
"9556001047175","Singapore"
"9556001054500","Singapore"
"9556001068163","Singapore"
"9556001110077","Singapore"
"9556001126542","Singapore"
"9556001129024","Singapore"
"9556001177278","Singapore"
"9556001222268","Singapore"
"9556001240132","Singapore"
"9556001289339","Singapore"
"9556001292834","Singapore"
"9556001311344","Singapore"
"9556001314239","Singapore"
"9556001314451","Singapore"
"9556001316035","Singapore"
"9556007000532","Singapore"
"9556007000839","Singapore"
"9556018000064","Singapore"
"9556024707315","Singapore"
"9556024710698","Singapore"
"9556040060814","Singapore"
"9556040310049","Singapore"
"9556041600156","Singapore"
"9556041600880","Singapore"
"9556041603171","Singapore"
"9556041614047","Singapore"
"9556041641227","Singapore"
"9556072010184","Singapore"
"9556072020077","Singapore"
"9556072080071","Singapore"
"9556085501938","Singapore"
"9556121000234","Singapore"
"9556156004351","Singapore"
"9556156006348","Singapore"
"9556156037885","Singapore"
"9556156040038","Singapore"
"9556156056640","Singapore"
"9556156056688","Singapore"
"9556166058191","Singapore"
"9556175958475","Singapore"
"9556191062927","Singapore"
"9556191071639","Singapore"
"9556191072759","Singapore"
"9556241001982","Singapore"
"9556241200507","Singapore"
"9556241200521","Singapore"
"9556291509322","Singapore"
"9556345008573","Singapore"
"9556404115525","Singapore"
"9556404116836","Singapore"
"9556404119325","Singapore"
"9556404120048","Singapore"
"9556404120277","Singapore"
"9556439885141","Singapore"
"9556439890367","Singapore"
"9556439890817","Singapore"
"9556538006409","Singapore"
"9556570105108","Singapore"
"9557062332569","Singapore"
"9557305000507","Singapore"
"9557305000545","Singapore"
"9557305000569","Singapore"
"00032971","South Africa"
"0041570112618","South Africa"
"0041570112625","South Africa"
"0041570112632","South Africa"
"0072058000462","South Africa"
"0075070350560","South Africa"
"01587173","South Africa"
"0600445370395","South Africa"
"0600706003833","South Africa"
"0722252601452","South Africa"
"0799439773967","South Africa"
"0810116121045","South Africa"
"0810116121052","South Africa"
"0818426006717","South Africa"
"15519771","South Africa"
"20000370","South Africa"
"20008123","South Africa"
"20011246","South Africa"
"20011697","South Africa"
"20011703","South Africa"
"20018702","South Africa"
"20022488","South Africa"
"20036461","South Africa"
"20040772","South Africa"
"20074579","South Africa"
"20074609","South Africa"
"20106522","South Africa"
"20108144","South Africa"
"20111052","South Africa"
"20111571","South Africa"
"20148089","South Africa"
"20154950","South Africa"
"20163099","South Africa"
"20173401","South Africa"
"20174484","South Africa"
"20185589","South Africa"
"20187736","South Africa"
"20189693","South Africa"
"2027000086900","South Africa"
"2411200026994","South Africa"
"29427369","South Africa"
"3046920022699","South Africa"
"3069636871238","South Africa"
"3245990043300","South Africa"
"4000539397325","South Africa"
"4000539398841","South Africa"
"40737430","South Africa"
"5000159553162","South Africa"
"5000159559485","South Africa"
"5000169636534","South Africa"
"5055950625242","South Africa"
"5059697684715","South Africa"
"5060166698812","South Africa"
"5060308360270","South Africa"
"5060309490792","South Africa"
"5060466519237","South Africa"
"5060517882976","South Africa"
"5060517888299","South Africa"
"5060751211693","South Africa"
"5060947540002","South Africa"
"5060947540040","South Africa"
"5310206003251","South Africa"
"5449000000439","South Africa"
"5449000000453","South Africa"
"5449000009067","South Africa"
"5449000009500","South Africa"
"5449000025173","South Africa"
"5449000060082","South Africa"
"5449000098580","South Africa"
"5449000107664","South Africa"
"5449000107787","South Africa"
"5449000123268","South Africa"
"5449000129567","South Africa"
"5449000255693","South Africa"
"5449000290052","South Africa"
"5449000664686","South Africa"
"54490482","South Africa"
"5900749618984","South Africa"
"5900951317934","South Africa"
"6001000052062","South Africa"
"6001000542105","South Africa"
"6001001271073","South Africa"
"6001001300773","South Africa"
"6001001393430","South Africa"
"6001001496964","South Africa"
"6001001524889","South Africa"
"6001001611848","South Africa"
"6001001614740","South Africa"
"6001001825146","South Africa"
"6001007022044","South Africa"
"6001007045913","South Africa"
"6001007162474","South Africa"
"6001007167288","South Africa"
"6001007275273","South Africa"
"6001007301019","South Africa"
"6001007304201","South Africa"
"6001008110719","South Africa"
"6001008155543","South Africa"
"6001008169748","South Africa"
"6001008171031","South Africa"
"6001008617126","South Africa"
"6001008717598","South Africa"
"6001008743412","South Africa"
"6001009017444","South Africa"
"6001009025616","South Africa"
"6001009035929","South Africa"
"6001010001630","South Africa"
"6001010429335","South Africa"
"6001021064556","South Africa"
"6001030003577","South Africa"
"6001030003966","South Africa"
"6001032014007","South Africa"
"6001038071554","South Africa"
"6001038284800","South Africa"
"6001048004269","South Africa"
"6001048004511","South Africa"
"6001049032445","South Africa"
"6001052001018","South Africa"
"6001052001049","South Africa"
"6001052002459","South Africa"
"6001052003906","South Africa"
"6001052012250","South Africa"
"6001052013240","South Africa"
"6001056412810","South Africa"
"6001056414357","South Africa"
"6001056414531","South Africa"
"6001056414630","South Africa"
"6001056414883","South Africa"
"6001056453004","South Africa"
"6001065034027","South Africa"
"6001065034324","South Africa"
"6001065036427","South Africa"
"6001065600796","South Africa"
"6001065601052","South Africa"
"6001065601069","South Africa"
"6001065601236","South Africa"
"6001065680927","South Africa"
"6001068311804","South Africa"
"6001068323005","South Africa"
"6001068323500","South Africa"
"6001068379200","South Africa"
"6001068501403","South Africa"
"6001068586806","South Africa"
"6001068595808","South Africa"
"6001068660902","South Africa"
"6001069019938","South Africa"
"6001069020446","South Africa"
"6001069033538","South Africa"
"6001069033552","South Africa"
"6001069033569","South Africa"
"6001069033590","South Africa"
"6001069034139","South Africa"
"6001069034405","South Africa"
"6001069600860","South Africa"
"6001069601744","South Africa"
"6001069601751","South Africa"
"6001069602062","South Africa"
"6001069604844","South Africa"
"6001087011341","South Africa"
"6001087309141","South Africa"
"6001087311311","South Africa"
"6001087355087","South Africa"
"6001087376792","South Africa"
"6001089025711","South Africa"
"6001092500052","South Africa"
"6001108028044","South Africa"
"6001115001535","South Africa"
"6001115001542","South Africa"
"6001115003379","South Africa"
"6001115004789","South Africa"
"6001120016630","South Africa"
"6001120606060","South Africa"
"6001120607043","South Africa"
"6001120609894","South Africa"
"6001120621254","South Africa"
"6001120624941","South Africa"
"6001120625382","South Africa"
"6001120627034","South Africa"
"6001120627041","South Africa"
"6001120627157","South Africa"
"6001134087305","South Africa"
"6001156920208","South Africa"
"6001197181019","South Africa"
"6001197181026","South Africa"
"6001197181088","South Africa"
"6001205051501","South Africa"
"6001205051778","South Africa"
"6001205102562","South Africa"
"6001205726058","South Africa"
"6001205730321","South Africa"
"6001205731977","South Africa"
"6001205733506","South Africa"
"6001205733513","South Africa"
"6001205733520","South Africa"
"6001205733599","South Africa"
"6001224005790","South Africa"
"6001224007503","South Africa"
"6001224008111","South Africa"
"6001224094602","South Africa"
"6001224094619","South Africa"
"6001224162295","South Africa"
"6001224170832","South Africa"
"6001224324242","South Africa"
"6001224347029","South Africa"
"6001224370683","South Africa"
"6001224372182","South Africa"
"6001224467796","South Africa"
"6001224474664","South Africa"
"6001224502824","South Africa"
"6001224518412","South Africa"
"6001224519648","South Africa"
"6001224527377","South Africa"
"6001224528503","South Africa"
"6001224528510","South Africa"
"6001224589573","South Africa"
"6001224593105","South Africa"
"6001224642650","South Africa"
"6001224697117","South Africa"
"6001224755879","South Africa"
"6001224768466","South Africa"
"6001224819397","South Africa"
"6001224868678","South Africa"
"6001224946390","South Africa"
"6001224978438","South Africa"
"6001231002393","South Africa"
"6001240500262","South Africa"
"6001241006206","South Africa"
"6001241006220","South Africa"
"6001253010178","South Africa"
"6001253010185","South Africa"
"6001253010307","South Africa"
"6001253500303","South Africa"
"6001256001951","South Africa"
"6001275000003","South Africa"
"6001275001604","South Africa"
"6001275100659","South Africa"
"6001275100673","South Africa"
"6001299000270","South Africa"
"6001299006791","South Africa"
"6001299010576","South Africa"
"6001299015274","South Africa"
"6001299026973","South Africa"
"6001299027321","South Africa"
"6001299029042","South Africa"
"6001299033759","South Africa"
"6001299034275","South Africa"
"6001299695193","South Africa"
"6001299810312","South Africa"
"6001306000811","South Africa"
"6001306000903","South Africa"
"6001306002389","South Africa"
"6001306002457","South Africa"
"6001306054807","South Africa"
"6001324011172","South Africa"
"6001324254371","South Africa"
"6001324406305","South Africa"
"6001336121661","South Africa"
"6001365001958","South Africa"
"6001365006861","South Africa"
"6001428000065","South Africa"
"6001428000294","South Africa"
"6001458000462","South Africa"
"6001464149919","South Africa"
"6001464150861","South Africa"
"6001468112186","South Africa"
"6001557002527","South Africa"
"6001648211869","South Africa"
"6001651122021","South Africa"
"6001651178555","South Africa"
"6001704010061","South Africa"
"6001710010178","South Africa"
"6001710010192","South Africa"
"6001710010253","South Africa"
"6001710010369","South Africa"
"6001710010420","South Africa"
"6001710010604","South Africa"
"6001770000010","South Africa"
"6001770030567","South Africa"
"6001790403792","South Africa"
"60019578","South Africa"
"6002100014004","South Africa"
"6002130480084","South Africa"
"6002138002202","South Africa"
"6002138009515","South Africa"
"6002291005287","South Africa"
"6002695705417","South Africa"
"6002698009024","South Africa"
"6002698022214","South Africa"
"6002908000032","South Africa"
"6002908000063","South Africa"
"6002908000179","South Africa"
"6003105000658","South Africa"
"6003105001228","South Africa"
"6003105001846","South Africa"
"6003678920599","South Africa"
"6003678922241","South Africa"
"6003678923545","South Africa"
"6003678941617","South Africa"
"6003678945660","South Africa"
"6003678948005","South Africa"
"6003678949477","South Africa"
"6003770000632","South Africa"
"6003770009260","South Africa"
"6003770010310","South Africa"
"6003770013113","South Africa"
"6003770013168","South Africa"
"6004084002473","South Africa"
"6004201005004","South Africa"
"6004923003708","South Africa"
"6004923003722","South Africa"
"6005000285505","South Africa"
"60050144","South Africa"
"60050151","South Africa"
"60050168","South Africa"
"60050403","South Africa"
"6005044000379","South Africa"
"6005044000393","South Africa"
"6005044005534","South Africa"
"6005044007040","South Africa"
"60050922","South Africa"
"6005118001929","South Africa"
"6005207000321","South Africa"
"60056733","South Africa"
"6005801000116","South Africa"
"6006081000063","South Africa"
"6006081001220","South Africa"
"6006323632786","South Africa"
"6006323751746","South Africa"
"6006507007454","South Africa"
"6006900402801","South Africa"
"6006919444670","South Africa"
"6006990027885","South Africa"
"6007251000128","South Africa"
"6007251003051","South Africa"
"6007359002727","South Africa"
"6007414003263","South Africa"
"6007414003270","South Africa"
"6007414004383","South Africa"
"6007483001559","South Africa"
"6007732001019","South Africa"
"6007788005856","South Africa"
"6007875704051","South Africa"
"6007875996869","South Africa"
"6008000440578","South Africa"
"6008000837934","South Africa"
"6008138000163","South Africa"
"6008867008416","South Africa"
"6009000346600","South Africa"
"6009000444597","South Africa"
"6009101343263","South Africa"
"6009141005411","South Africa"
"6009171079970","South Africa"
"6009171079987","South Africa"
"6009175305778","South Africa"
"6009182265034","South Africa"
"6009182307314","South Africa"
"6009182351256","South Africa"
"6009182478700","South Africa"
"6009182678698","South Africa"
"6009184388359","South Africa"
"6009184388632","South Africa"
"6009184419251","South Africa"
"6009184733746","South Africa"
"6009188000073","South Africa"
"6009188000738","South Africa"
"6009188002213","South Africa"
"6009188002749","South Africa"
"6009188003753","South Africa"
"6009188006266","South Africa"
"6009188006518","South Africa"
"6009188007249","South Africa"
"6009188007379","South Africa"
"6009188007386","South Africa"
"6009188008208","South Africa"
"6009189247996","South Africa"
"6009195036454","South Africa"
"6009195040765","South Africa"
"6009195372286","South Africa"
"6009195427382","South Africa"
"6009195431150","South Africa"
"6009198000100","South Africa"
"6009198002241","South Africa"
"6009204041158","South Africa"
"6009204269590","South Africa"
"6009204378346","South Africa"
"6009204547407","South Africa"
"6009204961258","South Africa"
"6009207200064","South Africa"
"6009207368016","South Africa"
"6009208004104","South Africa"
"6009211254374","South Africa"
"6009211654723","South Africa"
"6009211738492","South Africa"
"6009217687350","South Africa"
"6009217855940","South Africa"
"6009218465858","South Africa"
"6009223479307","South Africa"
"6009223733737","South Africa"
"6009223763321","South Africa"
"6009226084508","South Africa"
"6009226151293","South Africa"
"6009226478611","South Africa"
"6009226480089","South Africa"
"6009226497148","South Africa"
"6009226652257","South Africa"
"6009226655241","South Africa"
"6009226667091","South Africa"
"6009226676895","South Africa"
"6009226773426","South Africa"
"6009226993268","South Africa"
"6009233360596","South Africa"
"6009233788963","South Africa"
"6009233789090","South Africa"
"6009233809606","South Africa"
"6009233930621","South Africa"
"6009242002647","South Africa"
"6009510800197","South Africa"
"6009510802542","South Africa"
"6009510802924","South Africa"
"6009510804348","South Africa"
"6009510804683","South Africa"
"6009510804782","South Africa"
"6009510805857","South Africa"
"6009510805963","South Africa"
"6009510806243","South Africa"
"6009510806861","South Africa"
"6009510808643","South Africa"
"6009510809008","South Africa"
"6009510809442","South Africa"
"6009510809459","South Africa"
"6009510809473","South Africa"
"6009511179063","South Africa"
"6009518202627","South Africa"
"6009518203396","South Africa"
"6009518601505","South Africa"
"6009518601543","South Africa"
"6009518602526","South Africa"
"6009518602533","South Africa"
"6009518603035","South Africa"
"6009522300098","South Africa"
"6009522300449","South Africa"
"6009522300456","South Africa"
"6009522300586","South Africa"
"6009522300609","South Africa"
"6009522300616","South Africa"
"6009522300623","South Africa"
"6009522301262","South Africa"
"6009522305734","South Africa"
"6009522306120","South Africa"
"6009522310288","South Africa"
"6009522310301","South Africa"
"6009522310325","South Africa"
"6009522310363","South Africa"
"6009544905363","South Africa"
"6009544939368","South Africa"
"6009544949077","South Africa"
"6009544960676","South Africa"
"6009546994471","South Africa"
"6009551918912","South Africa"
"6009606260126","South Africa"
"6009607510022","South Africa"
"6009612470045","South Africa"
"6009612470168","South Africa"
"6009612470175","South Africa"
"6009612470625","South Africa"
"6009612471738","South Africa"
"6009617221628","South Africa"
"6009617221734","South Africa"
"6009617224896","South Africa"
"6009617226388","South Africa"
"6009617226524","South Africa"
"6009625343411","South Africa"
"6009629180005","South Africa"
"6009629181064","South Africa"
"6009629181071","South Africa"
"6009631841734","South Africa"
"6009644140404","South Africa"
"6009644140442","South Africa"
"6009644997176","South Africa"
"6009645791315","South Africa"
"6009645792930","South Africa"
"6009645796211","South Africa"
"6009650908586","South Africa"
"6009657343861","South Africa"
"6009679021013","South Africa"
"6009679326071","South Africa"
"6009684046810","South Africa"
"6009690380038","South Africa"
"6009691358807","South Africa"
"6009692190055","South Africa"
"6009692191199","South Africa"
"6009694633116","South Africa"
"6009695157659","South Africa"
"6009695158977","South Africa"
"6009695158991","South Africa"
"6009696681658","South Africa"
"6009700853064","South Africa"
"6009702443836","South Africa"
"6009704170273","South Africa"
"6009704170563","South Africa"
"6009704170686","South Africa"
"6009704170693","South Africa"
"6009704172031","South Africa"
"6009705214310","South Africa"
"6009705668649","South Africa"
"6009705668724","South Africa"
"6009707011443","South Africa"
"6009707012396","South Africa"
"6009707013669","South Africa"
"6009707013683","South Africa"
"6009707013751","South Africa"
"6009707013775","South Africa"
"6009708462480","South Africa"
"6009708462558","South Africa"
"6009708462671","South Africa"
"6009708883261","South Africa"
"6009708963161","South Africa"
"6009710390146","South Africa"
"6009710390177","South Africa"
"6009710390412","South Africa"
"6009710390429","South Africa"
"6009710390573","South Africa"
"6009710390702","South Africa"
"6009710390719","South Africa"
"6009710611487","South Africa"
"6009710611500","South Africa"
"6009710612101","South Africa"
"6009710612828","South Africa"
"6009710720622","South Africa"
"6009710720653","South Africa"
"6009710720691","South Africa"
"6009710721186","South Africa"
"6009710721520","South Africa"
"6009710721537","South Africa"
"6009710721568","South Africa"
"6009710721889","South Africa"
"6009710723586","South Africa"
"6009710723920","South Africa"
"6009710723937","South Africa"
"6009710724354","South Africa"
"6009710899441","South Africa"
"6009710899649","South Africa"
"6009710899694","South Africa"
"6009710899991","South Africa"
"6009711325680","South Africa"
"6009800103809","South Africa"
"6009800820027","South Africa"
"6009801741048","South Africa"
"6009801741093","South Africa"
"6009801741260","South Africa"
"6009801741284","South Africa"
"6009801741307","South Africa"
"6009801741529","South Africa"
"6009801741680","South Africa"
"6009803341000","South Africa"
"6009803631705","South Africa"
"6009803949039","South Africa"
"6009803982487","South Africa"
"6009813640308","South Africa"
"6009826980064","South Africa"
"6009834960027","South Africa"
"6009880412563","South Africa"
"6009880687220","South Africa"
"6009880839391","South Africa"
"6009880839759","South Africa"
"6009881256333","South Africa"
"6009888634745","South Africa"
"6009888634899","South Africa"
"6009890812162","South Africa"
"6009900028200","South Africa"
"6009900278735","South Africa"
"6009900424361","South Africa"
"6009900424385","South Africa"
"6009900471464","South Africa"
"6009900528670","South Africa"
"6009900528793","South Africa"
"6009905333408","South Africa"
"6221134012040","South Africa"
"6290361208892","South Africa"
"75032814","South Africa"
"7613035491922","South Africa"
"7622201637989","South Africa"
"7622201699031","South Africa"
"7622201699383","South Africa"
"7622202282614","South Africa"
"7622210814777","South Africa"
"80021155","South Africa"
"8005121000061","South Africa"
"8005121000085","South Africa"
"8005121000092","South Africa"
"8005121000122","South Africa"
"8005121000177","South Africa"
"8005121000276","South Africa"
"8005121000405","South Africa"
"8005121000740","South Africa"
"8005121000757","South Africa"
"8005121000900","South Africa"
"8005121000917","South Africa"
"8005121040845","South Africa"
"8005121044089","South Africa"
"8005121044409","South Africa"
"8005121050271","South Africa"
"8005121050851","South Africa"
"8005121052084","South Africa"
"8005121216011","South Africa"
"8007290571403","South Africa"
"80533368","South Africa"
"8410076900418","South Africa"
"8445290188281","South Africa"
"8445291136854","South Africa"
"8680474938812","South Africa"
"8697288506557","South Africa"
"8712275600824","South Africa"
"8801073114548","South Africa"
"8851978801029","South Africa"
"8961014021639","South Africa"
"9002490100070","South Africa"
"9002490280017","South Africa"
"9010437015684","South Africa"
"90492488","South Africa"
"90492501","South Africa"
"9790345766006","South Africa"
"0015700050088","South Korea"
"0025073700114","South Korea"
"0032894035073","South Korea"
"00575193","South Korea"
"0071279780023","South Korea"
"0072810652465","South Korea"
"0074603005922","South Korea"
"0077508005844","South Korea"
"0081652043010","South Korea"
"0087703157804","South Korea"
"0088076184787","South Korea"
"0091752090203","South Korea"
"0648436101351","South Korea"
"0661440000205","South Korea"
"0716270001745","South Korea"
"0728106522621","South Korea"
"0733739016652","South Korea"
"0761898701959","South Korea"
"0783963002396","South Korea"
"08111968","South Korea"
"0846034023253","South Korea"
"0850029599166","South Korea"
"0850460005783","South Korea"
"0851770006873","South Korea"
"0860002528625","South Korea"
"0880008413169","South Korea"
"0880430000005","South Korea"
"0880740019353","South Korea"
"0880827345634","South Korea"
"0880911163656","South Korea"
"0880911163892","South Korea"
"0884941002572","South Korea"
"18010688","South Korea"
"18096958","South Korea"
"2000000021345","South Korea"
"2000000116903","South Korea"
"2000000116905","South Korea"
"2000000116907","South Korea"
"2000000116911","South Korea"
"2000000116912","South Korea"
"2000000116913","South Korea"
"2000000116914","South Korea"
"2000000119912","South Korea"
"2000000233413","South Korea"
"2000006630926","South Korea"
"2585514302966","South Korea"
"270003885759822006","South Korea"
"270003886195322016","South Korea"
"3178530412567","South Korea"
"3178530412871","South Korea"
"3229820765334","South Korea"
"3360102240061","South Korea"
"3415581311297","South Korea"
"3415587406294","South Korea"
"3760339881783","South Korea"
"4038857120219","South Korea"
"4260207358229","South Korea"
"4260380662816","South Korea"
"4809010272027","South Korea"
"5018359266249","South Korea"
"5056307360168","South Korea"
"5410291026538","South Korea"
"5411333500863","South Korea"
"5411361147887","South Korea"
"5413216690012","South Korea"
"5600241424082","South Korea"
"5600699792313","South Korea"
"6914973603202","South Korea"
"6954139414600","South Korea"
"6971424472657","South Korea"
"7394376618222","South Korea"
"7897846902086","South Korea"
"8006696202003","South Korea"
"8052236005498","South Korea"
"8710912611394","South Korea"
"8718754274043","South Korea"
"8719979204129","South Korea"
"8800004605872","South Korea"
"8800040498902","South Korea"
"8800059191009","South Korea"
"8800073621438","South Korea"
"8800222114279","South Korea"
"88004396","South Korea"
"88009742","South Korea"
"8801005000215","South Korea"
"8801005014243","South Korea"
"8801005116046","South Korea"
"8801005152235","South Korea"
"8801005171410","South Korea"
"8801005200271","South Korea"
"8801005211338","South Korea"
"8801005931489","South Korea"
"8801005941112","South Korea"
"8801005960137","South Korea"
"8801005960144","South Korea"
"8801007029658","South Korea"
"8801007038780","South Korea"
"8801007073453","South Korea"
"8801007078540","South Korea"
"8801007150390","South Korea"
"8801007254906","South Korea"
"8801007259369","South Korea"
"8801007274270","South Korea"
"8801007323602","South Korea"
"8801007347288","South Korea"
"8801007348308","South Korea"
"8801007356273","South Korea"
"8801007441368","South Korea"
"8801007512259","South Korea"
"8801007579962","South Korea"
"8801007679341","South Korea"
"8801007712079","South Korea"
"8801007719498","South Korea"
"8801007732442","South Korea"
"8801007745671","South Korea"
"8801007761503","South Korea"
"8801007761749","South Korea"
"8801007766652","South Korea"
"8801007792736","South Korea"
"8801007795737","South Korea"
"8801007814773","South Korea"
"8801007826011","South Korea"
"8801007835471","South Korea"
"8801007836270","South Korea"
"8801007899923","South Korea"
"8801007899985","South Korea"
"8801007901244","South Korea"
"8801007917320","South Korea"
"8801007921938","South Korea"
"8801007922010","South Korea"
"8801007949109","South Korea"
"8801007957968","South Korea"
"8801007966878","South Korea"
"8801019208324","South Korea"
"8801019309946","South Korea"
"8801019319532","South Korea"
"8801019515156","South Korea"
"8801019606557","South Korea"
"8801019609671","South Korea"
"8801019611261","South Korea"
"8801024053995","South Korea"
"8801024054053","South Korea"
"8801024140244","South Korea"
"8801024948871","South Korea"
"8801027884961","South Korea"
"8801033770357","South Korea"
"8801037022322","South Korea"
"8801037057881","South Korea"
"8801037060553","South Korea"
"8801037063103","South Korea"
"8801037065626","South Korea"
"8801037073577","South Korea"
"8801037075502","South Korea"
"8801037078176","South Korea"
"8801037088205","South Korea"
"8801037091113","South Korea"
"8801037094701","South Korea"
"8801037095739","South Korea"
"8801043003964","South Korea"
"8801043003988","South Korea"
"8801043012577","South Korea"
"8801043014809","South Korea"
"8801043014984","South Korea"
"8801043015486","South Korea"
"8801043015509","South Korea"
"8801043015639","South Korea"
"8801043015653","South Korea"
"8801043015691","South Korea"
"8801043015943","South Korea"
"8801043016094","South Korea"
"8801043017022","South Korea"
"8801043020756","South Korea"
"8801043021937","South Korea"
"8801043036139","South Korea"
"8801043036436","South Korea"
"8801043036634","South Korea"
"8801043065542","South Korea"
"8801043151122","South Korea"
"8801043157735","South Korea"
"8801043415774","South Korea"
"8801045010038","South Korea"
"8801045010113","South Korea"
"8801045019666","South Korea"
"8801045173191","South Korea"
"8801045205861","South Korea"
"8801045205885","South Korea"
"8801045290805","South Korea"
"8801045292915","South Korea"
"8801045300030","South Korea"
"8801045335322","South Korea"
"8801045370095","South Korea"
"8801045426204","South Korea"
"8801045480060","South Korea"
"8801045491356","South Korea"
"8801045524061","South Korea"
"8801045525112","South Korea"
"8801045525136","South Korea"
"8801045571362","South Korea"
"8801045652573","South Korea"
"8801045686318","South Korea"
"8801045750088","South Korea"
"8801045750514","South Korea"
"8801045890500","South Korea"
"8801045892344","South Korea"
"8801045893044","South Korea"
"8801047111719","South Korea"
"8801047116240","South Korea"
"8801047161608","South Korea"
"8801047170891","South Korea"
"8801047181002","South Korea"
"8801047222811","South Korea"
"8801047224464","South Korea"
"8801047225102","South Korea"
"8801047228394","South Korea"
"8801047252412","South Korea"
"8801047865094","South Korea"
"8801048101023","South Korea"
"8801052054261","South Korea"
"8801052083629","South Korea"
"8801052087283","South Korea"
"8801052114255","South Korea"
"8801052202037","South Korea"
"8801052435602","South Korea"
"8801052436005","South Korea"
"8801052436029","South Korea"
"8801052438016","South Korea"
"8801052740454","South Korea"
"8801052741550","South Korea"
"8801055708734","South Korea"
"8801055721955","South Korea"
"8801056002725","South Korea"
"8801056003463","South Korea"
"8801056015534","South Korea"
"8801056049201","South Korea"
"8801056052218","South Korea"
"8801056083564","South Korea"
"8801056083588","South Korea"
"8801056096656","South Korea"
"8801056178925","South Korea"
"8801056190019","South Korea"
"8801056229818","South Korea"
"8801056623012","South Korea"
"8801062001255","South Korea"
"8801062009572","South Korea"
"8801062009619","South Korea"
"8801062273294","South Korea"
"8801062289936","South Korea"
"8801062334278","South Korea"
"8801062383986","South Korea"
"8801062475711","South Korea"
"8801062475940","South Korea"
"8801062481958","South Korea"
"8801062518470","South Korea"
"8801062521890","South Korea"
"8801062521906","South Korea"
"8801062633692","South Korea"
"8801062634163","South Korea"
"8801062710430","South Korea"
"8801062713660","South Korea"
"8801062859108","South Korea"
"8801062859498","South Korea"
"8801062863709","South Korea"
"8801062865802","South Korea"
"8801062866052","South Korea"
"8801062866830","South Korea"
"8801062870448","South Korea"
"8801062873418","South Korea"
"8801062880454","South Korea"
"8801062880904","South Korea"
"8801062888146","South Korea"
"8801062893362","South Korea"
"8801062894116","South Korea"
"8801065103918","South Korea"
"8801066052413","South Korea"
"8801066059849","South Korea"
"8801066060364","South Korea"
"8801066650787","South Korea"
"8801068081947","South Korea"
"8801068087130","South Korea"
"8801068097474","South Korea"
"8801068101164","South Korea"
"8801068102642","South Korea"
"8801068371208","South Korea"
"8801068379129","South Korea"
"8801068398533","South Korea"
"8801068403411","South Korea"
"8801069171067","South Korea"
"8801069302041","South Korea"
"8801069401690","South Korea"
"8801069415550","South Korea"
"8801069421773","South Korea"
"8801069422091","South Korea"
"8801069422701","South Korea"
"8801073101432","South Korea"
"8801073110502","South Korea"
"8801073114548","South Korea"
"8801073115705","South Korea"
"8801073310711","South Korea"
"8801073310735","South Korea"
"8801074257992","South Korea"
"8801075011548","South Korea"
"8801075011654","South Korea"
"8801075013153","South Korea"
"8801075014532","South Korea"
"8801077342602","South Korea"
"8801083001425","South Korea"
"8801083253404","South Korea"
"8801083333007","South Korea"
"8801083421100","South Korea"
"8801083422091","South Korea"
"8801083484006","South Korea"
"8801094984205","South Korea"
"8801097134218","South Korea"
"8801097250079","South Korea"
"8801104240284","South Korea"
"8801104250535","South Korea"
"8801104306591","South Korea"
"8801104306928","South Korea"
"8801104500616","South Korea"
"8801104663489","South Korea"
"8801104666565","South Korea"
"8801104666855","South Korea"
"8801104668415","South Korea"
"8801104670876","South Korea"
"8801104673211","South Korea"
"8801104941143","South Korea"
"8801104944137","South Korea"
"8801104946476","South Korea"
"8801104949057","South Korea"
"8801105000535","South Korea"
"8801105117578","South Korea"
"8801105901009","South Korea"
"8801105908367","South Korea"
"8801114142004","South Korea"
"8801114305645","South Korea"
"8801115111054","South Korea"
"8801115114130","South Korea"
"8801115114154","South Korea"
"8801115114390","South Korea"
"8801115136224","South Korea"
"8801115144137","South Korea"
"8801115212713","South Korea"
"8801117124106","South Korea"
"8801117127008","South Korea"
"8801117138004","South Korea"
"8801117139001","South Korea"
"8801117157609","South Korea"
"8801117353209","South Korea"
"8801117353308","South Korea"
"8801117431907","South Korea"
"8801117491109","South Korea"
"8801117534912","South Korea"
"8801117687502","South Korea"
"8801117687700","South Korea"
"8801117777906","South Korea"
"8801117778309","South Korea"
"8801117784409","South Korea"
"8801118005381","South Korea"
"8801118254048","South Korea"
"8801118255076","South Korea"
"8801118256783","South Korea"
"8801121020388","South Korea"
"8801121027028","South Korea"
"8801121027042","South Korea"
"8801121027400","South Korea"
"8801121033111","South Korea"
"8801121037287","South Korea"
"8801121039441","South Korea"
"8801121044599","South Korea"
"8801121101582","South Korea"
"8801121104255","South Korea"
"8801121190197","South Korea"
"8801121759943","South Korea"
"8801121763247","South Korea"
"8801121763957","South Korea"
"8801121768440","South Korea"
"8801121768457","South Korea"
"8801121770740","South Korea"
"8801121772874","South Korea"
"8801123311026","South Korea"
"8801127120020","South Korea"
"8801128230087","South Korea"
"8801128503037","South Korea"
"8801128503211","South Korea"
"8801128540735","South Korea"
"8801128548687","South Korea"
"8801128900232","South Korea"
"8801128945615","South Korea"
"8801133003102","South Korea"
"8801155000158","South Korea"
"8801155208011","South Korea"
"8801155469818","South Korea"
"8801155729837","South Korea"
"8801155734558","South Korea"
"8801155735081","South Korea"
"8801155738921","South Korea"
"8801155741617","South Korea"
"8801155744809","South Korea"
"8801155822828","South Korea"
"8801155822941","South Korea"
"8801161502646","South Korea"
"8801169072929","South Korea"
"8801175003405","South Korea"
"8801176101193","South Korea"
"8801204204452","South Korea"
"8801206680100","South Korea"
"88013600","South Korea"
"8801382148524","South Korea"
"8801382148548","South Korea"
"8801392002809","South Korea"
"8801392007866","South Korea"
"8801392032974","South Korea"
"8801392032998","South Korea"
"8801392033223","South Korea"
"8801392036552","South Korea"
"8801392036590","South Korea"
"8801392037092","South Korea"
"8801392051210","South Korea"
"8801392062131","South Korea"
"8801392062254","South Korea"
"8801392062490","South Korea"
"8801392090455","South Korea"
"8801392105036","South Korea"
"8801416820785","South Korea"
"8801492383051","South Korea"
"8801492383303","South Korea"
"8801492383471","South Korea"
"8801548031509","South Korea"
"8801566000525","South Korea"
"8801566000723","South Korea"
"8801728105211","South Korea"
"8801753105293","South Korea"
"8801753106320","South Korea"
"8801759016470","South Korea"
"8801759017293","South Korea"
"8801857000838","South Korea"
"8801858045258","South Korea"
"8801898161468","South Korea"
"8801898163165","South Korea"
"8802100309272","South Korea"
"8802241130261","South Korea"
"8802241131664","South Korea"
"8802876205020","South Korea"
"8802896004757","South Korea"
"8802989004558","South Korea"
"8803060080942","South Korea"
"8803060081178","South Korea"
"8803060082441","South Korea"
"8803217001288","South Korea"
"8803217011249","South Korea"
"88032200","South Korea"
"8803937311124","South Korea"
"8804049320073","South Korea"
"8804074000599","South Korea"
"8804074500785","South Korea"
"8804127010667","South Korea"
"8804619925646","South Korea"
"8804645005824","South Korea"
"8804811000806","South Korea"
"8805425505091","South Korea"
"8805489000396","South Korea"
"8805566604417","South Korea"
"8805584224550","South Korea"
"8805684010633","South Korea"
"8805684010640","South Korea"
"8805915904410","South Korea"
"8805957021236","South Korea"
"8805957022226","South Korea"
"8806002000893","South Korea"
"8806049798029","South Korea"
"8806124203622","South Korea"
"8806409150016","South Korea"
"88066967","South Korea"
"88068107","South Korea"
"8807354217373","South Korea"
"88078687","South Korea"
"8807999079275","South Korea"
"8808024029869","South Korea"
"88081878","South Korea"
"8808244201045","South Korea"
"8809000349438","South Korea"
"8809005029823","South Korea"
"8809005176350","South Korea"
"8809024603752","South Korea"
"8809026193091","South Korea"
"8809041427157","South Korea"
"8809054400635","South Korea"
"8809054400925","South Korea"
"8809054401519","South Korea"
"8809054401755","South Korea"
"8809054401915","South Korea"
"8809054403476","South Korea"
"8809054403483","South Korea"
"8809054514608","South Korea"
"8809056361804","South Korea"
"8809059296523","South Korea"
"8809059945506","South Korea"
"8809060473586","South Korea"
"8809063750332","South Korea"
"8809064499841","South Korea"
"8809069304010","South Korea"
"8809069308469","South Korea"
"8809075129362","South Korea"
"8809083498153","South Korea"
"8809083498160","South Korea"
"8809094844550","South Korea"
"8809112984053","South Korea"
"8809120440763","South Korea"
"8809148007849","South Korea"
"8809152838354","South Korea"
"8809157121291","South Korea"
"8809160229755","South Korea"
"8809168837235","South Korea"
"8809171521930","South Korea"
"8809186014502","South Korea"
"8809206086274","South Korea"
"8809206271137","South Korea"
"8809216732048","South Korea"
"8809221163387","South Korea"
"8809223270113","South Korea"
"8809232289441","South Korea"
"8809241000624","South Korea"
"8809247975186","South Korea"
"8809247980685","South Korea"
"8809256676906","South Korea"
"8809260944220","South Korea"
"8809266300099","South Korea"
"8809270663654","South Korea"
"8809270663678","South Korea"
"8809273501731","South Korea"
"8809274510893","South Korea"
"8809274513948","South Korea"
"8809274514549","South Korea"
"8809275311215","South Korea"
"8809275311253","South Korea"
"8809276285461","South Korea"
"8809288633045","South Korea"
"8809288635445","South Korea"
"8809288636367","South Korea"
"8809306602961","South Korea"
"8809310070411","South Korea"
"8809343930034","South Korea"
"8809346342100","South Korea"
"8809382510099","South Korea"
"8809387742112","South Korea"
"8809388463368","South Korea"
"8809388463603","South Korea"
"8809395752530","South Korea"
"8809395758020","South Korea"
"8809399240583","South Korea"
"8809399240903","South Korea"
"8809403535209","South Korea"
"8809403535216","South Korea"
"8809403535445","South Korea"
"8809403535728","South Korea"
"8809403536190","South Korea"
"8809418080640","South Korea"
"8809419626212","South Korea"
"8809428279034","South Korea"
"8809432533955","South Korea"
"8809435520273","South Korea"
"8809435520365","South Korea"
"8809435520372","South Korea"
"8809435520594","South Korea"
"8809435520884","South Korea"
"8809435520891","South Korea"
"8809455630020","South Korea"
"8809470004141","South Korea"
"8809470004608","South Korea"
"8809490180108","South Korea"
"8809490590563","South Korea"
"8809495075553","South Korea"
"8809502440459","South Korea"
"8809511533845","South Korea"
"8809517411413","South Korea"
"8809517412861","South Korea"
"8809520490108","South Korea"
"8809536370425","South Korea"
"8809549092345","South Korea"
"8809549773008","South Korea"
"8809558848513","South Korea"
"8809560091051","South Korea"
"8809560092904","South Korea"
"8809560094137","South Korea"
"8809568510479","South Korea"
"8809582980333","South Korea"
"8809607873497","South Korea"
"8809617940813","South Korea"
"8809617945085","South Korea"
"8809617947034","South Korea"
"8809617947355","South Korea"
"8809619840074","South Korea"
"8809625680756","South Korea"
"8809664460234","South Korea"
"8809677900529","South Korea"
"8809685980681","South Korea"
"8809685980827","South Korea"
"8809713914084","South Korea"
"8809720790183","South Korea"
"8809722520603","South Korea"
"8809728180047","South Korea"
"8809728180061","South Korea"
"8809734520059","South Korea"
"8809736070088","South Korea"
"8809765670402","South Korea"
"8809776950920","South Korea"
"8809781070064","South Korea"
"8809787541216","South Korea"
"8809822070343","South Korea"
"8809837870082","South Korea"
"8809846900893","South Korea"
"8809846901548","South Korea"
"8809975698036","South Korea"
"8852756305197","South Korea"
"8886001200197","South Korea"
"8994963002244","South Korea"
"8997240600102","South Korea"
"8997240600119","South Korea"
"9310761719228","South Korea"
"9311493003081","South Korea"
"9345544004970","South Korea"
"9421901214043","South Korea"
"9555319109568","South Korea"
"0011210697003","Spain"
"0043647868039","Spain"
"0046000815213","Spain"
"0073472001202","Spain"
"0096619483556","Spain"
"0097339000054","Spain"
"04963406","Spain"
"11239303","Spain"
"13356194","Spain"
"16811207","Spain"
"20002183","Spain"
"20002268","Spain"
"20003166","Spain"
"20004279","Spain"
"20005726","Spain"
"20005733","Spain"
"20005825","Spain"
"20006105","Spain"
"20006167","Spain"
"20014384","Spain"
"20022464","Spain"
"20023775","Spain"
"20037154","Spain"
"20037710","Spain"
"20047238","Spain"
"20047900","Spain"
"20094683","Spain"
"20103286","Spain"
"20103354","Spain"
"20103644","Spain"
"20115777","Spain"
"20116705","Spain"
"20144302","Spain"
"20150907","Spain"
"20153229","Spain"
"20164041","Spain"
"20170196","Spain"
"20171841","Spain"
"20173074","Spain"
"20177201","Spain"
"20177218","Spain"
"20193089","Spain"
"20198107","Spain"
"20202392","Spain"
"20202866","Spain"
"20267605","Spain"
"20283360","Spain"
"20353032","Spain"
"20353889","Spain"
"20416690","Spain"
"20425555","Spain"
"20468583","Spain"
"20487942","Spain"
"20534479","Spain"
"20621445","Spain"
"20621469","Spain"
"20621483","Spain"
"20645342","Spain"
"20692230","Spain"
"20706852","Spain"
"20724696","Spain"
"20757809","Spain"
"20815356","Spain"
"20815882","Spain"
"20816438","Spain"
"20816445","Spain"
"20856090","Spain"
"20879983","Spain"
"20918279","Spain"
"20941130","Spain"
"20994945","Spain"
"20995553","Spain"
"3017620421006","Spain"
"3017620425035","Spain"
"3017760002707","Spain"
"3017760038331","Spain"
"3017760628198","Spain"
"3023290077719","Spain"
"3033490004521","Spain"
"3033490004743","Spain"
"3033491213205","Spain"
"3033491273827","Spain"
"3033491350863","Spain"
"3033491351082","Spain"
"3033491460869","Spain"
"3034450001123","Spain"
"3036810201280","Spain"
"3045140105502","Spain"
"3046920010047","Spain"
"3046920016377","Spain"
"3046920017503","Spain"
"3046920017541","Spain"
"3046920022606","Spain"
"3046920022651","Spain"
"3046920028004","Spain"
"3046920028363","Spain"
"3046920028370","Spain"
"3046920028721","Spain"
"3046920029674","Spain"
"3046920029759","Spain"
"3073780918763","Spain"
"3083681139709","Spain"
"3083681139716","Spain"
"3083681139723","Spain"
"3155253020934","Spain"
"3159470000120","Spain"
"3159470001424","Spain"
"3159470005071","Spain"
"3161710000128","Spain"
"3161711001971","Spain"
"3166290200197","Spain"
"3168930009078","Spain"
"3168930009795","Spain"
"3168930010265","Spain"
"3168930010890","Spain"
"3168930010906","Spain"
"3175681060586","Spain"
"3176571744289","Spain"
"3178530402995","Spain"
"3178530405774","Spain"
"3179140923061","Spain"
"3228022000298","Spain"
"3229820019307","Spain"
"3229820116716","Spain"
"3229820129488","Spain"
"3229820769165","Spain"
"3229820782560","Spain"
"3229820784946","Spain"
"3242272346050","Spain"
"3242272347552","Spain"
"3245390068682","Spain"
"3245390084422","Spain"
"3245390089854","Spain"
"3245411157944","Spain"
"3245411573669","Spain"
"3245412563256","Spain"
"3245412568749","Spain"
"3245412589980","Spain"
"3245412654305","Spain"
"3245412901454","Spain"
"3245413451804","Spain"
"3245413458513","Spain"
"3245413497901","Spain"
"3245413504531","Spain"
"3245413922403","Spain"
"3245413922465","Spain"
"3245414229228","Spain"
"3252920022014","Spain"
"3259010108047","Spain"
"3268350120084","Spain"
"3268350120558","Spain"
"3270160717668","Spain"
"3270190007418","Spain"
"3270190117209","Spain"
"3270190124924","Spain"
"3270190127512","Spain"
"3270190127765","Spain"
"3270190127871","Spain"
"3270190128403","Spain"
"3270190128519","Spain"
"3270190128533","Spain"
"3270190128717","Spain"
"3270190204008","Spain"
"3270190207696","Spain"
"3273220076484","Spain"
"3273220081068","Spain"
"3273220085196","Spain"
"3273220181027","Spain"
"3292070005161","Spain"
"3307907100084","Spain"
"3330720237521","Spain"
"3380380047749","Spain"
"3380380087400","Spain"
"3387390326468","Spain"
"3387390326574","Spain"
"3421557111044","Spain"
"3421557910203","Spain"
"3533636760002","Spain"
"3560070060252","Spain"
"3560070149278","Spain"
"3560070157198","Spain"
"3560070179886","Spain"
"3560070276141","Spain"
"3560070308316","Spain"
"3560070323289","Spain"
"3560070379323","Spain"
"3560070379736","Spain"
"3560070386352","Spain"
"3560070387427","Spain"
"3560070393619","Spain"
"3560070410002","Spain"
"3560070419456","Spain"
"3560070439881","Spain"
"3560070464760","Spain"
"3560070483471","Spain"
"3560070510771","Spain"
"3560070519309","Spain"
"3560070614202","Spain"
"3560070669981","Spain"
"3560070682683","Spain"
"3560070710713","Spain"
"3560070720859","Spain"
"3560070792368","Spain"
"3560070800209","Spain"
"3560070820542","Spain"
"3560070820597","Spain"
"3560070826391","Spain"
"3560070837984","Spain"
"3560070856596","Spain"
"3560070918157","Spain"
"3560070930036","Spain"
"3560070998661","Spain"
"3560070998784","Spain"
"3560071005214","Spain"
"3560071010522","Spain"
"3560071012403","Spain"
"3560071013011","Spain"
"3560071013035","Spain"
"3560071013042","Spain"
"3560071013110","Spain"
"3560071013196","Spain"
"3560071014094","Spain"
"3560071014179","Spain"
"3560071014186","Spain"
"3560071015725","Spain"
"3560071016074","Spain"
"3560071016944","Spain"
"3560071082727","Spain"
"3560071084042","Spain"
"3560071090821","Spain"
"3560071096984","Spain"
"3560071097455","Spain"
"3560071117207","Spain"
"3560071175856","Spain"
"3560071175979","Spain"
"3560071182823","Spain"
"3560071190965","Spain"
"3560071193423","Spain"
"3560071194345","Spain"
"3560071197124","Spain"
"3560071231019","Spain"
"3560071235840","Spain"
"3560071242589","Spain"
"3560071251871","Spain"
"3560071254179","Spain"
"3560071257187","Spain"
"3560071257194","Spain"
"3560071259297","Spain"
"3560071261030","Spain"
"3560071261634","Spain"
"3560071265557","Spain"
"3560071265717","Spain"
"3560071266097","Spain"
"3560071266257","Spain"
"3560071266769","Spain"
"3560071266950","Spain"
"3560071267032","Spain"
"3560071267582","Spain"
"3560071269494","Spain"
"3560071269500","Spain"
"3560071276539","Spain"
"3560071403096","Spain"
"3560071407506","Spain"
"3560071407537","Spain"
"3560071407568","Spain"
"3560071407599","Spain"
"3560071407629","Spain"
"3560071407650","Spain"
"3560071407681","Spain"
"3560071407711","Spain"
"3560071407742","Spain"
"3560071407773","Spain"
"3560071407803","Spain"
"3560071413750","Spain"
"3560071417444","Spain"
"3560071420277","Spain"
"3560071433277","Spain"
"3560071433345","Spain"
"3560071433352","Spain"
"3560071433642","Spain"
"3560071437732","Spain"
"3560071453442","Spain"
"3560071455279","Spain"
"3560071455804","Spain"
"3560071459468","Spain"
"3560071462864","Spain"
"3560071469542","Spain"
"3560071469573","Spain"
"3560071469641","Spain"
"3560071469771","Spain"
"3560071504090","Spain"
"3596710354238","Spain"
"3596710375561","Spain"
"3596710443673","Spain"
"3700214618240","Spain"
"3760020507350","Spain"
"3760056260069","Spain"
"3760091722508","Spain"
"3760091726667","Spain"
"3800205877325","Spain"
"4000177158319","Spain"
"4000607852008","Spain"
"4001724038870","Spain"
"4001724038993","Spain"
"4001724039143","Spain"
"4008400221021","Spain"
"4008400828121","Spain"
"40084077","Spain"
"40084107","Spain"
"4008713713411","Spain"
"4012359113108","Spain"
"4012359133007","Spain"
"4012359144003","Spain"
"4012359144102","Spain"
"40193151","Spain"
"4056489009184","Spain"
"4056489009191","Spain"
"4056489028109","Spain"
"4056489033042","Spain"
"4056489068198","Spain"
"4056489104230","Spain"
"4056489163534","Spain"
"4056489167853","Spain"
"4056489192923","Spain"
"4056489209980","Spain"
"4056489210016","Spain"
"4056489216162","Spain"
"4056489216216","Spain"
"4056489216223","Spain"
"4056489216230","Spain"
"4056489238072","Spain"
"4056489258346","Spain"
"4056489258353","Spain"
"4056489357117","Spain"
"4056489366461","Spain"
"4056489379737","Spain"
"4056489406662","Spain"
"4056489406679","Spain"
"4056489424918","Spain"
"4056489440116","Spain"
"4056489467953","Spain"
"4056489470847","Spain"
"4056489472261","Spain"
"4056489526872","Spain"
"4056489530268","Spain"
"4056489574392","Spain"
"4056489617181","Spain"
"4056489620938","Spain"
"4056489628347","Spain"
"4056489682677","Spain"
"4056489685937","Spain"
"4056489724070","Spain"
"4056489801771","Spain"
"4056489844242","Spain"
"4056489857396","Spain"
"4056489882367","Spain"
"4056489920007","Spain"
"4056489920038","Spain"
"4056489920045","Spain"
"4056489936176","Spain"
"4056489983507","Spain"
"40822938","Spain"
"4088600056135","Spain"
"40893532","Spain"
"40896243","Spain"
"40897677","Spain"
"4334035071848","Spain"
"4335619014404","Spain"
"4335619014442","Spain"
"4335619014459","Spain"
"4335619014480","Spain"
"4335619022591","Spain"
"4335619201859","Spain"
"5000108022152","Spain"
"5000157024671","Spain"
"5000159557771","Spain"
"5000159560498","Spain"
"5000396021202","Spain"
"5000426171518","Spain"
"5010029000023","Spain"
"5010029000061","Spain"
"5010029000504","Spain"
"5010029000801","Spain"
"5010029201246","Spain"
"5010029226133","Spain"
"5010029227062","Spain"
"5010029229110","Spain"
"5010044000404","Spain"
"5010044000701","Spain"
"5010338014339","Spain"
"5010477348630","Spain"
"5010477348678","Spain"
"5010477356239","Spain"
"50112784","Spain"
"5013683305589","Spain"
"50184385","Spain"
"50184453","Spain"
"5050083425691","Spain"
"5053827101424","Spain"
"5053827139229","Spain"
"5053990106981","Spain"
"5053990107339","Spain"
"5053990107384","Spain"
"5053990127726","Spain"
"5053990127740","Spain"
"5053990161669","Spain"
"5053990167807","Spain"
"5053990167845","Spain"
"5053990175949","Spain"
"5059319016603","Spain"
"5059319023410","Spain"
"5059319026176","Spain"
"5060042641000","Spain"
"5060088700099","Spain"
"5060088700105","Spain"
"5060088700112","Spain"
"5060088706022","Spain"
"5060088706046","Spain"
"5060088707661","Spain"
"5060088707685","Spain"
"5060092030977","Spain"
"5060335632302","Spain"
"5060335635808","Spain"
"5202390015885","Spain"
"5202390020407","Spain"
"5202390021121","Spain"
"5391532121710","Spain"
"5400101201712","Spain"
"5410041001204","Spain"
"5410041005707","Spain"
"5410041010800","Spain"
"5410041040807","Spain"
"5410126006049","Spain"
"5410126006353","Spain"
"5410126006360","Spain"
"5410126116236","Spain"
"5410126116953","Spain"
"5410126716016","Spain"
"5410188032161","Spain"
"5411188102809","Spain"
"5411188110835","Spain"
"5411188110842","Spain"
"5411188112709","Spain"
"5411188118961","Spain"
"5411188119098","Spain"
"5411188121213","Spain"
"5411188124269","Spain"
"5411188124702","Spain"
"5411188125808","Spain"
"5411188127697","Spain"
"5411188128311","Spain"
"5411188128649","Spain"
"5411188129318","Spain"
"5411188131380","Spain"
"5411188136217","Spain"
"5411188136347","Spain"
"5411188137993","Spain"
"5411188138013","Spain"
"5411188139126","Spain"
"5411188139348","Spain"
"5411188553304","Spain"
"5413548283128","Spain"
"5425600101370","Spain"
"5449000000729","Spain"
"5449000000996","Spain"
"5449000004840","Spain"
"5449000009067","Spain"
"5449000011527","Spain"
"5449000028921","Spain"
"5449000054227","Spain"
"5449000058560","Spain"
"5449000131805","Spain"
"5449000131836","Spain"
"5449000131843","Spain"
"5449000133328","Spain"
"5449000133335","Spain"
"5449000133847","Spain"
"5449000164957","Spain"
"5449000169327","Spain"
"5449000214799","Spain"
"5449000214911","Spain"
"5449000223555","Spain"
"5449000267412","Spain"
"54491472","Spain"
"5600826202982","Spain"
"5900020036988","Spain"
"5900020043481","Spain"
"5900020045133","Spain"
"5900617012197","Spain"
"5900951311321","Spain"
"5900951311505","Spain"
"5900951313592","Spain"
"5999884034469","Spain"
"6111021090049","Spain"
"6111032002208","Spain"
"6111035002052","Spain"
"6111252860077","Spain"
"6410500090014","Spain"
"7300400118101","Spain"
"7300400118118","Spain"
"7300400481588","Spain"
"7300400481595","Spain"
"7310865099884","Spain"
"7311070019780","Spain"
"7394376615979","Spain"
"7394376616709","Spain"
"7394376621277","Spain"
"7394376665035","Spain"
"7613031473113","Spain"
"7613032921767","Spain"
"7613035268388","Spain"
"7613035619456","Spain"
"7613037397956","Spain"
"7614500010013","Spain"
"7622210100917","Spain"
"7622210103314","Spain"
"7622210103505","Spain"
"7622210103963","Spain"
"7622210204424","Spain"
"7622210396334","Spain"
"7622210449283","Spain"
"7622300315269","Spain"
"7622300441715","Spain"
"7622300441937","Spain"
"7622300719302","Spain"
"7622300744663","Spain"
"7622300784751","Spain"
"8000430132267","Spain"
"8000430135268","Spain"
"8000430137866","Spain"
"8000430138719","Spain"
"8000500023976","Spain"
"8000500082379","Spain"
"8000500110683","Spain"
"8000500179864","Spain"
"8000500267035","Spain"
"8000500269169","Spain"
"8000500310427","Spain"
"8000500359358","Spain"
"8000500359815","Spain"
"8001250120120","Spain"
"8001585001224","Spain"
"8002190020167","Spain"
"80042532","Spain"
"80050278","Spain"
"8005110551215","Spain"
"8005110630408","Spain"
"80052760","Spain"
"8008343279963","Spain"
"8008698005491","Spain"
"8008698005576","Spain"
"8008698007303","Spain"
"8008698028551","Spain"
"8010265640202","Spain"
"8013108000331","Spain"
"80135876","Spain"
"8015057003760","Spain"
"80176800","Spain"
"80177609","Spain"
"80177616","Spain"
"8020141800002","Spain"
"8023678161363","Spain"
"8023678423409","Spain"
"80310891","Spain"
"8032804430822","Spain"
"8034066307003","Spain"
"80761761","Spain"
"8076800195057","Spain"
"8076800376999","Spain"
"8076802085738","Spain"
"8076808150072","Spain"
"8076809504751","Spain"
"8076809513388","Spain"
"8076809513692","Spain"
"8076809513715","Spain"
"8076809513722","Spain"
"8076809522533","Spain"
"8076809529419","Spain"
"8076809529433","Spain"
"8076809572569","Spain"
"8076809572897","Spain"
"8076809573252","Spain"
"8076809576574","Spain"
"80809180","Spain"
"8402001007033","Spain"
"8402001008276","Spain"
"8402001009266","Spain"
"8402001009648","Spain"
"8402001010187","Spain"
"8402001010279","Spain"
"8402001010873","Spain"
"8402001011764","Spain"
"8402001012051","Spain"
"8402001012174","Spain"
"8402001012310","Spain"
"8402001013140","Spain"
"8402001013201","Spain"
"8402001013492","Spain"
"8402001014062","Spain"
"8402001014307","Spain"
"8402001014512","Spain"
"8402001014581","Spain"
"8402001015120","Spain"
"8402001015175","Spain"
"8402001015205","Spain"
"8402001017735","Spain"
"8402001019395","Spain"
"8402001019401","Spain"
"8402001019869","Spain"
"8402001019944","Spain"
"8402001021053","Spain"
"8402001021404","Spain"
"8402001021541","Spain"
"8402001022135","Spain"
"8402001025594","Spain"
"8402001032516","Spain"
"8402001038990","Spain"
"8402001039263","Spain"
"8410014468628","Spain"
"8410014477743","Spain"
"8410014486097","Spain"
"8410014926241","Spain"
"8410055150018","Spain"
"8410066112845","Spain"
"8410066131334","Spain"
"8410076470812","Spain"
"8410076472946","Spain"
"8410076472953","Spain"
"8410076481597","Spain"
"8410076481757","Spain"
"8410076600790","Spain"
"8410076601513","Spain"
"8410076801180","Spain"
"8410076801197","Spain"
"8410076801203","Spain"
"8410076901026","Spain"
"8410087414874","Spain"
"8410100020549","Spain"
"8410109109832","Spain"
"8410109115543","Spain"
"8410109121551","Spain"
"8410111000707","Spain"
"8410111211004","Spain"
"8410111211202","Spain"
"8410127050819","Spain"
"8410128000400","Spain"
"8410128276003","Spain"
"8410175068453","Spain"
"8410175068484","Spain"
"8410175081421","Spain"
"8410184040747","Spain"
"8410184040754","Spain"
"8410188012092","Spain"
"8410199271396","Spain"
"8410199790958","Spain"
"8410261641423","Spain"
"8410261643014","Spain"
"8410261657424","Spain"
"8410261775029","Spain"
"8410261775142","Spain"
"8410261775234","Spain"
"8410297012150","Spain"
"8410297132209","Spain"
"8410300349051","Spain"
"8410376002201","Spain"
"8410376009392","Spain"
"8410376009408","Spain"
"8410376009415","Spain"
"8410376010701","Spain"
"8410376013191","Spain"
"8410376016789","Spain"
"8410376017113","Spain"
"8410376017342","Spain"
"8410376023831","Spain"
"8410376024326","Spain"
"8410376026962","Spain"
"8410376026979","Spain"
"8410376029079","Spain"
"8410376033267","Spain"
"8410376036169","Spain"
"8410376037784","Spain"
"8410376037883","Spain"
"8410376042481","Spain"
"8410376042498","Spain"
"8410376042887","Spain"
"8410376047578","Spain"
"8410376050837","Spain"
"8410376051940","Spain"
"8410376052596","Spain"
"8410376055542","Spain"
"8410376057270","Spain"
"8410376059366","Spain"
"8410376059373","Spain"
"8410376059380","Spain"
"8410376059397","Spain"
"8410376061789","Spain"
"8410376064469","Spain"
"8410376074307","Spain"
"8410500023652","Spain"
"8410505320145","Spain"
"8410510050143","Spain"
"8410679234002","Spain"
"8410679234514","Spain"
"8410707000197","Spain"
"8410707000203","Spain"
"8410707000241","Spain"
"8410783344468","Spain"
"8410789140118","Spain"
"8410843144007","Spain"
"8411547001085","Spain"
"8411700011302","Spain"
"8411859551445","Spain"
"8411859552176","Spain"
"8412042502312","Spain"
"8412600028124","Spain"
"8412600028131","Spain"
"8412600029343","Spain"
"8412600038635","Spain"
"8413556010324","Spain"
"8421384009724","Spain"
"8421384012014","Spain"
"8421464001136","Spain"
"8422174010029","Spain"
"8423102210153","Spain"
"8423102210351","Spain"
"8423207201315","Spain"
"8423352100143","Spain"
"8423352106947","Spain"
"8423352861402","Spain"
"8424465915228","Spain"
"8424790111005","Spain"
"8424790117007","Spain"
"8425197712024","Spain"
"8428532121437","Spain"
"8428532230061","Spain"
"8428532230092","Spain"
"8434165443358","Spain"
"8434165466166","Spain"
"8434165466333","Spain"
"8434165483965","Spain"
"8435257045672","Spain"
"8436001258195","Spain"
"8436547770137","Spain"
"8437000906797","Spain"
"8437005669765","Spain"
"8437006994002","Spain"
"8437010848230","Spain"
"8437020396011","Spain"
"8445290157348","Spain"
"8445290728791","Spain"
"8480000038401","Spain"
"8480000038524","Spain"
"8480000040404","Spain"
"8480000041937","Spain"
"8480000047403","Spain"
"8480000053985","Spain"
"8480000054647","Spain"
"8480000057105","Spain"
"8480000086679","Spain"
"8480000087225","Spain"
"8480000092649","Spain"
"8480000093493","Spain"
"8480000093509","Spain"
"8480000093554","Spain"
"8480000093561","Spain"
"8480000093578","Spain"
"8480000093691","Spain"
"8480000093776","Spain"
"8480000094742","Spain"
"8480000094889","Spain"
"8480000094919","Spain"
"8480000094926","Spain"
"8480000095329","Spain"
"8480000095367","Spain"
"8480000095718","Spain"
"8480000101990","Spain"
"8480000106780","Spain"
"8480000125446","Spain"
"8480000125866","Spain"
"8480000135025","Spain"
"8480000136824","Spain"
"8480000137388","Spain"
"8480000138460","Spain"
"8480000138484","Spain"
"8480000140135","Spain"
"8480000140159","Spain"
"8480000141316","Spain"
"8480000141323","Spain"
"8480000141576","Spain"
"8480000141583","Spain"
"8480000142108","Spain"
"8480000142139","Spain"
"8480000142429","Spain"
"8480000144300","Spain"
"8480000146373","Spain"
"8480000154309","Spain"
"8480000154361","Spain"
"8480000156112","Spain"
"8480000156488","Spain"
"8480000156624","Spain"
"8480000156648","Spain"
"8480000158444","Spain"
"8480000160447","Spain"
"8480000168467","Spain"
"8480000168832","Spain"
"8480000171122","Spain"
"8480000171283","Spain"
"8480000171313","Spain"
"8480000171320","Spain"
"8480000171511","Spain"
"8480000171634","Spain"
"8480000173607","Spain"
"8480000180025","Spain"
"8480000180186","Spain"
"8480000180551","Spain"
"8480000198020","Spain"
"8480000200204","Spain"
"8480000201966","Spain"
"8480000202109","Spain"
"8480000202871","Spain"
"8480000205124","Spain"
"8480000205599","Spain"
"8480000205841","Spain"
"8480000207166","Spain"
"8480000207272","Spain"
"8480000209085","Spain"
"8480000209962","Spain"
"8480000210739","Spain"
"8480000211514","Spain"
"8480000212566","Spain"
"8480000213587","Spain"
"8480000223111","Spain"
"8480000223135","Spain"
"8480000223883","Spain"
"8480000226884","Spain"
"8480000228369","Spain"
"8480000229663","Spain"
"8480000232250","Spain"
"8480000232649","Spain"
"8480000233592","Spain"
"8480000233653","Spain"
"8480000234100","Spain"
"8480000235756","Spain"
"8480000235794","Spain"
"8480000237736","Spain"
"8480000239266","Spain"
"8480000260291","Spain"
"8480000293145","Spain"
"8480000336408","Spain"
"8480000340245","Spain"
"8480000340788","Spain"
"8480000341884","Spain"
"8480000348203","Spain"
"8480000348654","Spain"
"8480000390103","Spain"
"8480000390325","Spain"
"8480000399007","Spain"
"8480000505453","Spain"
"8480000505460","Spain"
"8480000510501","Spain"
"8480000510716","Spain"
"8480000511102","Spain"
"8480000511263","Spain"
"8480000511911","Spain"
"8480000511942","Spain"
"8480000511973","Spain"
"8480000512031","Spain"
"8480000512239","Spain"
"8480000512284","Spain"
"8480000524058","Spain"
"8480000551085","Spain"
"8480000566522","Spain"
"8480000566614","Spain"
"8480000592491","Spain"
"8480000592569","Spain"
"8480000602510","Spain"
"8480000607225","Spain"
"8480000609632","Spain"
"8480000674166","Spain"
"8480000674173","Spain"
"8480000679727","Spain"
"8480000805317","Spain"
"8480000808585","Spain"
"8480000808592","Spain"
"8480000808950","Spain"
"8480000809421","Spain"
"8480000822901","Spain"
"8480000822956","Spain"
"8480000823021","Spain"
"8480000823281","Spain"
"8480000823656","Spain"
"8480000828392","Spain"
"8480000828422","Spain"
"8480000835475","Spain"
"8480000837899","Spain"
"8480000838674","Spain"
"8480000838698","Spain"
"8480000838865","Spain"
"8480000860088","Spain"
"8480000860743","Spain"
"8480000861672","Spain"
"8480000861900","Spain"
"8480000862020","Spain"
"8480000862150","Spain"
"8480000864673","Spain"
"8480000864833","Spain"
"8480000865113","Spain"
"8480000867506","Spain"
"8480000867551","Spain"
"8480000867865","Spain"
"8480000868091","Spain"
"8710100126402","Spain"
"8710100127300","Spain"
"8710411045058","Spain"
"8710445020878","Spain"
"8710482532303","Spain"
"8710605030051","Spain"
"8710637105352","Spain"
"8710637105390","Spain"
"87108026","Spain"
"8710912029939","Spain"
"8711327370708","Spain"
"8711327373105","Spain"
"8713734033825","Spain"
"8715035110106","Spain"
"8715035110304","Spain"
"8715035110809","Spain"
"8715035130302","Spain"
"8715035210301","Spain"
"8715700016504","Spain"
"8715700017006","Spain"
"8715700112596","Spain"
"8715700407760","Spain"
"87157154","Spain"
"87157215","Spain"
"87157239","Spain"
"87157635","Spain"
"8719200230989","Spain"
"8719200265806","Spain"
"8719200265837","Spain"
"8853662056005","Spain"
"8853662056012","Spain"
"8901491100519","Spain"
"9002490100070","Spain"
"9002490205973","Spain"
"90162800","Spain"
"00110309","Sri Lanka"
"0099071001306","Sri Lanka"
"0792090004012","Sri Lanka"
"3254474011650","Sri Lanka"
"3330221218425","Sri Lanka"
"3350034030762","Sri Lanka"
"4099100033595","Sri Lanka"
"4549414622973","Sri Lanka"
"4790015420066","Sri Lanka"
"4790016590126","Sri Lanka"
"4791034003414","Sri Lanka"
"4791034003520","Sri Lanka"
"4791034005111","Sri Lanka"
"4791034042215","Sri Lanka"
"4791034070232","Sri Lanka"
"4791034071604","Sri Lanka"
"4791034073257","Sri Lanka"
"4791054010010","Sri Lanka"
"4791054016678","Sri Lanka"
"4791057214507","Sri Lanka"
"4791061116118","Sri Lanka"
"4791061116507","Sri Lanka"
"4791061117061","Sri Lanka"
"4791061117702","Sri Lanka"
"4791061500962","Sri Lanka"
"4791061501006","Sri Lanka"
"4791061731137","Sri Lanka"
"4791066000023","Sri Lanka"
"4791066001648","Sri Lanka"
"4791066001662","Sri Lanka"
"4791066002041","Sri Lanka"
"4791066100716","Sri Lanka"
"4791066100723","Sri Lanka"
"4791066100730","Sri Lanka"
"4791085081072","Sri Lanka"
"4791085291600","Sri Lanka"
"4791085293291","Sri Lanka"
"4792018233131","Sri Lanka"
"4792018244960","Sri Lanka"
"4792024014601","Sri Lanka"
"4792024016131","Sri Lanka"
"4792024019415","Sri Lanka"
"4792024021791","Sri Lanka"
"4792032060669","Sri Lanka"
"4792085000162","Sri Lanka"
"4792085000261","Sri Lanka"
"4792085000650","Sri Lanka"
"4792085001343","Sri Lanka"
"4792085001442","Sri Lanka"
"4792085002746","Sri Lanka"
"4792085018273","Sri Lanka"
"4792090000225","Sri Lanka"
"4792090000232","Sri Lanka"
"4792090000560","Sri Lanka"
"4792090100628","Sri Lanka"
"4792090120015","Sri Lanka"
"4792090120046","Sri Lanka"
"4792094003093","Sri Lanka"
"4792098054084","Sri Lanka"
"4792098084142","Sri Lanka"
"4792098088140","Sri Lanka"
"4792098182060","Sri Lanka"
"4792116211000","Sri Lanka"
"4792116212106","Sri Lanka"
"4792116608794","Sri Lanka"
"4792135020454","Sri Lanka"
"4792135030422","Sri Lanka"
"4792137740350","Sri Lanka"
"4792143016210","Sri Lanka"
"4792143043148","Sri Lanka"
"4792143084141","Sri Lanka"
"4792149011325","Sri Lanka"
"4792149170411","Sri Lanka"
"4792154280280","Sri Lanka"
"4792154745819","Sri Lanka"
"4792154806312","Sri Lanka"
"4792173000012","Sri Lanka"
"4792190120588","Sri Lanka"
"4792190121066","Sri Lanka"
"4792190133687","Sri Lanka"
"4792192050012","Sri Lanka"
"4792192427005","Sri Lanka"
"4792192429009","Sri Lanka"
"4792192472005","Sri Lanka"
"4792192526227","Sri Lanka"
"4792192661003","Sri Lanka"
"4792192665209","Sri Lanka"
"4792192684200","Sri Lanka"
"4792192845441","Sri Lanka"
"4792192847964","Sri Lanka"
"4792192847995","Sri Lanka"
"4792192851794","Sri Lanka"
"4792192852487","Sri Lanka"
"4792192852722","Sri Lanka"
"4792225000755","Sri Lanka"
"4792229039232","Sri Lanka"
"4792229042188","Sri Lanka"
"4792229206702","Sri Lanka"
"4792229646706","Sri Lanka"
"4792241000074","Sri Lanka"
"4792551010015","Sri Lanka"
"4792551010114","Sri Lanka"
"4792551010138","Sri Lanka"
"4792551020014","Sri Lanka"
"4792551020090","Sri Lanka"
"4793000072936","Sri Lanka"
"4793000786246","Sri Lanka"
"4793002058037","Sri Lanka"
"4793003157012","Sri Lanka"
"4793003157081","Sri Lanka"
"4793003157104","Sri Lanka"
"4793003157166","Sri Lanka"
"4794444011185","Sri Lanka"
"4796001410073","Sri Lanka"
"4796002070054","Sri Lanka"
"4796002070399","Sri Lanka"
"4796002090670","Sri Lanka"
"4796002102304","Sri Lanka"
"4796003691302","Sri Lanka"
"4796004100216","Sri Lanka"
"4796006940728","Sri Lanka"
"4796010611928","Sri Lanka"
"4796012480805","Sri Lanka"
"4796012480836","Sri Lanka"
"4796013470775","Sri Lanka"
"4796017480299","Sri Lanka"
"4796018230046","Sri Lanka"
"4796021060609","Sri Lanka"
"4796021060616","Sri Lanka"
"4796025000021","Sri Lanka"
"4796025410677","Sri Lanka"
"4796027480074","Sri Lanka"
"4796918130644","Sri Lanka"
"4797001025403","Sri Lanka"
"4797001029944","Sri Lanka"
"4797001029968","Sri Lanka"
"4797001133337","Sri Lanka"
"4797777004015","Sri Lanka"
"5056555211168","Sri Lanka"
"5060763890978","Sri Lanka"
"5701215942486","Sri Lanka"
"5711953052378","Sri Lanka"
"5901764787662","Sri Lanka"
"6084012090475","Sri Lanka"
"6291103030023","Sri Lanka"
"6294002405794","Sri Lanka"
"6973791065951","Sri Lanka"
"7310350115440","Sri Lanka"
"7340005403554","Sri Lanka"
"7613035358447","Sri Lanka"
"7622201149406","Sri Lanka"
"7891515594947","Sri Lanka"
"8682054507043","Sri Lanka"
"8850024105258","Sri Lanka"
"8887101021200","Sri Lanka"
"8888101080204","Sri Lanka"
"8888101132385","Sri Lanka"
"8888101271404","Sri Lanka"
"8888101287238","Sri Lanka"
"8888101430115","Sri Lanka"
"8888101430153","Sri Lanka"
"8888101611262","Sri Lanka"
"8888101613709","Sri Lanka"
"8901262010016","Sri Lanka"
"8904011316018","Sri Lanka"
"8904145911257","Sri Lanka"
"8906037697454","Sri Lanka"
"8906069401388","Sri Lanka"
"9000159745303","Sri Lanka"
"90376238","Sri Lanka"
"9312231001215","Sri Lanka"
"9312231222023","Sri Lanka"
"9510150000016","Sri Lanka"
"9555432400375","Sri Lanka"
"9556007000365","Sri Lanka"
"9799535110025","Sri Lanka"
"9999997596256","Sri Lanka"
"0013409341155","Sweden"
"0013409918104","Sweden"
"0024000124023","Sweden"
"0024463061095","Sweden"
"0034000442959","Sweden"
"0034000702329","Sweden"
"0037600160421","Sweden"
"0037600160490","Sweden"
"0038900012472","Sweden"
"0039047001138","Sweden"
"0041143024324","Sweden"
"00737373","Sweden"
"0078895710922","Sweden"
"0087666052802","Sweden"
"0087703023611","Sweden"
"0637793000902","Sweden"
"0723830000100","Sweden"
"0735257003077","Sweden"
"0737282363010","Sweden"
"0737282363072","Sweden"
"0737282363133","Sweden"
"0737282363195","Sweden"
"0850027702247","Sweden"
"1005243910009","Sweden"
"1200101497214","Sweden"
"13110707","Sweden"
"13400057","Sweden"
"1402016760005","Sweden"
"1404877870008","Sweden"
"1604805580003","Sweden"
"20001360","Sweden"
"20002183","Sweden"
"20002268","Sweden"
"20002589","Sweden"
"20003937","Sweden"
"20005931","Sweden"
"20008734","Sweden"
"20009847","Sweden"
"20010300","Sweden"
"20013165","Sweden"
"20014384","Sweden"
"20018931","Sweden"
"20036911","Sweden"
"20036935","Sweden"
"20036959","Sweden"
"20039882","Sweden"
"20044350","Sweden"
"20045197","Sweden"
"20047221","Sweden"
"20047238","Sweden"
"20054793","Sweden"
"20062293","Sweden"
"20064525","Sweden"
"20067816","Sweden"
"20072803","Sweden"
"20091958","Sweden"
"20097721","Sweden"
"20097738","Sweden"
"20102371","Sweden"
"20114992","Sweden"
"20122393","Sweden"
"20122577","Sweden"
"20131968","Sweden"
"20138387","Sweden"
"20146092","Sweden"
"20147525","Sweden"
"20147563","Sweden"
"20148706","Sweden"
"20158545","Sweden"
"20164041","Sweden"
"20166083","Sweden"
"20192716","Sweden"
"20243418","Sweden"
"20254155","Sweden"
"20258702","Sweden"
"20267605","Sweden"
"20272760","Sweden"
"20303037","Sweden"
"20443382","Sweden"
"20458546","Sweden"
"20492274","Sweden"
"20516284","Sweden"
"20531805","Sweden"
"20548834","Sweden"
"20613945","Sweden"
"20645892","Sweden"
"20646547","Sweden"
"20646882","Sweden"
"20654931","Sweden"
"20665944","Sweden"
"20677107","Sweden"
"20703431","Sweden"
"20753030","Sweden"
"20755263","Sweden"
"20757809","Sweden"
"20816285","Sweden"
"20828738","Sweden"
"20829735","Sweden"
"20831837","Sweden"
"20918507","Sweden"
"20919214","Sweden"
"20941833","Sweden"
"20942007","Sweden"
"20942243","Sweden"
"20946807","Sweden"
"20949150","Sweden"
"20991159","Sweden"
"20994945","Sweden"
"20995317","Sweden"
"20995324","Sweden"
"3036810100576","Sweden"
"3036810201280","Sweden"
"3046920011013","Sweden"
"3046920023047","Sweden"
"3046920028004","Sweden"
"3046920028752","Sweden"
"3046920029759","Sweden"
"3046920047302","Sweden"
"3073781124668","Sweden"
"3073781191080","Sweden"
"3083681127621","Sweden"
"3083681139709","Sweden"
"3083681139716","Sweden"
"3083681139723","Sweden"
"3088540255279","Sweden"
"3088542506256","Sweden"
"3088545004001","Sweden"
"3161910238710","Sweden"
"3228024180028","Sweden"
"3228024210138","Sweden"
"3254474019274","Sweden"
"3259011027958","Sweden"
"3270160840205","Sweden"
"3270160840212","Sweden"
"3270160840229","Sweden"
"3270160840236","Sweden"
"3270160840250","Sweden"
"3296651111937","Sweden"
"3388600000260","Sweden"
"3415581113921","Sweden"
"3415581176025","Sweden"
"3850104008443","Sweden"
"3850104047589","Sweden"
"4000177158210","Sweden"
"4000339697908","Sweden"
"4000417025005","Sweden"
"4000417108104","Sweden"
"4000417702005","Sweden"
"4000539671104","Sweden"
"4000607854606","Sweden"
"4001724010784","Sweden"
"4001724022398","Sweden"
"4001724038443","Sweden"
"4001724038504","Sweden"
"4001724039389","Sweden"
"4001724044451","Sweden"
"4001724047384","Sweden"
"4002971207309","Sweden"
"4002971303506","Sweden"
"4003084319385","Sweden"
"40052441","Sweden"
"4006040201601","Sweden"
"4009900483742","Sweden"
"4009900484220","Sweden"
"4011800563516","Sweden"
"4011800565510","Sweden"
"4011800568511","Sweden"
"4013265001053","Sweden"
"4014400400007","Sweden"
"4014400908688","Sweden"
"4014400910063","Sweden"
"4014400917956","Sweden"
"4014400935677","Sweden"
"4016241050304","Sweden"
"4016241050526","Sweden"
"4016241050533","Sweden"
"4016241050540","Sweden"
"4016241050557","Sweden"
"4056489067566","Sweden"
"4056489090137","Sweden"
"4056489098607","Sweden"
"4056489105169","Sweden"
"4056489109709","Sweden"
"4056489127277","Sweden"
"4056489127284","Sweden"
"4056489135524","Sweden"
"4056489135623","Sweden"
"4056489149507","Sweden"
"4056489156208","Sweden"
"4056489168096","Sweden"
"4056489194477","Sweden"
"4056489349167","Sweden"
"4056489356110","Sweden"
"4056489367628","Sweden"
"4056489406679","Sweden"
"4056489421559","Sweden"
"4056489423867","Sweden"
"4056489441304","Sweden"
"4056489482017","Sweden"
"4056489542537","Sweden"
"4056489639145","Sweden"
"4056489642398","Sweden"
"4056489654223","Sweden"
"4056489669494","Sweden"
"4056489680529","Sweden"
"4056489694120","Sweden"
"4056489719571","Sweden"
"4056489746973","Sweden"
"4056489770657","Sweden"
"4056489834267","Sweden"
"4056489989356","Sweden"
"4061461488109","Sweden"
"4061464647763","Sweden"
"40876665","Sweden"
"4335619104624","Sweden"
"4820200893365","Sweden"
"4823077609077","Sweden"
"5000111041065","Sweden"
"5000112637922","Sweden"
"5000112637939","Sweden"
"5000112667646","Sweden"
"5000157024671","Sweden"
"5000159335737","Sweden"
"5000159461122","Sweden"
"5000159484695","Sweden"
"5000159528481","Sweden"
"5000159532921","Sweden"
"5000159541336","Sweden"
"5000184321064","Sweden"
"5000189983281","Sweden"
"5000328029962","Sweden"
"5000396026993","Sweden"
"5000396030372","Sweden"
"5010134913935","Sweden"
"5010338011529","Sweden"
"5011476102957","Sweden"
"5012389671967","Sweden"
"5021554989172","Sweden"
"5021554989196","Sweden"
"5038862138161","Sweden"
"5050083122811","Sweden"
"5053990127726","Sweden"
"5053990127740","Sweden"
"5056784901502","Sweden"
"5056784907474","Sweden"
"5059319020730","Sweden"
"5059319025032","Sweden"
"5059320000011","Sweden"
"5059320000042","Sweden"
"5060108450508","Sweden"
"5060166694777","Sweden"
"5060335635716","Sweden"
"5060517883683","Sweden"
"5060517887858","Sweden"
"5060925293258","Sweden"
"5214000461135","Sweden"
"5310005010191","Sweden"
"5410041001204","Sweden"
"5410041472509","Sweden"
"5410126006360","Sweden"
"5410126116953","Sweden"
"5410126806090","Sweden"
"5410228102762","Sweden"
"5410228291879","Sweden"
"5411188100324","Sweden"
"5411188110675","Sweden"
"5411188110743","Sweden"
"5411188110835","Sweden"
"5411188110842","Sweden"
"5411188112549","Sweden"
"5411188112709","Sweden"
"5411188116592","Sweden"
"5411188116998","Sweden"
"5411188124191","Sweden"
"5411188130055","Sweden"
"5420024102019","Sweden"
"5449000000439","Sweden"
"5449000015594","Sweden"
"5449000052926","Sweden"
"5449000054227","Sweden"
"5449000131843","Sweden"
"5449000133335","Sweden"
"54490703","Sweden"
"5700419083360","Sweden"
"5701029160823","Sweden"
"5701038033224","Sweden"
"5701038033248","Sweden"
"5701259000661","Sweden"
"5701977062316","Sweden"
"5701977550974","Sweden"
"5705001432113","Sweden"
"5707381014033","Sweden"
"5709521034291","Sweden"
"5711953068881","Sweden"
"5711953081330","Sweden"
"5711953081354","Sweden"
"5711953153846","Sweden"
"5711953194054","Sweden"
"5711953194085","Sweden"
"5745000657384","Sweden"
"5900259029041","Sweden"
"5900617015716","Sweden"
"5900820005733","Sweden"
"5900820005764","Sweden"
"5900951311215","Sweden"
"5900951311505","Sweden"
"59032823","Sweden"
"5908230521522","Sweden"
"5997523312152","Sweden"
"5997523312176","Sweden"
"5997523328078","Sweden"
"6210241014276","Sweden"
"6408430102068","Sweden"
"6408432001680","Sweden"
"6408432001697","Sweden"
"6408432061233","Sweden"
"6408432086212","Sweden"
"6408432087851","Sweden"
"6408432087868","Sweden"
"6408432096105","Sweden"
"6408432201806","Sweden"
"6410500090014","Sweden"
"6411201014002","Sweden"
"6411401015090","Sweden"
"6416453015456","Sweden"
"6416453036413","Sweden"
"6420256012680","Sweden"
"6420256015568","Sweden"
"6437005070617","Sweden"
"6921804720304","Sweden"
"7035119999269","Sweden"
"7039010016322","Sweden"
"7039310001080","Sweden"
"7041111133440","Sweden"
"7041111135765","Sweden"
"7041111153981","Sweden"
"7071848006182","Sweden"
"7090046311683","Sweden"
"7090046311706","Sweden"
"7090046313625","Sweden"
"7090046314103","Sweden"
"7300156494122","Sweden"
"7300205753002","Sweden"
"7300206303008","Sweden"
"7300206718000","Sweden"
"7300400112734","Sweden"
"7300400114752","Sweden"
"7300400114813","Sweden"
"7300400115636","Sweden"
"7300400118101","Sweden"
"7300400118408","Sweden"
"7300400118415","Sweden"
"7300400122689","Sweden"
"7300400127363","Sweden"
"7300400128926","Sweden"
"7300400129459","Sweden"
"7300400130288","Sweden"
"7300400245005","Sweden"
"7300400481878","Sweden"
"7300400482165","Sweden"
"7300400482523","Sweden"
"7300400482547","Sweden"
"7300400482691","Sweden"
"7300400482752","Sweden"
"7300400482851","Sweden"
"7300400482912","Sweden"
"7300400483018","Sweden"
"7300400483025","Sweden"
"7300400483063","Sweden"
"7300400483070","Sweden"
"7300400483131","Sweden"
"7303035898646","Sweden"
"7310040027565","Sweden"
"7310040027770","Sweden"
"7310070001719","Sweden"
"7310070003126","Sweden"
"7310070004208","Sweden"
"7310070005250","Sweden"
"7310070124906","Sweden"
"7310070151209","Sweden"
"7310070382306","Sweden"
"7310090225249","Sweden"
"7310090367161","Sweden"
"7310106055815","Sweden"
"7310130003547","Sweden"
"7310130003899","Sweden"
"7310130004032","Sweden"
"7310130007187","Sweden"
"7310130010354","Sweden"
"7310130010750","Sweden"
"7310130011566","Sweden"
"7310130011627","Sweden"
"7310130013263","Sweden"
"7310130013324","Sweden"
"7310130013409","Sweden"
"7310130013416","Sweden"
"7310130013423","Sweden"
"7310130321122","Sweden"
"7310130321283","Sweden"
"7310130801709","Sweden"
"7310130801730","Sweden"
"7310240001761","Sweden"
"7310240001785","Sweden"
"7310240002065","Sweden"
"7310240038002","Sweden"
"7310240060010","Sweden"
"7310240060058","Sweden"
"7310240060072","Sweden"
"7310240060157","Sweden"
"7310240060423","Sweden"
"7310240060638","Sweden"
"7310240060669","Sweden"
"7310240064377","Sweden"
"7310240071870","Sweden"
"7310240073850","Sweden"
"7310240120127","Sweden"
"7310240121117","Sweden"
"7310240407921","Sweden"
"7310340002279","Sweden"
"7310340464428","Sweden"
"7310340464435","Sweden"
"7310350109906","Sweden"
"7310350118342","Sweden"
"7310350119790","Sweden"
"7310350121243","Sweden"
"7310350121250","Sweden"
"7310401000374","Sweden"
"7310401034584","Sweden"
"7310401043043","Sweden"
"7310401054070","Sweden"
"7310470063096","Sweden"
"73104711","Sweden"
"7310500027838","Sweden"
"7310511257507","Sweden"
"7310520005991","Sweden"
"7310520007506","Sweden"
"7310520009326","Sweden"
"7310521050204","Sweden"
"7310521053106","Sweden"
"7310521080300","Sweden"
"7310523332018","Sweden"
"7310532103623","Sweden"
"7310532106495","Sweden"
"7310532106532","Sweden"
"7310532113950","Sweden"
"7310532150764","Sweden"
"7310532151235","Sweden"
"7310700443698","Sweden"
"7310860005941","Sweden"
"7310865000194","Sweden"
"7310865000361","Sweden"
"7310865001818","Sweden"
"7310865001825","Sweden"
"7310865005168","Sweden"
"7310865008060","Sweden"
"7310865008084","Sweden"
"7310865051998","Sweden"
"7310865062024","Sweden"
"7310865071705","Sweden"
"7310865071804","Sweden"
"7310865074522","Sweden"
"7310865075192","Sweden"
"7310865078353","Sweden"
"7310865085733","Sweden"
"7310865087935","Sweden"
"7310865088505","Sweden"
"7310865088512","Sweden"
"7310865093363","Sweden"
"7310865095466","Sweden"
"7310865097019","Sweden"
"7310865097248","Sweden"
"7310865099839","Sweden"
"7310865561121","Sweden"
"7310865866356","Sweden"
"7310865866394","Sweden"
"7310865866424","Sweden"
"7310865866554","Sweden"
"7310865866608","Sweden"
"7310865890078","Sweden"
"7310867104494","Sweden"
"7310867561020","Sweden"
"7310890100685","Sweden"
"7310941801301","Sweden"
"7310960039839","Sweden"
"7310960039891","Sweden"
"7310960044130","Sweden"
"7310960713654","Sweden"
"7311041015292","Sweden"
"7311041062746","Sweden"
"7311043000685","Sweden"
"7311043002436","Sweden"
"7311043005727","Sweden"
"7311043008827","Sweden"
"7311043011391","Sweden"
"7311043014842","Sweden"
"7311070001952","Sweden"
"7311070003567","Sweden"
"7311070004106","Sweden"
"7311070006209","Sweden"
"7311070006230","Sweden"
"7311070006278","Sweden"
"7311070006339","Sweden"
"7311070008159","Sweden"
"7311070008432","Sweden"
"7311070008463","Sweden"
"7311070008494","Sweden"
"7311070008609","Sweden"
"7311070008708","Sweden"
"7311070032161","Sweden"
"7311070330090","Sweden"
"7311070330243","Sweden"
"7311070330328","Sweden"
"7311070336160","Sweden"
"7311070337297","Sweden"
"7311070338188","Sweden"
"7311070347005","Sweden"
"7311071330525","Sweden"
"7311073456780","Sweden"
"7311171008386","Sweden"
"7311171008393","Sweden"
"7311310031015","Sweden"
"7311310034405","Sweden"
"7311310034603","Sweden"
"7311310038342","Sweden"
"7311311020599","Sweden"
"7311311021121","Sweden"
"7311311021169","Sweden"
"7311311024641","Sweden"
"7311311024672","Sweden"
"7311311024689","Sweden"
"7311312000873","Sweden"
"7311312002112","Sweden"
"7311312005458","Sweden"
"7311312007100","Sweden"
"7311312007117","Sweden"
"7311312007384","Sweden"
"7311312007629","Sweden"
"7311312008077","Sweden"
"7311312008091","Sweden"
"7311312008107","Sweden"
"7311312008183","Sweden"
"7311312008251","Sweden"
"7311379536292","Sweden"
"7311440052157","Sweden"
"7311440056377","Sweden"
"7311440056605","Sweden"
"7311442161604","Sweden"
"7311631523121","Sweden"
"7311631524128","Sweden"
"7311631575007","Sweden"
"7311800009357","Sweden"
"7311800009531","Sweden"
"7311800009586","Sweden"
"7311800009784","Sweden"
"7311800009838","Sweden"
"7311800640109","Sweden"
"7311870010888","Sweden"
"7311870010918","Sweden"
"7311870010932","Sweden"
"7311870010956","Sweden"
"7311870010963","Sweden"
"7311870010970","Sweden"
"7311870010987","Sweden"
"7311870011076","Sweden"
"7311870011083","Sweden"
"7311870593800","Sweden"
"7311870652187","Sweden"
"7311870652194","Sweden"
"7312080004018","Sweden"
"7312080004025","Sweden"
"7312080004230","Sweden"
"7312080004278","Sweden"
"7312161040911","Sweden"
"7312200010110","Sweden"
"7312200016945","Sweden"
"7312200040797","Sweden"
"7312200040803","Sweden"
"7312220000054","Sweden"
"7312220096019","Sweden"
"7312220125641","Sweden"
"7312560031008","Sweden"
"7312560057404","Sweden"
"7312690021405","Sweden"
"7312787710144","Sweden"
"7312787710182","Sweden"
"7313160004744","Sweden"
"7313161311360","Sweden"
"7313619001539","Sweden"
"73143611","Sweden"
"7314710603325","Sweden"
"7314871963009","Sweden"
"7314871968004","Sweden"
"7314871981003","Sweden"
"7314871992009","Sweden"
"7314871998001","Sweden"
"7314873553000","Sweden"
"7314873556001","Sweden"
"7314874087009","Sweden"
"7315061730005","Sweden"
"7315062155609","Sweden"
"7315120005464","Sweden"
"7315120008342","Sweden"
"7315120016316","Sweden"
"7315120020672","Sweden"
"7315120021068","Sweden"
"7315720621026","Sweden"
"7315720721023","Sweden"
"7317731501205","Sweden"
"7318690001119","Sweden"
"7318690020462","Sweden"
"7318690028222","Sweden"
"7318690029632","Sweden"
"7318690029700","Sweden"
"7318690029885","Sweden"
"7318690033141","Sweden"
"7318690034308","Sweden"
"7318690035121","Sweden"
"7318690036074","Sweden"
"7318690041023","Sweden"
"7318690050902","Sweden"
"7318690050919","Sweden"
"7318690050926","Sweden"
"7318690053590","Sweden"
"7318690056577","Sweden"
"7318690058274","Sweden"
"7318690076285","Sweden"
"7318690077602","Sweden"
"7318690094739","Sweden"
"7318690108726","Sweden"
"7318690113553","Sweden"
"7318690114963","Sweden"
"7318690129905","Sweden"
"7318690134305","Sweden"
"7318690136149","Sweden"
"7318690136156","Sweden"
"7318690144380","Sweden"
"7318690150916","Sweden"
"7318690164708","Sweden"
"7318690173830","Sweden"
"7318690178989","Sweden"
"7318690182450","Sweden"
"7318690183884","Sweden"
"7318690184911","Sweden"
"7318690185277","Sweden"
"7318690185727","Sweden"
"7318690495727","Sweden"
"7318690497356","Sweden"
"7318690497363","Sweden"
"7318690499534","Sweden"
"7318690499541","Sweden"
"7318690501763","Sweden"
"7318690514602","Sweden"
"7318690515661","Sweden"
"7318690522768","Sweden"
"7322550052722","Sweden"
"7331040059219","Sweden"
"7331217012993","Sweden"
"7331974102500","Sweden"
"7332040170546","Sweden"
"7332040302114","Sweden"
"7332040323119","Sweden"
"7340001800203","Sweden"
"7340001800470","Sweden"
"7340001800494","Sweden"
"7340001800708","Sweden"
"7340001800715","Sweden"
"7340001800906","Sweden"
"7340001804447","Sweden"
"7340001804522","Sweden"
"7340001804546","Sweden"
"7340001804676","Sweden"
"7340001804751","Sweden"
"7340001804812","Sweden"
"7340001804904","Sweden"
"7340001804942","Sweden"
"7340001805116","Sweden"
"7340001805253","Sweden"
"7340001805383","Sweden"
"7340001805390","Sweden"
"7340001806670","Sweden"
"7340005403226","Sweden"
"7340005403332","Sweden"
"7340005403455","Sweden"
"7340005403523","Sweden"
"7340005405244","Sweden"
"7340011300755","Sweden"
"7340011340188","Sweden"
"7340011342434","Sweden"
"7340011350798","Sweden"
"7340011364306","Sweden"
"7340011404811","Sweden"
"7340011428602","Sweden"
"7340011446873","Sweden"
"7340011448310","Sweden"
"7340011473039","Sweden"
"7340011473046","Sweden"
"7340043070473","Sweden"
"7340083435539","Sweden"
"7340083439148","Sweden"
"7340083439483","Sweden"
"7340083439490","Sweden"
"7340083442605","Sweden"
"7340083442612","Sweden"
"7340083443886","Sweden"
"7340083443893","Sweden"
"7340083444715","Sweden"
"7340083444814","Sweden"
"7340083447235","Sweden"
"7340083447860","Sweden"
"7340083455377","Sweden"
"7340083456619","Sweden"
"7340083457609","Sweden"
"7340083469602","Sweden"
"7340083470790","Sweden"
"7340083474187","Sweden"
"7340083474194","Sweden"
"7340083477089","Sweden"
"7340083480126","Sweden"
"7340083491948","Sweden"
"7340083495007","Sweden"
"7340083496073","Sweden"
"7340083496301","Sweden"
"7340083498923","Sweden"
"7340116870009","Sweden"
"7340116870207","Sweden"
"7340150800819","Sweden"
"7340154813648","Sweden"
"7340191124318","Sweden"
"7340191124394","Sweden"
"7340191134782","Sweden"
"7340191144620","Sweden"
"7340191144651","Sweden"
"7340191149304","Sweden"
"7340191150362","Sweden"
"7340191150775","Sweden"
"7340191151468","Sweden"
"7340191158573","Sweden"
"7340191158757","Sweden"
"7340191159440","Sweden"
"7340191165335","Sweden"
"7340222800235","Sweden"
"7350000153477","Sweden"
"7350000158281","Sweden"
"7350000550573","Sweden"
"7350002400227","Sweden"
"7350002400333","Sweden"
"7350002400340","Sweden"
"7350020720017","Sweden"
"7350020729539","Sweden"
"7350021421425","Sweden"
"7350021425607","Sweden"
"7350021426178","Sweden"
"7350022561700","Sweden"
"7350028543762","Sweden"
"7350028545094","Sweden"
"7350028546411","Sweden"
"7350035210107","Sweden"
"7350035210169","Sweden"
"7350040162651","Sweden"
"7350042710003","Sweden"
"7350042710508","Sweden"
"7350042710904","Sweden"
"7350042718993","Sweden"
"7350042719716","Sweden"
"7350045591050","Sweden"
"7350049159683","Sweden"
"7350054795104","Sweden"
"7350054795623","Sweden"
"7350054795630","Sweden"
"7350054795814","Sweden"
"7350054797320","Sweden"
"7350054797405","Sweden"
"7350054797436","Sweden"
"7350054797443","Sweden"
"7350054797474","Sweden"
"7350056793016","Sweden"
"7350056793023","Sweden"
"7350068291111","Sweden"
"7350068291210","Sweden"
"7350068291241","Sweden"
"7350068294082","Sweden"
"7350068295232","Sweden"
"7350068295249","Sweden"
"7350068295577","Sweden"
"7350090451453","Sweden"
"7350098476625","Sweden"
"7350099111112","Sweden"
"7350099111136","Sweden"
"7350104401108","Sweden"
"7350104403003","Sweden"
"7350104403010","Sweden"
"7350104403041","Sweden"
"7350113940001","Sweden"
"7350126084174","Sweden"
"7350126086451","Sweden"
"7350126088011","Sweden"
"7350126089308","Sweden"
"7350144105202","Sweden"
"73513513","Sweden"
"7391737003000","Sweden"
"7391835920322","Sweden"
"7391835923309","Sweden"
"7392659002416","Sweden"
"7392659002423","Sweden"
"7392672001076","Sweden"
"7392672001403","Sweden"
"7392672001410","Sweden"
"7392672002448","Sweden"
"7392672003780","Sweden"
"7392672004459","Sweden"
"7392672104050","Sweden"
"7392672104104","Sweden"
"7393145093178","Sweden"
"7393145093604","Sweden"
"7393714507020","Sweden"
"7394376044335","Sweden"
"7394376615719","Sweden"
"7394376615740","Sweden"
"7394376616037","Sweden"
"7394376616105","Sweden"
"7394376616723","Sweden"
"7394376618048","Sweden"
"7394376618963","Sweden"
"7394376619915","Sweden"
"7394376620300","Sweden"
"7394376620690","Sweden"
"7394376620904","Sweden"
"7394376621680","Sweden"
"7394376665066","Sweden"
"7610313412143","Sweden"
"7611612150736","Sweden"
"7611612221351","Sweden"
"7613032222109","Sweden"
"7613038315706","Sweden"
"7614500010013","Sweden"
"76145513","Sweden"
"7617400036381","Sweden"
"7622201727390","Sweden"
"7622201727543","Sweden"
"7622201733681","Sweden"
"7622202251696","Sweden"
"7622210137258","Sweden"
"7622210477439","Sweden"
"7622210578464","Sweden"
"7622210664181","Sweden"
"7622210690883","Sweden"
"7622300247942","Sweden"
"7622300336738","Sweden"
"7622300489434","Sweden"
"7622300571351","Sweden"
"7622300589882","Sweden"
"7622400969034","Sweden"
"8000139007095","Sweden"
"8000430386516","Sweden"
"8000500082379","Sweden"
"8000500269169","Sweden"
"8001665700016","Sweden"
"8001860187735","Sweden"
"8002270626883","Sweden"
"8002270826887","Sweden"
"8002670003901","Sweden"
"8002670004205","Sweden"
"8002670008890","Sweden"
"8002670009330","Sweden"
"8004030069008","Sweden"
"80050094","Sweden"
"8005110170348","Sweden"
"8005110551215","Sweden"
"8005840104088","Sweden"
"8006040257321","Sweden"
"8008440214065","Sweden"
"8008698007303","Sweden"
"8055404680015","Sweden"
"8076800105988","Sweden"
"8076800195019","Sweden"
"8076800195057","Sweden"
"8076804215058","Sweden"
"8076808060654","Sweden"
"8076809513388","Sweden"
"8076809513753","Sweden"
"8076809523738","Sweden"
"8076809545440","Sweden"
"8410076473998","Sweden"
"8410076481597","Sweden"
"8410793376138","Sweden"
"8412700111306","Sweden"
"8436006831126","Sweden"
"8600114000211","Sweden"
"8601900503411","Sweden"
"8606108584187","Sweden"
"8690635190355","Sweden"
"8691216044609","Sweden"
"8710398165077","Sweden"
"8710398603319","Sweden"
"8710400165422","Sweden"
"87111606","Sweden"
"8711200372249","Sweden"
"8711327370708","Sweden"
"8711327371002","Sweden"
"8711327374126","Sweden"
"8711327374171","Sweden"
"8711327374324","Sweden"
"8711327374515","Sweden"
"8711327386334","Sweden"
"8711327626386","Sweden"
"8711327663640","Sweden"
"8711327666481","Sweden"
"8712100816017","Sweden"
"8714100751527","Sweden"
"8714100783498","Sweden"
"8715035110809","Sweden"
"8715700015026","Sweden"
"8715700016504","Sweden"
"8715700423944","Sweden"
"87157239","Sweden"
"87157604","Sweden"
"8715800002315","Sweden"
"8717624007699","Sweden"
"8717677336654","Sweden"
"8718114782591","Sweden"
"8719200006355","Sweden"
"8719200007772","Sweden"
"8719200052543","Sweden"
"8719200246942","Sweden"
"8719200257375","Sweden"
"8719200257900","Sweden"
"8719200295957","Sweden"
"8801052435015","Sweden"
"8853662056661","Sweden"
"8855702001815","Sweden"
"9002490215408","Sweden"
"9002859117206","Sweden"
"9006900011529","Sweden"
"90433641","Sweden"
"9100000152462","Sweden"
"9345544005328","Sweden"
"9555022306698","Sweden"
"0022314010100","Switzerland"
"0037600106412","Switzerland"
"0046000815213","Switzerland"
"06175700","Switzerland"
"0769503575445","Switzerland"
"0898999000022","Switzerland"
"10082584","Switzerland"
"10614594","Switzerland"
"1103086260005","Switzerland"
"11044204","Switzerland"
"12131900","Switzerland"
"1230000068000","Switzerland"
"13297703","Switzerland"
"13356194","Switzerland"
"16256163","Switzerland"
"16811207","Switzerland"
"20002268","Switzerland"
"20003555","Switzerland"
"20003937","Switzerland"
"20004132","Switzerland"
"20004279","Switzerland"
"20005832","Switzerland"
"20019907","Switzerland"
"20023218","Switzerland"
"20036126","Switzerland"
"20037154","Switzerland"
"20047238","Switzerland"
"20052713","Switzerland"
"20087487","Switzerland"
"20103644","Switzerland"
"20155087","Switzerland"
"20159917","Switzerland"
"20163402","Switzerland"
"20164041","Switzerland"
"20170196","Switzerland"
"20171841","Switzerland"
"20173074","Switzerland"
"20177201","Switzerland"
"20198107","Switzerland"
"20198114","Switzerland"
"20201838","Switzerland"
"20245900","Switzerland"
"20267605","Switzerland"
"20276515","Switzerland"
"20283360","Switzerland"
"20425555","Switzerland"
"20443375","Switzerland"
"20468583","Switzerland"
"20492632","Switzerland"
"20511371","Switzerland"
"20521493","Switzerland"
"20559625","Switzerland"
"20621445","Switzerland"
"20645342","Switzerland"
"20724696","Switzerland"
"20763886","Switzerland"
"20775018","Switzerland"
"20815356","Switzerland"
"20815394","Switzerland"
"20856090","Switzerland"
"20884697","Switzerland"
"20917609","Switzerland"
"20920210","Switzerland"
"20995553","Switzerland"
"26006024","Switzerland"
"30000117","Switzerland"
"3011360000767","Switzerland"
"3014680009175","Switzerland"
"3017620421006","Switzerland"
"3017620425035","Switzerland"
"3017760000062","Switzerland"
"3017760000406","Switzerland"
"3017760002707","Switzerland"
"3017760038409","Switzerland"
"3017760221580","Switzerland"
"3017760307499","Switzerland"
"3017760404396","Switzerland"
"3017760472890","Switzerland"
"3017760542890","Switzerland"
"3017760851466","Switzerland"
"3017760857062","Switzerland"
"3019081239237","Switzerland"
"3019081241193","Switzerland"
"3019089043584","Switzerland"
"3021690201123","Switzerland"
"3021760400012","Switzerland"
"3021760403792","Switzerland"
"3021760403808","Switzerland"
"3021769505602","Switzerland"
"3021769505619","Switzerland"
"3023260027751","Switzerland"
"3023260030928","Switzerland"
"3023290007310","Switzerland"
"3023290009055","Switzerland"
"3023290030356","Switzerland"
"3023290634578","Switzerland"
"3023291122005","Switzerland"
"3023470001015","Switzerland"
"3023470010017","Switzerland"
"3024720022422","Switzerland"
"3024720027724","Switzerland"
"3029330011040","Switzerland"
"3029330022428","Switzerland"
"3033490004743","Switzerland"
"3033491270864","Switzerland"
"3033710074525","Switzerland"
"3033710084005","Switzerland"
"3033710084913","Switzerland"
"3035626803558","Switzerland"
"3036810350278","Switzerland"
"3036811358846","Switzerland"
"3036811363147","Switzerland"
"3038350015006","Switzerland"
"3038352876506","Switzerland"
"3038352880305","Switzerland"
"3038354199603","Switzerland"
"3038359005053","Switzerland"
"3039824100358","Switzerland"
"3041090061646","Switzerland"
"3041090061684","Switzerland"
"3041090063206","Switzerland"
"3045140118502","Switzerland"
"3045320001570","Switzerland"
"3045320008920","Switzerland"
"3045320009293","Switzerland"
"3045320027280","Switzerland"
"3045320057294","Switzerland"
"3045320074895","Switzerland"
"3045320076127","Switzerland"
"3045320083439","Switzerland"
"3045320083453","Switzerland"
"3045320094008","Switzerland"
"3045320104127","Switzerland"
"3045320104165","Switzerland"
"3045320104172","Switzerland"
"3045320104530","Switzerland"
"3045320517071","Switzerland"
"3046920010047","Switzerland"
"3046920010856","Switzerland"
"3046920017541","Switzerland"
"3046920022606","Switzerland"
"3046920022651","Switzerland"
"3046920027885","Switzerland"
"3046920028004","Switzerland"
"3046920028363","Switzerland"
"3046920028370","Switzerland"
"3046920028721","Switzerland"
"3046920029674","Switzerland"
"3046920029759","Switzerland"
"3046920084000","Switzerland"
"3048282322646","Switzerland"
"3057640257773","Switzerland"
"3057640379048","Switzerland"
"3057640385148","Switzerland"
"3057640431098","Switzerland"
"3057640458828","Switzerland"
"3061990141101","Switzerland"
"3061990141118","Switzerland"
"3061990143365","Switzerland"
"3068111301246","Switzerland"
"3068320080000","Switzerland"
"3068320110097","Switzerland"
"3068320120256","Switzerland"
"3073780968997","Switzerland"
"3073780969000","Switzerland"
"3073781131888","Switzerland"
"3073781131963","Switzerland"
"3076820002064","Switzerland"
"3080216048543","Switzerland"
"3080216049632","Switzerland"
"3083680025881","Switzerland"
"3083680085335","Switzerland"
"3083680482035","Switzerland"
"3083680901024","Switzerland"
"3083680996136","Switzerland"
"3083681017779","Switzerland"
"3083681094923","Switzerland"
"3083681139709","Switzerland"
"3083681139716","Switzerland"
"3083681139723","Switzerland"
"3083681163155","Switzerland"
"3088540004440","Switzerland"
"3088542500285","Switzerland"
"3088543506255","Switzerland"
"3088545004001","Switzerland"
"3088866541056","Switzerland"
"3095751394017","Switzerland"
"3095753235011","Switzerland"
"3103220009635","Switzerland"
"3103220033838","Switzerland"
"3103220035214","Switzerland"
"3103220044544","Switzerland"
"3103220064986","Switzerland"
"3109850018511","Switzerland"
"3111900330009","Switzerland"
"3111900350687","Switzerland"
"3119783007483","Switzerland"
"3123930650026","Switzerland"
"3124480001429","Switzerland"
"3124480100016","Switzerland"
"3124480167057","Switzerland"
"3124480186560","Switzerland"
"3124480191182","Switzerland"
"3124480235558","Switzerland"
"3155250001523","Switzerland"
"3155250349793","Switzerland"
"3155250358788","Switzerland"
"3155250366974","Switzerland"
"3155251205296","Switzerland"
"3155251205388","Switzerland"
"3155251205500","Switzerland"
"3155251205524","Switzerland"
"3159470000120","Switzerland"
"3159470001424","Switzerland"
"3159470005071","Switzerland"
"3159470204412","Switzerland"
"3161710000128","Switzerland"
"3161711001971","Switzerland"
"3165440002919","Switzerland"
"3165440006702","Switzerland"
"3165440008621","Switzerland"
"3165950049015","Switzerland"
"3165950108019","Switzerland"
"3165950110012","Switzerland"
"3165950221961","Switzerland"
"3165957222015","Switzerland"
"3165957813015","Switzerland"
"3165958350014","Switzerland"
"3166353931402","Switzerland"
"3168930003632","Switzerland"
"3168930009078","Switzerland"
"3168930009795","Switzerland"
"3168930010265","Switzerland"
"3168930010906","Switzerland"
"3168930168133","Switzerland"
"3174660024991","Switzerland"
"3174660032316","Switzerland"
"3174660084513","Switzerland"
"3174780000363","Switzerland"
"3175680011480","Switzerland"
"3175680011534","Switzerland"
"3175681016590","Switzerland"
"3175681026766","Switzerland"
"3175681037885","Switzerland"
"3175681060494","Switzerland"
"3175681060524","Switzerland"
"3175681060586","Switzerland"
"3175681066632","Switzerland"
"3175681085428","Switzerland"
"3175681103849","Switzerland"
"3175681105423","Switzerland"
"3175681134904","Switzerland"
"3175681134935","Switzerland"
"3175681187962","Switzerland"
"3175681188389","Switzerland"
"3175681209282","Switzerland"
"3175681771772","Switzerland"
"3175681845961","Switzerland"
"3175681851849","Switzerland"
"3175681851856","Switzerland"
"3175681851863","Switzerland"
"3175681854468","Switzerland"
"3175681854482","Switzerland"
"3178050000725","Switzerland"
"3178050000749","Switzerland"
"3178530402728","Switzerland"
"3178530402988","Switzerland"
"3178530402995","Switzerland"
"3178530405781","Switzerland"
"3178530407396","Switzerland"
"3178530408515","Switzerland"
"3178530410105","Switzerland"
"3178530410143","Switzerland"
"3178530411492","Switzerland"
"3178530412901","Switzerland"
"3179730121884","Switzerland"
"3181232138451","Switzerland"
"3182180060320","Switzerland"
"3183280000728","Switzerland"
"3183280001800","Switzerland"
"3184030001194","Switzerland"
"3184670001141","Switzerland"
"3184670006627","Switzerland"
"3187670002347","Switzerland"
"3222110003925","Switzerland"
"3222110009958","Switzerland"
"3222110024029","Switzerland"
"3223920700127","Switzerland"
"3227061000023","Switzerland"
"3228020190427","Switzerland"
"3228020215090","Switzerland"
"3228857000166","Switzerland"
"3228857000852","Switzerland"
"3228857000869","Switzerland"
"3228857000883","Switzerland"
"3228857000913","Switzerland"
"3228886043714","Switzerland"
"3229820019192","Switzerland"
"3229820019307","Switzerland"
"3229820021003","Switzerland"
"3229820021027","Switzerland"
"3229820027005","Switzerland"
"3229820100234","Switzerland"
"3229820129488","Switzerland"
"3229820134642","Switzerland"
"3229820160672","Switzerland"
"3229820167398","Switzerland"
"3229820181899","Switzerland"
"3229820181950","Switzerland"
"3229820762692","Switzerland"
"3229820769165","Switzerland"
"3229820780955","Switzerland"
"3229820782560","Switzerland"
"3229820786599","Switzerland"
"3229820786605","Switzerland"
"3229820787008","Switzerland"
"3229820787015","Switzerland"
"3229820791074","Switzerland"
"3229820791081","Switzerland"
"3229820792132","Switzerland"
"3229820792934","Switzerland"
"3229820793665","Switzerland"
"3229820794112","Switzerland"
"3229820794549","Switzerland"
"3229820794624","Switzerland"
"3229820798110","Switzerland"
"3229820801087","Switzerland"
"3230890016752","Switzerland"
"3242272346050","Switzerland"
"3245412511561","Switzerland"
"3245414228948","Switzerland"
"3248830000150","Switzerland"
"3248830000587","Switzerland"
"3248832960025","Switzerland"
"3248832967611","Switzerland"
"3250390004639","Switzerland"
"3250390204930","Switzerland"
"3250390892069","Switzerland"
"3250391587285","Switzerland"
"3250391737284","Switzerland"
"3250392265052","Switzerland"
"3250392712525","Switzerland"
"3250393072659","Switzerland"
"3250546610271","Switzerland"
"3251490307002","Switzerland"
"3251490320001","Switzerland"
"3251490332080","Switzerland"
"3251490432650","Switzerland"
"3251491787810","Switzerland"
"3252378001319","Switzerland"
"3252755250002","Switzerland"
"3252971460117","Switzerland"
"3254381016922","Switzerland"
"3256540000698","Switzerland"
"3256540000704","Switzerland"
"3256540001756","Switzerland"
"3259421340012","Switzerland"
"3261055420503","Switzerland"
"3263670115819","Switzerland"
"3263670297812","Switzerland"
"3265474000018","Switzerland"
"3265474573000","Switzerland"
"3265478446003","Switzerland"
"3266980033613","Switzerland"
"3268840001008","Switzerland"
"3270160598373","Switzerland"
"3270160717323","Switzerland"
"3270160812936","Switzerland"
"3270190021179","Switzerland"
"3270190025337","Switzerland"
"3270190205685","Switzerland"
"3272320012507","Switzerland"
"3272770004725","Switzerland"
"3272770004817","Switzerland"
"3272770015516","Switzerland"
"3272770093583","Switzerland"
"3272770094412","Switzerland"
"3272770097642","Switzerland"
"3272770098090","Switzerland"
"3273220080108","Switzerland"
"3273220080207","Switzerland"
"3273220080306","Switzerland"
"3273220081068","Switzerland"
"3273220083000","Switzerland"
"3273220083260","Switzerland"
"3273220183281","Switzerland"
"3274080005003","Switzerland"
"3279231500000","Switzerland"
"3281780064209","Switzerland"
"3288131500201","Switzerland"
"3292070001576","Switzerland"
"3292070005161","Switzerland"
"3292070006571","Switzerland"
"3292070007905","Switzerland"
"3302740046926","Switzerland"
"3302740075025","Switzerland"
"3302740087059","Switzerland"
"3302740087103","Switzerland"
"3302740484100","Switzerland"
"3302741859105","Switzerland"
"3322680009966","Switzerland"
"3327272107259","Switzerland"
"3329757002998","Switzerland"
"3329770048706","Switzerland"
"3329770051072","Switzerland"
"3329770057234","Switzerland"
"3329770060142","Switzerland"
"3336971209164","Switzerland"
"3336971307020","Switzerland"
"3356531160001","Switzerland"
"3366321051686","Switzerland"
"3366321051983","Switzerland"
"3366321054229","Switzerland"
"3380380023521","Switzerland"
"3380380037382","Switzerland"
"3380380047749","Switzerland"
"3380380068539","Switzerland"
"3380380072437","Switzerland"
"3380380077302","Switzerland"
"3387390123210","Switzerland"
"3387390326468","Switzerland"
"3387390326574","Switzerland"
"3387390331974","Switzerland"
"3387390339499","Switzerland"
"3390390000092","Switzerland"
"3390390000115","Switzerland"
"3390390000122","Switzerland"
"3390390000153","Switzerland"
"3392460480827","Switzerland"
"3392460481114","Switzerland"
"3392460481671","Switzerland"
"3412290015980","Switzerland"
"3412290015997","Switzerland"
"3421557501630","Switzerland"
"3422210436245","Switzerland"
"3422440006454","Switzerland"
"3428272950057","Switzerland"
"3428273980046","Switzerland"
"3431410001023","Switzerland"
"3431410131003","Switzerland"
"3451790011245","Switzerland"
"3451790153051","Switzerland"
"3451790988677","Switzerland"
"3451790988813","Switzerland"
"3456300009484","Switzerland"
"3468570726299","Switzerland"
"3472860051053","Switzerland"
"3478820023184","Switzerland"
"3483981900052","Switzerland"
"3487400000408","Switzerland"
"3498425591253","Switzerland"
"3498425800058","Switzerland"
"3502110006790","Switzerland"
"3502110009401","Switzerland"
"3502110009449","Switzerland"
"3523230030793","Switzerland"
"3533631572006","Switzerland"
"3537580706123","Switzerland"
"3560070240258","Switzerland"
"3560070272174","Switzerland"
"3560070323067","Switzerland"
"3560070682683","Switzerland"
"3560070820542","Switzerland"
"3560070820597","Switzerland"
"3560070869886","Switzerland"
"3560071190965","Switzerland"
"3564700005835","Switzerland"
"3564700014509","Switzerland"
"3564700014660","Switzerland"
"3564700462942","Switzerland"
"3564700597583","Switzerland"
"3564700868546","Switzerland"
"3564707000031","Switzerland"
"3564707000109","Switzerland"
"3564707090636","Switzerland"
"3564707108089","Switzerland"
"3587220002252","Switzerland"
"3596690128096","Switzerland"
"3596710307319","Switzerland"
"3599741006350","Switzerland"
"3600900005067","Switzerland"
"3600900005159","Switzerland"
"3600900011037","Switzerland"
"3600900020091","Switzerland"
"3608580124047","Switzerland"
"3608580758686","Switzerland"
"3608580758693","Switzerland"
"3608580796350","Switzerland"
"3608580823445","Switzerland"
"3608580823452","Switzerland"
"3608580823513","Switzerland"
"3608580890898","Switzerland"
"3609200001847","Switzerland"
"3660603004842","Switzerland"
"3664346300780","Switzerland"
"3700214611548","Switzerland"
"3700214616970","Switzerland"
"3760005025176","Switzerland"
"3760020500559","Switzerland"
"3760020500658","Switzerland"
"3760020507350","Switzerland"
"3760020507947","Switzerland"
"3760020508012","Switzerland"
"3760020509026","Switzerland"
"3760049790214","Switzerland"
"3760049795639","Switzerland"
"3760049798029","Switzerland"
"3760049798869","Switzerland"
"3760091726667","Switzerland"
"3760121211095","Switzerland"
"3760122961708","Switzerland"
"3760122966000","Switzerland"
"3760122966451","Switzerland"
"4000177032695","Switzerland"
"4000177033708","Switzerland"
"4000177158319","Switzerland"
"4000177211311","Switzerland"
"4000339035229","Switzerland"
"4000417700001","Switzerland"
"4000417702005","Switzerland"
"4002359006715","Switzerland"
"4003247102304","Switzerland"
"4006040007999","Switzerland"
"4006985902304","Switzerland"
"4008258051030","Switzerland"
"4008258052006","Switzerland"
"4008258065013","Switzerland"
"4008258074008","Switzerland"
"4008258107010","Switzerland"
"4008258130018","Switzerland"
"4008258150108","Switzerland"
"4008258185001","Switzerland"
"4008258274019","Switzerland"
"4008258276006","Switzerland"
"4008258442012","Switzerland"
"4008400163826","Switzerland"
"4008400221021","Switzerland"
"4008400221823","Switzerland"
"4008400260921","Switzerland"
"4008400401621","Switzerland"
"40084077","Switzerland"
"40084725","Switzerland"
"4011100005846","Switzerland"
"4012359113405","Switzerland"
"4012359114303","Switzerland"
"4012359144003","Switzerland"
"4012359144102","Switzerland"
"4014400400007","Switzerland"
"4014400907902","Switzerland"
"40144382","Switzerland"
"40144450","Switzerland"
"4017100499715","Switzerland"
"4029764001807","Switzerland"
"4056489007166","Switzerland"
"4056489009191","Switzerland"
"4056489028109","Switzerland"
"4056489135623","Switzerland"
"4056489135760","Switzerland"
"4056489141877","Switzerland"
"4056489183631","Switzerland"
"4056489216162","Switzerland"
"4056489216223","Switzerland"
"4056489254683","Switzerland"
"4056489258346","Switzerland"
"4056489273264","Switzerland"
"4056489300786","Switzerland"
"4056489336136","Switzerland"
"4056489346357","Switzerland"
"4056489346364","Switzerland"
"4056489357117","Switzerland"
"4056489447177","Switzerland"
"4056489471264","Switzerland"
"4056489695370","Switzerland"
"4056489724070","Switzerland"
"4056489920045","Switzerland"
"4056489983477","Switzerland"
"4056489983507","Switzerland"
"4056489989356","Switzerland"
"4061458024068","Switzerland"
"4066600603405","Switzerland"
"40822938","Switzerland"
"40896243","Switzerland"
"40897677","Switzerland"
"4104420231658","Switzerland"
"4104420254756","Switzerland"
"42105220","Switzerland"
"4335619022119","Switzerland"
"5000112558265","Switzerland"
"5000112558272","Switzerland"
"5000112611861","Switzerland"
"5000137121994","Switzerland"
"5000157062673","Switzerland"
"5000157073020","Switzerland"
"5000159386821","Switzerland"
"5000159477574","Switzerland"
"5000159492737","Switzerland"
"5000159528481","Switzerland"
"5000159555500","Switzerland"
"5000159557702","Switzerland"
"5000159557771","Switzerland"
"5000159560061","Switzerland"
"5000168198491","Switzerland"
"5000396021202","Switzerland"
"5010029000023","Switzerland"
"5010029201246","Switzerland"
"5010029227062","Switzerland"
"5010029229110","Switzerland"
"5010477348357","Switzerland"
"5010477348395","Switzerland"
"5010477348517","Switzerland"
"5010477348630","Switzerland"
"5010477348678","Switzerland"
"5010477354051","Switzerland"
"5010477356239","Switzerland"
"5010477357335","Switzerland"
"5011013100156","Switzerland"
"5011308700375","Switzerland"
"50147588","Switzerland"
"50157655","Switzerland"
"5035139217604","Switzerland"
"5038862130929","Switzerland"
"5038862133838","Switzerland"
"5038862134330","Switzerland"
"5038862134590","Switzerland"
"5038862136532","Switzerland"
"5038862161503","Switzerland"
"5038862162500","Switzerland"
"5038862165501","Switzerland"
"5038862166508","Switzerland"
"5038862362504","Switzerland"
"5050083516313","Switzerland"
"5053827101424","Switzerland"
"5053827110983","Switzerland"
"5053827111027","Switzerland"
"5053827156189","Switzerland"
"5053990101573","Switzerland"
"5053990107339","Switzerland"
"5053990107384","Switzerland"
"5053990156061","Switzerland"
"5053990167807","Switzerland"
"5053990167845","Switzerland"
"5056051802419","Switzerland"
"5059319024349","Switzerland"
"5059319035987","Switzerland"
"5060042641000","Switzerland"
"5060042641406","Switzerland"
"5060042641413","Switzerland"
"5060088700082","Switzerland"
"5060088700105","Switzerland"
"5060088707661","Switzerland"
"5060088707685","Switzerland"
"5060108450348","Switzerland"
"5410041001204","Switzerland"
"5410041005707","Switzerland"
"5410041010800","Switzerland"
"5410041040807","Switzerland"
"5410041066005","Switzerland"
"5410041423600","Switzerland"
"5410041472509","Switzerland"
"5410081200551","Switzerland"
"5410126116236","Switzerland"
"5410126816068","Switzerland"
"5410188024647","Switzerland"
"5410188026320","Switzerland"
"5410188027747","Switzerland"
"5410188032161","Switzerland"
"5410221305085","Switzerland"
"5411188110842","Switzerland"
"5411188112709","Switzerland"
"5411188115472","Switzerland"
"5411188115533","Switzerland"
"5411188116592","Switzerland"
"5411188118961","Switzerland"
"5411188119098","Switzerland"
"5411188120742","Switzerland"
"5411188122661","Switzerland"
"5411188124726","Switzerland"
"5411188125808","Switzerland"
"5411188127697","Switzerland"
"5411188128311","Switzerland"
"5411188128588","Switzerland"
"5411188130055","Switzerland"
"5411188134985","Switzerland"
"5411188135005","Switzerland"
"5411188137993","Switzerland"
"5411188138099","Switzerland"
"5412514932473","Switzerland"
"5413548280189","Switzerland"
"5449000000439","Switzerland"
"5449000000996","Switzerland"
"5449000014535","Switzerland"
"5449000028921","Switzerland"
"5449000052926","Switzerland"
"5449000054227","Switzerland"
"5449000131805","Switzerland"
"5449000131836","Switzerland"
"5449000133328","Switzerland"
"5449000133335","Switzerland"
"5449000214799","Switzerland"
"5449000214911","Switzerland"
"54491472","Switzerland"
"54492790","Switzerland"
"5701977000097","Switzerland"
"5710328003243","Switzerland"
"5900020006226","Switzerland"
"5900951311505","Switzerland"
"59032823","Switzerland"
"5941868200087","Switzerland"
"5997523324278","Switzerland"
"6191509900855","Switzerland"
"6194049100105","Switzerland"
"6410500090014","Switzerland"
"7300400114714","Switzerland"
"7300400118118","Switzerland"
"7300400481571","Switzerland"
"7300400481588","Switzerland"
"7300400481595","Switzerland"
"7311070019780","Switzerland"
"7311070032611","Switzerland"
"7311070362664","Switzerland"
"7311071330815","Switzerland"
"7394376616709","Switzerland"
"7610036002737","Switzerland"
"7610036002751","Switzerland"
"7610036002805","Switzerland"
"7610036010305","Switzerland"
"7610036010503","Switzerland"
"7610095231505","Switzerland"
"7610400070577","Switzerland"
"7610700015445","Switzerland"
"7610700603079","Switzerland"
"7610700626689","Switzerland"
"7611100054713","Switzerland"
"7612100018477","Switzerland"
"7612100066430","Switzerland"
"7612100907603","Switzerland"
"7612100909591","Switzerland"
"7613031575961","Switzerland"
"7613032779566","Switzerland"
"7613035040823","Switzerland"
"7613035866386","Switzerland"
"7613035937420","Switzerland"
"7613036669146","Switzerland"
"7613036669498","Switzerland"
"7614500010013","Switzerland"
"7614500010310","Switzerland"
"7614500010617","Switzerland"
"7614800170004","Switzerland"
"7622210137258","Switzerland"
"7622210421968","Switzerland"
"7622210422026","Switzerland"
"7622210422163","Switzerland"
"7622210444097","Switzerland"
"7622210444127","Switzerland"
"7622210444141","Switzerland"
"7622210449283","Switzerland"
"7622210450029","Switzerland"
"7622210476104","Switzerland"
"7622210476296","Switzerland"
"7622210601988","Switzerland"
"7622210713780","Switzerland"
"7622210713803","Switzerland"
"7622210713889","Switzerland"
"7622210713902","Switzerland"
"7622210713926","Switzerland"
"7622210717801","Switzerland"
"7622210988034","Switzerland"
"7622300336738","Switzerland"
"7622300441937","Switzerland"
"7622300571351","Switzerland"
"7622300685782","Switzerland"
"7622300689124","Switzerland"
"7622300744663","Switzerland"
"7640101096682","Switzerland"
"8000320010095","Switzerland"
"8000430135268","Switzerland"
"8000430137866","Switzerland"
"8000430138719","Switzerland"
"8000430194227","Switzerland"
"8000500032237","Switzerland"
"8000500034743","Switzerland"
"8000500037874","Switzerland"
"8000500082379","Switzerland"
"8000500111581","Switzerland"
"8000500166697","Switzerland"
"8000500166758","Switzerland"
"8000500217078","Switzerland"
"8000500267035","Switzerland"
"8000500269169","Switzerland"
"8000500272442","Switzerland"
"8000500309469","Switzerland"
"8000500310427","Switzerland"
"8000500390306","Switzerland"
"8000500391228","Switzerland"
"8000500408162","Switzerland"
"8000500426494","Switzerland"
"8001010076568","Switzerland"
"8001230000787","Switzerland"
"8001250009999","Switzerland"
"8001250120120","Switzerland"
"8001250120342","Switzerland"
"8001250120410","Switzerland"
"8001585008162","Switzerland"
"8002270014901","Switzerland"
"8002270015328","Switzerland"
"8002590043315","Switzerland"
"80042532","Switzerland"
"80042563","Switzerland"
"8004690051573","Switzerland"
"8005110170300","Switzerland"
"8005110630408","Switzerland"
"80052760","Switzerland"
"80053835","Switzerland"
"8008343200134","Switzerland"
"8008343200486","Switzerland"
"8008343200516","Switzerland"
"8008343200660","Switzerland"
"8008343200851","Switzerland"
"8008343201179","Switzerland"
"8008698005491","Switzerland"
"8008698005576","Switzerland"
"8008698007303","Switzerland"
"8008698011683","Switzerland"
"8010721001509","Switzerland"
"8013355501278","Switzerland"
"8013355999143","Switzerland"
"80176800","Switzerland"
"80177609","Switzerland"
"8052575090230","Switzerland"
"8052575090292","Switzerland"
"80761761","Switzerland"
"8076800105056","Switzerland"
"8076800105735","Switzerland"
"8076800195019","Switzerland"
"8076800195033","Switzerland"
"8076800195057","Switzerland"
"8076800376999","Switzerland"
"8076802085738","Switzerland"
"8076802085912","Switzerland"
"8076802085981","Switzerland"
"8076808050440","Switzerland"
"8076808140325","Switzerland"
"8076808150072","Switzerland"
"8076808890015","Switzerland"
"8076809504751","Switzerland"
"8076809512077","Switzerland"
"8076809513388","Switzerland"
"8076809513692","Switzerland"
"8076809513715","Switzerland"
"8076809513722","Switzerland"
"8076809513746","Switzerland"
"8076809513753","Switzerland"
"8076809514064","Switzerland"
"8076809514439","Switzerland"
"8076809517751","Switzerland"
"8076809521543","Switzerland"
"8076809523547","Switzerland"
"8076809523714","Switzerland"
"8076809523738","Switzerland"
"8076809529419","Switzerland"
"8076809529433","Switzerland"
"8076809532709","Switzerland"
"8076809535755","Switzerland"
"8076809542753","Switzerland"
"8076809545396","Switzerland"
"8076809545440","Switzerland"
"8076809545488","Switzerland"
"8076809571487","Switzerland"
"8076809572897","Switzerland"
"8076809573252","Switzerland"
"8076809576574","Switzerland"
"8076809576598","Switzerland"
"8076809579100","Switzerland"
"8076809582209","Switzerland"
"8076809582643","Switzerland"
"8076809584548","Switzerland"
"8076809585866","Switzerland"
"8076809585880","Switzerland"
"8410000810004","Switzerland"
"8410066122592","Switzerland"
"8410076350213","Switzerland"
"8410076421449","Switzerland"
"8410076470553","Switzerland"
"8410076472953","Switzerland"
"8410076481597","Switzerland"
"8410076481757","Switzerland"
"8410076481764","Switzerland"
"8410076801180","Switzerland"
"8410131031453","Switzerland"
"8410179003498","Switzerland"
"8422174010029","Switzerland"
"8428532121437","Switzerland"
"8428532230061","Switzerland"
"8445290114594","Switzerland"
"8445290728791","Switzerland"
"87108026","Switzerland"
"8711200548002","Switzerland"
"8711327370708","Switzerland"
"8712100338694","Switzerland"
"8712100441639","Switzerland"
"8712566246496","Switzerland"
"8715035110106","Switzerland"
"8715035110205","Switzerland"
"8715035110502","Switzerland"
"8715035110809","Switzerland"
"8715035130302","Switzerland"
"8715035150300","Switzerland"
"8715035210301","Switzerland"
"8715700016504","Switzerland"
"8715700017006","Switzerland"
"8715700117140","Switzerland"
"8715700225630","Switzerland"
"8715700407760","Switzerland"
"8715700421353","Switzerland"
"8715700423913","Switzerland"
"87157154","Switzerland"
"87157215","Switzerland"
"87157239","Switzerland"
"87157277","Switzerland"
"87157857","Switzerland"
"8719200012608","Switzerland"
"8719200261464","Switzerland"
"8719200282612","Switzerland"
"8720182460721","Switzerland"
"8720182556738","Switzerland"
"8722700035022","Switzerland"
"8722700113348","Switzerland"
"8801073116467","Switzerland"
"8853662056012","Switzerland"
"8853662056654","Switzerland"
"8853662056661","Switzerland"
"8886303210238","Switzerland"
"9002490205973","Switzerland"
"90162800","Switzerland"
"90375323","Switzerland"
"90418945","Switzerland"
"94001129","Switzerland"
"00099233","Thailand"
"0014100082033","Thailand"
"0016000264502","Thailand"
"0016000411265","Thailand"
"0016000439801","Thailand"
"0016000507258","Thailand"
"0021000054961","Thailand"
"0031146155736","Thailand"
"0031146270606","Thailand"
"00379953","Thailand"
"00393805","Thailand"
"00394697","Thailand"
"00395496","Thailand"
"0048000011916","Thailand"
"0051000128041","Thailand"
"0051500241288","Thailand"
"0051500241912","Thailand"
"0058449777007","Thailand"
"0059290500677","Thailand"
"00603898","Thailand"
"00672580","Thailand"
"00722834","Thailand"
"00745062","Thailand"
"0074880004014","Thailand"
"0074880030730","Thailand"
"0074880061710","Thailand"
"00754545","Thailand"
"00785624","Thailand"
"00919357","Thailand"
"04348900","Thailand"
"0737483778088","Thailand"
"0858045004299","Thailand"
"0885898887915","Thailand"
"0885898887922","Thailand"
"18507188","Thailand"
"20000073","Thailand"
"3038354534107","Thailand"
"3038359002182","Thailand"
"3046920028370","Thailand"
"3046920028721","Thailand"
"3073781006414","Thailand"
"3076820002064","Thailand"
"3104935391329","Thailand"
"3116740032410","Thailand"
"3175681116832","Thailand"
"3179730010041","Thailand"
"3222472676980","Thailand"
"3222472692140","Thailand"
"3222475190919","Thailand"
"3560070472970","Thailand"
"3580282816508","Thailand"
"4000417011008","Thailand"
"4000417020000","Thailand"
"4008569004909","Thailand"
"4017100107214","Thailand"
"4017100210105","Thailand"
"4017100283666","Thailand"
"4017100712203","Thailand"
"4018077690440","Thailand"
"4025700001023","Thailand"
"4038700128164","Thailand"
"4066600641964","Thailand"
"4770179994733","Thailand"
"4800361005500","Thailand"
"4800361028004","Thailand"
"4800361310031","Thailand"
"4860051007689","Thailand"
"4901002869885","Thailand"
"4903379084007","Thailand"
"5000169042946","Thailand"
"5010482869960","Thailand"
"5053990155354","Thailand"
"5060108450348","Thailand"
"5202175001522","Thailand"
"5410126306286","Thailand"
"5900020027948","Thailand"
"5901414201210","Thailand"
"5941021001261","Thailand"
"5941021003203","Thailand"
"5941021005122","Thailand"
"6291100213108","Thailand"
"6410107200410","Thailand"
"6901668053121","Thailand"
"6914973600362","Thailand"
"6921951403570","Thailand"
"6922877738128","Thailand"
"6922877768194","Thailand"
"6922877791727","Thailand"
"6922877791734","Thailand"
"6942836703820","Thailand"
"6957735788861","Thailand"
"7394376619809","Thailand"
"7610023050413","Thailand"
"7610100036200","Thailand"
"7612100053829","Thailand"
"7612100064276","Thailand"
"7614500010013","Thailand"
"7622201719630","Thailand"
"7622210515278","Thailand"
"7622210693266","Thailand"
"7622300134532","Thailand"
"7622300136055","Thailand"
"7630486404936","Thailand"
"7861002900117","Thailand"
"8000070038820","Thailand"
"80001645","Thailand"
"8000380000210","Thailand"
"8000500010709","Thailand"
"8000500032237","Thailand"
"8000500066027","Thailand"
"8001200139035","Thailand"
"8002590045654","Thailand"
"80051671","Thailand"
"80135906","Thailand"
"8018440000889","Thailand"
"80761761","Thailand"
"8076800195057","Thailand"
"80974482","Thailand"
"8410128113131","Thailand"
"8410128121976","Thailand"
"8410376044706","Thailand"
"8437011503336","Thailand"
"8480024732064","Thailand"
"8710448565659","Thailand"
"8710502447006","Thailand"
"8801019300981","Thailand"
"8801073113800","Thailand"
"8801073113893","Thailand"
"8801073115514","Thailand"
"8801073211506","Thailand"
"8801073311183","Thailand"
"8801085020301","Thailand"
"8801117339708","Thailand"
"8850011074284","Thailand"
"8850025000903","Thailand"
"8850026209244","Thailand"
"8850030005115","Thailand"
"8850030009632","Thailand"
"8850030111762","Thailand"
"8850038400035","Thailand"
"8850051017470","Thailand"
"8850086152962","Thailand"
"8850088101203","Thailand"
"8850088605435","Thailand"
"8850096818513","Thailand"
"8850096848510","Thailand"
"8850096848534","Thailand"
"8850096870344","Thailand"
"8850100101013","Thailand"
"8850100121042","Thailand"
"8850100127013","Thailand"
"8850100206039","Thailand"
"8850123110108","Thailand"
"8850123110115","Thailand"
"8850123110146","Thailand"
"8850123110412","Thailand"
"8850123110436","Thailand"
"8850123110443","Thailand"
"8850123111105","Thailand"
"8850123111204","Thailand"
"8850123111211","Thailand"
"8850124025258","Thailand"
"8850124034519","Thailand"
"8850124041517","Thailand"
"8850124065407","Thailand"
"8850124065414","Thailand"
"8850125078925","Thailand"
"8850125087743","Thailand"
"8850126000819","Thailand"
"8850127003499","Thailand"
"8850127009873","Thailand"
"8850127044003","Thailand"
"8850144207894","Thailand"
"8850144208112","Thailand"
"8850144213000","Thailand"
"8850153333058","Thailand"
"8850153333096","Thailand"
"8850155011060","Thailand"
"8850155012043","Thailand"
"8850157100519","Thailand"
"8850157100533","Thailand"
"8850157104807","Thailand"
"8850157110785","Thailand"
"8850157400022","Thailand"
"8850157400107","Thailand"
"8850157511452","Thailand"
"8850161160851","Thailand"
"8850161161247","Thailand"
"8850161166204","Thailand"
"8850188221108","Thailand"
"8850188250108","Thailand"
"8850189016109","Thailand"
"8850206010028","Thailand"
"8850206060122","Thailand"
"8850206117512","Thailand"
"8850206212507","Thailand"
"8850210000039","Thailand"
"8850228000083","Thailand"
"8850228000106","Thailand"
"8850228000403","Thailand"
"8850228003046","Thailand"
"8850228007716","Thailand"
"8850228008171","Thailand"
"8850229101123","Thailand"
"8850229101970","Thailand"
"8850229102014","Thailand"
"8850229102595","Thailand"
"8850250000358","Thailand"
"8850250000365","Thailand"
"8850250000761","Thailand"
"8850250006770","Thailand"
"8850250008125","Thailand"
"8850250012672","Thailand"
"8850250014034","Thailand"
"8850256100106","Thailand"
"8850267112129","Thailand"
"8850267112228","Thailand"
"8850267112822","Thailand"
"8850267900153","Thailand"
"8850269522902","Thailand"
"8850274016052","Thailand"
"8850282191031","Thailand"
"8850291100468","Thailand"
"8850291100499","Thailand"
"8850291108792","Thailand"
"8850291110719","Thailand"
"8850291111808","Thailand"
"8850291211607","Thailand"
"8850291281815","Thailand"
"8850309213289","Thailand"
"8850316070103","Thailand"
"8850329031191","Thailand"
"8850329047727","Thailand"
"8850329080076","Thailand"
"8850329090075","Thailand"
"8850329101207","Thailand"
"8850329102112","Thailand"
"8850329102815","Thailand"
"8850329104802","Thailand"
"8850329106400","Thailand"
"8850329111213","Thailand"
"8850329120116","Thailand"
"8850329120819","Thailand"
"8850329145027","Thailand"
"8850329145119","Thailand"
"8850329145317","Thailand"
"8850329145546","Thailand"
"8850329145751","Thailand"
"8850329145812","Thailand"
"8850329145966","Thailand"
"8850329145980","Thailand"
"8850329183111","Thailand"
"8850329213719","Thailand"
"8850329315413","Thailand"
"8850329315512","Thailand"
"8850329331116","Thailand"
"8850329331338","Thailand"
"8850329344352","Thailand"
"8850329349548","Thailand"
"8850332112146","Thailand"
"8850343000012","Thailand"
"8850343000166","Thailand"
"8850343000173","Thailand"
"8850344004682","Thailand"
"8850344004903","Thailand"
"8850358371329","Thailand"
"8850358371343","Thailand"
"8850358373101","Thailand"
"8850358373309","Thailand"
"8850367100026","Thailand"
"8850370771459","Thailand"
"8850388540092","Thailand"
"8850388541082","Thailand"
"8850388545028","Thailand"
"8850388546612","Thailand"
"8850388546711","Thailand"
"8850389101391","Thailand"
"8850389108659","Thailand"
"8850389111062","Thailand"
"8850389115572","Thailand"
"8850389116852","Thailand"
"8850389121023","Thailand"
"8850393800440","Thailand"
"8850393800556","Thailand"
"8850393800587","Thailand"
"8850393801898","Thailand"
"8850393802154","Thailand"
"8850393802185","Thailand"
"8850393919975","Thailand"
"8850393919982","Thailand"
"8850393991834","Thailand"
"8850423000093","Thailand"
"8850425002910","Thailand"
"8850425002927","Thailand"
"8850487029108","Thailand"
"8850511121181","Thailand"
"8850511321123","Thailand"
"8850511321147","Thailand"
"8850511321802","Thailand"
"8850511421175","Thailand"
"8850545311114","Thailand"
"8850545777552","Thailand"
"8850620888050","Thailand"
"8850620888289","Thailand"
"8850624340998","Thailand"
"8850635001031","Thailand"
"8850639004595","Thailand"
"8850653192346","Thailand"
"8850653192797","Thailand"
"8850653207682","Thailand"
"8850653210828","Thailand"
"8850653239263","Thailand"
"8850653530254","Thailand"
"8850653797022","Thailand"
"8850653798623","Thailand"
"8850653799682","Thailand"
"8850653833553","Thailand"
"8850660000481","Thailand"
"8850718801213","Thailand"
"8850718801886","Thailand"
"8850718801893","Thailand"
"8850718803347","Thailand"
"8850718805365","Thailand"
"8850718805389","Thailand"
"8850718807345","Thailand"
"8850718807925","Thailand"
"8850718809950","Thailand"
"8850718814114","Thailand"
"8850718821211","Thailand"
"8850718822225","Thailand"
"8850718822447","Thailand"
"8850773108210","Thailand"
"8850773110886","Thailand"
"8850779100386","Thailand"
"8850779555995","Thailand"
"8850781703605","Thailand"
"8850901050015","Thailand"
"8850901320033","Thailand"
"8850952030646","Thailand"
"8850952033548","Thailand"
"8850987101014","Thailand"
"8850987101021","Thailand"
"8850987101472","Thailand"
"8850987128158","Thailand"
"8850987128400","Thailand"
"8850987131240","Thailand"
"8850987144387","Thailand"
"8850987144998","Thailand"
"8850987148651","Thailand"
"8850987150098","Thailand"
"8850999016863","Thailand"
"8850999112107","Thailand"
"8850999220000","Thailand"
"8851004203056","Thailand"
"8851004801184","Thailand"
"8851012010004","Thailand"
"8851012103058","Thailand"
"8851012103706","Thailand"
"8851013771492","Thailand"
"8851013773496","Thailand"
"8851013775490","Thailand"
"8851013791490","Thailand"
"8851013794989","Thailand"
"8851013798499","Thailand"
"8851016000018","Thailand"
"8851019000459","Thailand"
"8851019001142","Thailand"
"8851019010007","Thailand"
"8851019010014","Thailand"
"8851019010045","Thailand"
"8851019010366","Thailand"
"8851019020389","Thailand"
"8851019030524","Thailand"
"8851019030951","Thailand"
"8851028001881","Thailand"
"8851028002505","Thailand"
"8851028004578","Thailand"
"8851028007050","Thailand"
"8851028140047","Thailand"
"8851123212021","Thailand"
"8851123237000","Thailand"
"8851123237031","Thailand"
"8851262054018","Thailand"
"8851351380783","Thailand"
"8851351381797","Thailand"
"8851351383616","Thailand"
"8851351384101","Thailand"
"8851351384323","Thailand"
"8851351385085","Thailand"
"8851351385863","Thailand"
"8851351385870","Thailand"
"8851351386853","Thailand"
"8851351387935","Thailand"
"8851351388079","Thailand"
"8851351621107","Thailand"
"8851351750753","Thailand"
"8851351820210","Thailand"
"8851351911505","Thailand"
"8851351932807","Thailand"
"8851351976566","Thailand"
"8851359984419","Thailand"
"8851425210336","Thailand"
"8851613101378","Thailand"
"8851613101385","Thailand"
"8851613101392","Thailand"
"8851683000250","Thailand"
"8851683000267","Thailand"
"8851686097219","Thailand"
"8851717020087","Thailand"
"8851717020117","Thailand"
"8851717020148","Thailand"
"8851717021008","Thailand"
"8851717030130","Thailand"
"8851717040016","Thailand"
"8851717040030","Thailand"
"8851717060205","Thailand"
"8851717060595","Thailand"
"8851717200649","Thailand"
"8851717200670","Thailand"
"8851717900884","Thailand"
"8851717900907","Thailand"
"8851717901782","Thailand"
"8851717901799","Thailand"
"8851717905070","Thailand"
"8851717906305","Thailand"
"8851717906718","Thailand"
"8851717907081","Thailand"
"8851717909542","Thailand"
"8851717909986","Thailand"
"8851717910197","Thailand"
"8851717910203","Thailand"
"8851717910289","Thailand"
"8851717910760","Thailand"
"8851717911064","Thailand"
"8851717911187","Thailand"
"8851727001052","Thailand"
"8851876003006","Thailand"
"8851919600148","Thailand"
"8851932295789","Thailand"
"8851932295796","Thailand"
"8851932387675","Thailand"
"8851954101235","Thailand"
"8851959132012","Thailand"
"8851959132050","Thailand"
"8851959132654","Thailand"
"8851959144015","Thailand"
"8851993616011","Thailand"
"8852008300000","Thailand"
"8852008304879","Thailand"
"8852018101017","Thailand"
"8852021220019","Thailand"
"8852021230018","Thailand"
"8852021706711","Thailand"
"8852021707459","Thailand"
"8852022032604","Thailand"
"8852022092226","Thailand"
"8852022150087","Thailand"
"8852023006949","Thailand"
"8852023009438","Thailand"
"8852023664224","Thailand"
"8852023664248","Thailand"
"8852023664361","Thailand"
"8852023664651","Thailand"
"8852023666136","Thailand"
"8852023666655","Thailand"
"8852023667751","Thailand"
"8852023668383","Thailand"
"8852023668611","Thailand"
"8852023670621","Thailand"
"8852044110267","Thailand"
"8852044110281","Thailand"
"8852044477612","Thailand"
"8852044651661","Thailand"
"8852049000136","Thailand"
"8852052110501","Thailand"
"8852052111508","Thailand"
"8852052130202","Thailand"
"8852052140508","Thailand"
"8852124017721","Thailand"
"8852240010514","Thailand"
"8852523103018","Thailand"
"8852528004037","Thailand"
"8852537011118","Thailand"
"8852537011217","Thailand"
"8852756303056","Thailand"
"8852756304060","Thailand"
"8852756323108","Thailand"
"8852756329698","Thailand"
"8852756705331","Thailand"
"8852966001711","Thailand"
"8853002303943","Thailand"
"8853002305367","Thailand"
"8853333000436","Thailand"
"8853333000443","Thailand"
"8853333013580","Thailand"
"8853333017038","Thailand"
"8853333017984","Thailand"
"8853333018165","Thailand"
"8853474015160","Thailand"
"8854099005062","Thailand"
"8854561003350","Thailand"
"8854698005043","Thailand"
"8854698005050","Thailand"
"8854698009669","Thailand"
"8854698012713","Thailand"
"8854698018265","Thailand"
"8854761000920","Thailand"
"8854761000937","Thailand"
"8854761002047","Thailand"
"8854761002825","Thailand"
"8854761002832","Thailand"
"8854761951383","Thailand"
"8854761951406","Thailand"
"8854761951413","Thailand"
"8854761951567","Thailand"
"8854923212307","Thailand"
"8855199132658","Thailand"
"8855521000013","Thailand"
"8855521000235","Thailand"
"8855790000783","Thailand"
"8856082003505","Thailand"
"8856891000641","Thailand"
"8856901001569","Thailand"
"8857072000238","Thailand"
"8857072000771","Thailand"
"8857121846534","Thailand"
"8857122511714","Thailand"
"8857122646225","Thailand"
"8857122668418","Thailand"
"8857124188037","Thailand"
"8857124188167","Thailand"
"8857124970038","Thailand"
"8857124981331","Thailand"
"8857126306286","Thailand"
"8858011508938","Thailand"
"8858185004595","Thailand"
"8858223001418","Thailand"
"8858223023410","Thailand"
"8858492003427","Thailand"
"8858684518470","Thailand"
"8858684518739","Thailand"
"8858684518913","Thailand"
"8858684519248","Thailand"
"8858684520756","Thailand"
"8858684521784","Thailand"
"8858684522194","Thailand"
"8858684522804","Thailand"
"8858684523504","Thailand"
"8858702438728","Thailand"
"8858705605592","Thailand"
"8858705606537","Thailand"
"8858709101991","Thailand"
"8858709107931","Thailand"
"8858776300259","Thailand"
"8858790900183","Thailand"
"8858820100293","Thailand"
"8858820100309","Thailand"
"8858820100323","Thailand"
"8858820100347","Thailand"
"8858820100927","Thailand"
"8858826200263","Thailand"
"8858826200331","Thailand"
"8858867801153","Thailand"
"8858867820888","Thailand"
"8858867821410","Thailand"
"8858891300073","Thailand"
"8858891301537","Thailand"
"8858891304507","Thailand"
"8858891304538","Thailand"
"8858894100038","Thailand"
"8858894100137","Thailand"
"8858894100434","Thailand"
"8858998581047","Thailand"
"8858998581139","Thailand"
"8858998584086","Thailand"
"8858998585328","Thailand"
"8858998587025","Thailand"
"8858998587056","Thailand"
"8859015703862","Thailand"
"8859015704340","Thailand"
"8859047700693","Thailand"
"8859102130007","Thailand"
"8859102130700","Thailand"
"8859112600064","Thailand"
"8859114905396","Thailand"
"8859114905624","Thailand"
"8859212600742","Thailand"
"8859220400952","Thailand"
"8859220494555","Thailand"
"8859225000058","Thailand"
"8859290400197","Thailand"
"8859290400210","Thailand"
"8859295000019","Thailand"
"8859350900032","Thailand"
"8859394400123","Thailand"
"8859394400147","Thailand"
"8859453985011","Thailand"
"8859473100555","Thailand"
"8859473100982","Thailand"
"8859473101064","Thailand"
"8859473101309","Thailand"
"8859473101392","Thailand"
"8859473101422","Thailand"
"8859488111096","Thailand"
"8859488111102","Thailand"
"8859488111195","Thailand"
"8859488111225","Thailand"
"8859488112123","Thailand"
"8859488112161","Thailand"
"8859488112178","Thailand"
"8859501320214","Thailand"
"8859520303144","Thailand"
"8859520303236","Thailand"
"8859526805222","Thailand"
"8859577501012","Thailand"
"8859577501135","Thailand"
"8859577502118","Thailand"
"8859601300208","Thailand"
"8859622222022","Thailand"
"8859636810062","Thailand"
"8859636810093","Thailand"
"8859645300042","Thailand"
"8859745200150","Thailand"
"8859745200372","Thailand"
"8859799400025","Thailand"
"8886001012295","Thailand"
"8886467100017","Thailand"
"8886467100024","Thailand"
"8886467100031","Thailand"
"8886467100055","Thailand"
"8886467100239","Thailand"
"8886467100253","Thailand"
"8888077101101","Thailand"
"8888112011006","Thailand"
"8888112780148","Thailand"
"8888196124128","Thailand"
"8888196173324","Thailand"
"8888247134151","Thailand"
"8935001705444","Thailand"
"8991001242013","Thailand"
"8991001400284","Thailand"
"8992760121014","Thailand"
"8992760211036","Thailand"
"8996001302927","Thailand"
"8996001311455","Thailand"
"8996001331156","Thailand"
"8996001354001","Thailand"
"8996001355855","Thailand"
"8996001600597","Thailand"
"8997240600041","Thailand"
"8997240600058","Thailand"
"8997240600430","Thailand"
"8998666002273","Thailand"
"9100000829968","Thailand"
"9300601395583","Thailand"
"9300650451919","Thailand"
"9300652803495","Thailand"
"9300657278823","Thailand"
"9300658407765","Thailand"
"9306440155319","Thailand"
"9310055601024","Thailand"
"9310081414704","Thailand"
"9310155410304","Thailand"
"9311931024036","Thailand"
"9345654001715","Thailand"
"9555022306698","Thailand"
"9555030107614","Thailand"
"9555192501107","Thailand"
"9555480002774","Thailand"
"9555480007311","Thailand"
"9555615900142","Thailand"
"9555805800337","Thailand"
"9556001198839","Thailand"
"9556001299154","Thailand"
"9556001317346","Thailand"
"9556041132534","Thailand"
"9556085302757","Thailand"
"9556121026463","Thailand"
"9556174814147","Thailand"
"9557062331135","Thailand"
"9557062331159","Thailand"
"00019101","United Kingdom"
"0011210697003","United Kingdom"
"0016000502666","United Kingdom"
"0016229001711","United Kingdom"
"00277679","United Kingdom"
"00282123","United Kingdom"
"00302661","United Kingdom"
"00349222","United Kingdom"
"00351546","United Kingdom"
"00359047","United Kingdom"
"0039047011304","United Kingdom"
"00414234","United Kingdom"
"0041500007229","United Kingdom"
"0041500888125","United Kingdom"
"0043647868039","United Kingdom"
"0046000283265","United Kingdom"
"0061232200293","United Kingdom"
"0061232200545","United Kingdom"
"0061232201047","United Kingdom"
"0061232201948","United Kingdom"
"0061232202556","United Kingdom"
"0061232202952","United Kingdom"
"0061232203072","United Kingdom"
"00672566","United Kingdom"
"0072417143700","United Kingdom"
"0072417196379","United Kingdom"
"0078895126389","United Kingdom"
"0078895126396","United Kingdom"
"0078895300024","United Kingdom"
"00938150","United Kingdom"
"0096619336753","United Kingdom"
"0096619676811","United Kingdom"
"01117011","United Kingdom"
"01134742","United Kingdom"
"01162622","United Kingdom"
"01206111","United Kingdom"
"01208610","United Kingdom"
"01318180","United Kingdom"
"01504972","United Kingdom"
"01784060","United Kingdom"
"01853315","United Kingdom"
"0196633965912","United Kingdom"
"04965802","United Kingdom"
"0612322000127","United Kingdom"
"0612322000202","United Kingdom"
"0612322000387","United Kingdom"
"0612322030087","United Kingdom"
"0680569854124","United Kingdom"
"0787099923204","United Kingdom"
"0813636021932","United Kingdom"
"0813636022953","United Kingdom"
"0815074022915","United Kingdom"
"0850004207390","United Kingdom"
"0884912005502","United Kingdom"
"0898999000022","United Kingdom"
"0898999010007","United Kingdom"
"0898999011288","United Kingdom"
"09141209","United Kingdom"
"10001295","United Kingdom"
"10086988","United Kingdom"
"10596975","United Kingdom"
"10600425","United Kingdom"
"10614594","United Kingdom"
"1103086260005","United Kingdom"
"1230000097048","United Kingdom"
"1230000131384","United Kingdom"
"1230000168007","United Kingdom"
"1230000168045","United Kingdom"
"13297703","United Kingdom"
"13356194","United Kingdom"
"16256163","United Kingdom"
"16811207","United Kingdom"
"20004132","United Kingdom"
"20005771","United Kingdom"
"20005832","United Kingdom"
"20006105","United Kingdom"
"20019907","United Kingdom"
"20033347","United Kingdom"
"20047238","United Kingdom"
"20060831","United Kingdom"
"20067274","United Kingdom"
"20072360","United Kingdom"
"20101268","United Kingdom"
"20103286","United Kingdom"
"20103354","United Kingdom"
"20177201","United Kingdom"
"20177218","United Kingdom"
"20201838","United Kingdom"
"20202392","United Kingdom"
"20261368","United Kingdom"
"20267605","United Kingdom"
"20412074","United Kingdom"
"20416690","United Kingdom"
"20425609","United Kingdom"
"20443375","United Kingdom"
"20449100","United Kingdom"
"20471613","United Kingdom"
"20475604","United Kingdom"
"20487942","United Kingdom"
"20511296","United Kingdom"
"20522605","United Kingdom"
"20522612","United Kingdom"
"20534479","United Kingdom"
"20577391","United Kingdom"
"20719326","United Kingdom"
"20724696","United Kingdom"
"20917609","United Kingdom"
"20936600","United Kingdom"
"20994945","United Kingdom"
"20995553","United Kingdom"
"3017620425035","United Kingdom"
"3017624010701","United Kingdom"
"3019081238643","United Kingdom"
"3019081238650","United Kingdom"
"3019081238681","United Kingdom"
"3019081238704","United Kingdom"
"3023290070628","United Kingdom"
"3045140105502","United Kingdom"
"3045320094008","United Kingdom"
"3045320094084","United Kingdom"
"3046920010047","United Kingdom"
"3046920010382","United Kingdom"
"3046920010603","United Kingdom"
"3046920011013","United Kingdom"
"3046920021043","United Kingdom"
"3046920028004","United Kingdom"
"3046920028363","United Kingdom"
"3046920028370","United Kingdom"
"3046920028400","United Kingdom"
"3046920028721","United Kingdom"
"3046920029674","United Kingdom"
"3046920029759","United Kingdom"
"3046920084000","United Kingdom"
"3068320080000","United Kingdom"
"3073780828628","United Kingdom"
"3073780918763","United Kingdom"
"3073781209891","United Kingdom"
"3092718637927","United Kingdom"
"3155250349793","United Kingdom"
"3159470000120","United Kingdom"
"3159470001424","United Kingdom"
"3161710000128","United Kingdom"
"3168930009078","United Kingdom"
"3168930010265","United Kingdom"
"3175460000017","United Kingdom"
"3175460001625","United Kingdom"
"3176582040103","United Kingdom"
"3178530402988","United Kingdom"
"3178530402995","United Kingdom"
"3178530407396","United Kingdom"
"3178530407983","United Kingdom"
"3178530423839","United Kingdom"
"3228020481426","United Kingdom"
"3228022000243","United Kingdom"
"3229820787015","United Kingdom"
"3254474018635","United Kingdom"
"3254550014704","United Kingdom"
"3256540000698","United Kingdom"
"3268840001008","United Kingdom"
"3270160339945","United Kingdom"
"3273220182574","United Kingdom"
"3274080005003","United Kingdom"
"3329770077003","United Kingdom"
"3335880004112","United Kingdom"
"3415581101928","United Kingdom"
"3421557910203","United Kingdom"
"3451790188718","United Kingdom"
"3497917000914","United Kingdom"
"3502110009357","United Kingdom"
"3600900020497","United Kingdom"
"3608580088486","United Kingdom"
"3608580118886","United Kingdom"
"3800082900567","United Kingdom"
"4000417670915","United Kingdom"
"4000417700001","United Kingdom"
"4000417702005","United Kingdom"
"4008100151611","United Kingdom"
"4012359111104","United Kingdom"
"4012359113108","United Kingdom"
"4012359133007","United Kingdom"
"4012359144003","United Kingdom"
"4012359144102","United Kingdom"
"4013159604551","United Kingdom"
"4014400907902","United Kingdom"
"40144382","United Kingdom"
"4016241030573","United Kingdom"
"4033634061020","United Kingdom"
"4052917958390","United Kingdom"
"4056489009184","United Kingdom"
"4056489009191","United Kingdom"
"4056489009207","United Kingdom"
"4056489017479","United Kingdom"
"4056489028109","United Kingdom"
"4056489033042","United Kingdom"
"4056489038627","United Kingdom"
"4056489041917","United Kingdom"
"4056489098591","United Kingdom"
"4056489102977","United Kingdom"
"4056489104230","United Kingdom"
"4056489104254","United Kingdom"
"4056489105169","United Kingdom"
"4056489110149","United Kingdom"
"4056489126669","United Kingdom"
"4056489135524","United Kingdom"
"4056489135623","United Kingdom"
"4056489148739","United Kingdom"
"4056489159506","United Kingdom"
"4056489159773","United Kingdom"
"4056489181415","United Kingdom"
"4056489182528","United Kingdom"
"4056489215226","United Kingdom"
"4056489215233","United Kingdom"
"4056489223368","United Kingdom"
"4056489232872","United Kingdom"
"4056489238072","United Kingdom"
"4056489239901","United Kingdom"
"4056489239956","United Kingdom"
"4056489258346","United Kingdom"
"4056489258353","United Kingdom"
"4056489263951","United Kingdom"
"4056489336136","United Kingdom"
"4056489346364","United Kingdom"
"4056489383444","United Kingdom"
"4056489406662","United Kingdom"
"4056489406679","United Kingdom"
"4056489412175","United Kingdom"
"4056489416951","United Kingdom"
"4056489438564","United Kingdom"
"4056489440116","United Kingdom"
"4056489466598","United Kingdom"
"4056489467953","United Kingdom"
"4056489470847","United Kingdom"
"4056489480037","United Kingdom"
"4056489491217","United Kingdom"
"4056489519706","United Kingdom"
"4056489530091","United Kingdom"
"4056489559795","United Kingdom"
"4056489632078","United Kingdom"
"4056489636601","United Kingdom"
"4056489682677","United Kingdom"
"4056489685937","United Kingdom"
"4056489687641","United Kingdom"
"4056489695318","United Kingdom"
"4056489703990","United Kingdom"
"4056489710066","United Kingdom"
"4056489724070","United Kingdom"
"4056489757825","United Kingdom"
"4056489759096","United Kingdom"
"4056489774747","United Kingdom"
"4056489787136","United Kingdom"
"4056489825586","United Kingdom"
"4056489825623","United Kingdom"
"4056489851387","United Kingdom"
"4056489857334","United Kingdom"
"4056489903703","United Kingdom"
"4056489920045","United Kingdom"
"4061459329834","United Kingdom"
"4061459332896","United Kingdom"
"4061461935283","United Kingdom"
"4061463578013","United Kingdom"
"4061464727755","United Kingdom"
"4061464727830","United Kingdom"
"40822938","United Kingdom"
"40874302","United Kingdom"
"4088600003429","United Kingdom"
"4088600003610","United Kingdom"
"4088600041445","United Kingdom"
"4088600046648","United Kingdom"
"4088600054513","United Kingdom"
"4088600056135","United Kingdom"
"4088600060880","United Kingdom"
"4088600060941","United Kingdom"
"4088600065991","United Kingdom"
"4088600072517","United Kingdom"
"4088600107998","United Kingdom"
"4088600132334","United Kingdom"
"4088600132341","United Kingdom"
"4088600161686","United Kingdom"
"4088600169859","United Kingdom"
"4088600169866","United Kingdom"
"4088600169934","United Kingdom"
"4088600184197","United Kingdom"
"4088600202433","United Kingdom"
"4088600206714","United Kingdom"
"4088600206721","United Kingdom"
"4088600225425","United Kingdom"
"4088600236377","United Kingdom"
"4088600246291","United Kingdom"
"4088600247458","United Kingdom"
"4088600247519","United Kingdom"
"4088600248752","United Kingdom"
"4088600269634","United Kingdom"
"4088600272689","United Kingdom"
"4088600272696","United Kingdom"
"4088600276267","United Kingdom"
"4088600284897","United Kingdom"
"4088600326252","United Kingdom"
"4088600327587","United Kingdom"
"4088600354965","United Kingdom"
"4088600391977","United Kingdom"
"4100290080389","United Kingdom"
"4335619014404","United Kingdom"
"4335619014459","United Kingdom"
"4335619014480","United Kingdom"
"4335619101067","United Kingdom"
"4335619201859","United Kingdom"
"5000108022152","United Kingdom"
"5000108030553","United Kingdom"
"5000108030904","United Kingdom"
"5000108280941","United Kingdom"
"5000111041836","United Kingdom"
"5000111041843","United Kingdom"
"5000111046244","United Kingdom"
"5000111047517","United Kingdom"
"5000116107810","United Kingdom"
"5000116111978","United Kingdom"
"5000116128921","United Kingdom"
"5000119092502","United Kingdom"
"5000119095282","United Kingdom"
"5000119117342","United Kingdom"
"5000119117359","United Kingdom"
"5000119560445","United Kingdom"
"5000119684257","United Kingdom"
"5000127014084","United Kingdom"
"5000127062092","United Kingdom"
"5000127142190","United Kingdom"
"5000128981330","United Kingdom"
"5000129341034","United Kingdom"
"5000129341041","United Kingdom"
"5000137121994","United Kingdom"
"5000157024671","United Kingdom"
"5000157024886","United Kingdom"
"5000157062673","United Kingdom"
"5000157072023","United Kingdom"
"5000157075154","United Kingdom"
"5000157076397","United Kingdom"
"5000157076410","United Kingdom"
"5000157078773","United Kingdom"
"5000157079602","United Kingdom"
"5000157140920","United Kingdom"
"5000157143037","United Kingdom"
"5000157143075","United Kingdom"
"5000157146298","United Kingdom"
"5000157146342","United Kingdom"
"5000159535267","United Kingdom"
"5000159541374","United Kingdom"
"5000159555500","United Kingdom"
"5000159557771","United Kingdom"
"5000165024014","United Kingdom"
"5000168001104","United Kingdom"
"5000168036755","United Kingdom"
"5000168124643","United Kingdom"
"5000168198491","United Kingdom"
"5000181039580","United Kingdom"
"5000184201199","United Kingdom"
"5000184321064","United Kingdom"
"5000184321071","United Kingdom"
"5000187130946","United Kingdom"
"5000232844217","United Kingdom"
"5000232902450","United Kingdom"
"5000237127261","United Kingdom"
"5000246728725","United Kingdom"
"5000246728749","United Kingdom"
"5000246728800","United Kingdom"
"5000295008069","United Kingdom"
"5000295142893","United Kingdom"
"5000295145054","United Kingdom"
"5000328024240","United Kingdom"
"5000328028361","United Kingdom"
"5000328028392","United Kingdom"
"5000328028873","United Kingdom"
"5000328029146","United Kingdom"
"5000342000398","United Kingdom"
"5000354168550","United Kingdom"
"5000354405099","United Kingdom"
"5000354800870","United Kingdom"
"5000354800931","United Kingdom"
"5000373704289","United Kingdom"
"5000426171518","United Kingdom"
"5000436589457","United Kingdom"
"5000436616443","United Kingdom"
"5000436857112","United Kingdom"
"5000442007594","United Kingdom"
"5000462416772","United Kingdom"
"5010003000131","United Kingdom"
"5010003000339","United Kingdom"
"5010003052949","United Kingdom"
"5010003064744","United Kingdom"
"5010029000016","United Kingdom"
"5010029000023","United Kingdom"
"5010029000061","United Kingdom"
"5010029000504","United Kingdom"
"5010029000801","United Kingdom"
"5010029000856","United Kingdom"
"5010029201246","United Kingdom"
"5010029202410","United Kingdom"
"5010029207880","United Kingdom"
"5010029208610","United Kingdom"
"5010029221091","United Kingdom"
"5010029221701","United Kingdom"
"5010029226133","United Kingdom"
"5010029226188","United Kingdom"
"5010029229035","United Kingdom"
"5010029229110","United Kingdom"
"5010029231212","United Kingdom"
"5010043000917","United Kingdom"
"5010044000121","United Kingdom"
"5010044000251","United Kingdom"
"5010044000275","United Kingdom"
"5010044000404","United Kingdom"
"5010044000701","United Kingdom"
"5010044002378","United Kingdom"
"5010044002552","United Kingdom"
"5010044003955","United Kingdom"
"5010044005126","United Kingdom"
"5010044007588","United Kingdom"
"5010044009650","United Kingdom"
"5010044010144","United Kingdom"
"5010044010854","United Kingdom"
"5010067373417","United Kingdom"
"5010092093441","United Kingdom"
"5010092736614","United Kingdom"
"5010092736812","United Kingdom"
"5010115900596","United Kingdom"
"5010171005006","United Kingdom"
"5010265002836","United Kingdom"
"5010265002911","United Kingdom"
"5010292961182","United Kingdom"
"5010338013714","United Kingdom"
"5010338014339","United Kingdom"
"5010477323194","United Kingdom"
"5010477338679","United Kingdom"
"5010477347312","United Kingdom"
"5010477348630","United Kingdom"
"5010477353115","United Kingdom"
"5010477364654","United Kingdom"
"5010477364678","United Kingdom"
"5010477367570","United Kingdom"
"5010578008020","United Kingdom"
"5011013100156","United Kingdom"
"5011157888101","United Kingdom"
"5011157888132","United Kingdom"
"5011157992662","United Kingdom"
"5011273014903","United Kingdom"
"5011273040339","United Kingdom"
"5011273040698","United Kingdom"
"5011544070034","United Kingdom"
"5011835101690","United Kingdom"
"5012121004336","United Kingdom"
"5012262004011","United Kingdom"
"5012818160154","United Kingdom"
"5013635330010","United Kingdom"
"5013665100065","United Kingdom"
"5013665103134","United Kingdom"
"5013665107538","United Kingdom"
"5013665108320","United Kingdom"
"5013665108344","United Kingdom"
"5013665108801","United Kingdom"
"5013665109389","United Kingdom"
"5013665111610","United Kingdom"
"5013665112235","United Kingdom"
"5013665112273","United Kingdom"
"5013665113133","United Kingdom"
"5013665113157","United Kingdom"
"5013665114017","United Kingdom"
"5013665115373","United Kingdom"
"5013665116738","United Kingdom"
"5013665117551","United Kingdom"
"5013683305466","United Kingdom"
"5013683305589","United Kingdom"
"5013803001070","United Kingdom"
"5014213001049","United Kingdom"
"5014213711290","United Kingdom"
"5014213711306","United Kingdom"
"5014271390420","United Kingdom"
"50147311","United Kingdom"
"50147588","United Kingdom"
"50157655","United Kingdom"
"50157709","United Kingdom"
"5016084000374","United Kingdom"
"5016084235516","United Kingdom"
"50160884","United Kingdom"
"5016887003060","United Kingdom"
"5017764003395","United Kingdom"
"5017764128104","United Kingdom"
"5017764128128","United Kingdom"
"5018095004341","United Kingdom"
"5018095011271","United Kingdom"
"5018095011318","United Kingdom"
"5018095196596","United Kingdom"
"5018297002008","United Kingdom"
"5018357012350","United Kingdom"
"5018357012411","United Kingdom"
"5018357012497","United Kingdom"
"5018357012534","United Kingdom"
"5018357804764","United Kingdom"
"5018357804849","United Kingdom"
"5018357804863","United Kingdom"
"5018374285577","United Kingdom"
"5018374350930","United Kingdom"
"50184385","United Kingdom"
"50184439","United Kingdom"
"50184453","United Kingdom"
"5018735224924","United Kingdom"
"5019503002157","United Kingdom"
"5019503018974","United Kingdom"
"5019503019056","United Kingdom"
"5020364010113","United Kingdom"
"5020364010144","United Kingdom"
"5020364010151","United Kingdom"
"5021185201223","United Kingdom"
"5021812000656","United Kingdom"
"5022019010202","United Kingdom"
"5022019090204","United Kingdom"
"5022374051872","United Kingdom"
"5022824240061","United Kingdom"
"5023762000113","United Kingdom"
"5024530005293","United Kingdom"
"5025125000006","United Kingdom"
"5025125000037","United Kingdom"
"5025125000075","United Kingdom"
"5025125000105","United Kingdom"
"5025125000112","United Kingdom"
"5025125000129","United Kingdom"
"5025125000150","United Kingdom"
"5025125000174","United Kingdom"
"5025125000181","United Kingdom"
"5025125000198","United Kingdom"
"5025878004887","United Kingdom"
"5027952012573","United Kingdom"
"5032439100070","United Kingdom"
"5034467000216","United Kingdom"
"5034467000223","United Kingdom"
"5034467000650","United Kingdom"
"5034467000872","United Kingdom"
"5034467002029","United Kingdom"
"5035139217604","United Kingdom"
"5035251000191","United Kingdom"
"5036034406186","United Kingdom"
"5036034406193","United Kingdom"
"5036589200970","United Kingdom"
"5036589201687","United Kingdom"
"5036589252450","United Kingdom"
"5036589252597","United Kingdom"
"5036589253471","United Kingdom"
"5036589253532","United Kingdom"
"5036589254836","United Kingdom"
"5036589255598","United Kingdom"
"5036589255710","United Kingdom"
"5036829756328","United Kingdom"
"5036829756342","United Kingdom"
"50457236","United Kingdom"
"50457250","United Kingdom"
"50457878","United Kingdom"
"5050974000822","United Kingdom"
"5050974503712","United Kingdom"
"5050974504139","United Kingdom"
"5050974505259","United Kingdom"
"5050974505297","United Kingdom"
"5051399182506","United Kingdom"
"5052003786561","United Kingdom"
"5052004706292","United Kingdom"
"5052320269839","United Kingdom"
"5052909732600","United Kingdom"
"5052910395559","United Kingdom"
"5052910706706","United Kingdom"
"5053827101424","United Kingdom"
"5053827190046","United Kingdom"
"5053827193368","United Kingdom"
"5053827199469","United Kingdom"
"5053990107339","United Kingdom"
"5053990107384","United Kingdom"
"5053990127726","United Kingdom"
"5053990127740","United Kingdom"
"5053990167807","United Kingdom"
"5053990167845","United Kingdom"
"5053990175826","United Kingdom"
"5053990175888","United Kingdom"
"5053990175949","United Kingdom"
"5053990176168","United Kingdom"
"5053990179060","United Kingdom"
"5054402006486","United Kingdom"
"5054775188239","United Kingdom"
"5054775188321","United Kingdom"
"5054775467549","United Kingdom"
"5055940101145","United Kingdom"
"5055958701054","United Kingdom"
"5055958704161","United Kingdom"
"5055958705342","United Kingdom"
"5055958705427","United Kingdom"
"5055958706288","United Kingdom"
"5055958706721","United Kingdom"
"5056051802419","United Kingdom"
"5056053305703","United Kingdom"
"5056053305802","United Kingdom"
"5056053308742","United Kingdom"
"5056138201807","United Kingdom"
"5056215600103","United Kingdom"
"5056215600721","United Kingdom"
"5056215600738","United Kingdom"
"5056315500884","United Kingdom"
"5056315500891","United Kingdom"
"5057373489593","United Kingdom"
"5057373749130","United Kingdom"
"5057545744765","United Kingdom"
"5057545807132","United Kingdom"
"5057545878798","United Kingdom"
"5057545916049","United Kingdom"
"5057545928769","United Kingdom"
"5057753158422","United Kingdom"
"5057967342044","United Kingdom"
"5057967395071","United Kingdom"
"5057967395088","United Kingdom"
"5057967395132","United Kingdom"
"5059319004051","United Kingdom"
"5059319013473","United Kingdom"
"5059319029016","United Kingdom"
"5059319029702","United Kingdom"
"5059319030517","United Kingdom"
"5059319033501","United Kingdom"
"5059512738814","United Kingdom"
"5059697684616","United Kingdom"
"5059697710001","United Kingdom"
"5059697729072","United Kingdom"
"5059697731860","United Kingdom"
"5060040253724","United Kingdom"
"5060042641000","United Kingdom"
"5060042641406","United Kingdom"
"5060042641413","United Kingdom"
"5060042641420","United Kingdom"
"5060042641437","United Kingdom"
"5060043225353","United Kingdom"
"5060043225414","United Kingdom"
"5060055251548","United Kingdom"
"5060069170033","United Kingdom"
"5060087943947","United Kingdom"
"5060088700082","United Kingdom"
"5060088700099","United Kingdom"
"5060088700105","United Kingdom"
"5060088700112","United Kingdom"
"5060088700136","United Kingdom"
"5060088700822","United Kingdom"
"5060088701447","United Kingdom"
"5060088701478","United Kingdom"
"5060088701980","United Kingdom"
"5060088702000","United Kingdom"
"5060088704097","United Kingdom"
"5060088704882","United Kingdom"
"5060088705179","United Kingdom"
"5060088705230","United Kingdom"
"5060088705940","United Kingdom"
"5060088706534","United Kingdom"
"5060092030977","United Kingdom"
"5060092690331","United Kingdom"
"5060092690461","United Kingdom"
"5060108450003","United Kingdom"
"5060120281975","United Kingdom"
"5060120282019","United Kingdom"
"5060132281796","United Kingdom"
"5060139434362","United Kingdom"
"5060183673915","United Kingdom"
"5060198640261","United Kingdom"
"5060198640360","United Kingdom"
"5060198640643","United Kingdom"
"5060198641183","United Kingdom"
"5060198641251","United Kingdom"
"5060198642760","United Kingdom"
"5060198643156","United Kingdom"
"5060198643583","United Kingdom"
"5060198645617","United Kingdom"
"5060198645624","United Kingdom"
"5060198820052","United Kingdom"
"5060198820847","United Kingdom"
"5060201621805","United Kingdom"
"5060228323799","United Kingdom"
"5060228323980","United Kingdom"
"5060235980589","United Kingdom"
"5060283760072","United Kingdom"
"5060283760669","United Kingdom"
"5060283760812","United Kingdom"
"5060283762199","United Kingdom"
"5060283762212","United Kingdom"
"5060298571250","United Kingdom"
"5060317350033","United Kingdom"
"5060317350040","United Kingdom"
"5060317351474","United Kingdom"
"5060337220149","United Kingdom"
"5060337220415","United Kingdom"
"5060337221085","United Kingdom"
"5060337222143","United Kingdom"
"5060337222150","United Kingdom"
"5060337222174","United Kingdom"
"5060337222334","United Kingdom"
"5060362070474","United Kingdom"
"5060362071594","United Kingdom"
"5060362072102","United Kingdom"
"5060362074342","United Kingdom"
"5060362074373","United Kingdom"
"5060367180758","United Kingdom"
"5060367181274","United Kingdom"
"5060367181311","United Kingdom"
"5060367181977","United Kingdom"
"5060367181984","United Kingdom"
"5060406080452","United Kingdom"
"5060482840179","United Kingdom"
"5060482840209","United Kingdom"
"5060482840766","United Kingdom"
"5060482841565","United Kingdom"
"5060482841992","United Kingdom"
"5060490400242","United Kingdom"
"5060490400396","United Kingdom"
"5060719920001","United Kingdom"
"5060853640049","United Kingdom"
"5060853640131","United Kingdom"
"5060878780386","United Kingdom"
"5060878780713","United Kingdom"
"5060925290752","United Kingdom"
"5065009224302","United Kingdom"
"5070000126548","United Kingdom"
"5070000126579","United Kingdom"
"5099077004306","United Kingdom"
"5099801003315","United Kingdom"
"5099801003339","United Kingdom"
"51000005","United Kingdom"
"5201004021328","United Kingdom"
"5201054017418","United Kingdom"
"5201054017432","United Kingdom"
"5201054017517","United Kingdom"
"5201054017531","United Kingdom"
"5202390020407","United Kingdom"
"5391511420209","United Kingdom"
"5391528180073","United Kingdom"
"5391532121710","United Kingdom"
"5391532124162","United Kingdom"
"5391532124179","United Kingdom"
"5410126006353","United Kingdom"
"5410126006360","United Kingdom"
"5410126116236","United Kingdom"
"5410126116953","United Kingdom"
"5410126716016","United Kingdom"
"5410126836066","United Kingdom"
"5411188102809","United Kingdom"
"5411188106814","United Kingdom"
"5411188110835","United Kingdom"
"5411188110842","United Kingdom"
"5411188112709","United Kingdom"
"5411188115366","United Kingdom"
"5411188116592","United Kingdom"
"5411188118961","United Kingdom"
"5411188119098","United Kingdom"
"5411188119753","United Kingdom"
"5411188121213","United Kingdom"
"5411188124702","United Kingdom"
"5411188127697","United Kingdom"
"5411188128311","United Kingdom"
"5411188130031","United Kingdom"
"5411188130055","United Kingdom"
"5411188543381","United Kingdom"
"5412514350000","United Kingdom"
"5449000000439","United Kingdom"
"5449000000996","United Kingdom"
"5449000004840","United Kingdom"
"5449000011527","United Kingdom"
"5449000014535","United Kingdom"
"5449000020987","United Kingdom"
"5449000028921","United Kingdom"
"5449000054227","United Kingdom"
"5449000130389","United Kingdom"
"5449000131805","United Kingdom"
"5449000131836","United Kingdom"
"5449000214799","United Kingdom"
"5449000267412","United Kingdom"
"54491472","United Kingdom"
"54492790","United Kingdom"
"5701977000097","United Kingdom"
"5701977550554","United Kingdom"
"5711953068881","United Kingdom"
"5740900402751","United Kingdom"
"5740900404465","United Kingdom"
"5740900404496","United Kingdom"
"5740900404540","United Kingdom"
"5740900404779","United Kingdom"
"5740900805309","United Kingdom"
"5740900805408","United Kingdom"
"5900085011012","United Kingdom"
"5900531000010","United Kingdom"
"5900531001130","United Kingdom"
"5900951313592","United Kingdom"
"5901520000059","United Kingdom"
"5902057001748","United Kingdom"
"6111035000058","United Kingdom"
"6111035000430","United Kingdom"
"6111195023423","United Kingdom"
"6191509900671","United Kingdom"
"6191509905058","United Kingdom"
"6410500090014","United Kingdom"
"6420211000332","United Kingdom"
"6921180820025","United Kingdom"
"6921804700269","United Kingdom"
"7290104507045","United Kingdom"
"7300400118101","United Kingdom"
"7311071330815","United Kingdom"
"7394376123337","United Kingdom"
"7394376616228","United Kingdom"
"7394376620157","United Kingdom"
"7394376620713","United Kingdom"
"7394376665028","United Kingdom"
"7394376665035","United Kingdom"
"75041670","United Kingdom"
"7591002000547","United Kingdom"
"7610100034084","United Kingdom"
"7610400070577","United Kingdom"
"7611100054713","United Kingdom"
"7613031473113","United Kingdom"
"7613287152183","United Kingdom"
"7613287157201","United Kingdom"
"7613287194374","United Kingdom"
"7614500010013","United Kingdom"
"7622201386597","United Kingdom"
"7622201499679","United Kingdom"
"7622201693916","United Kingdom"
"7622201693954","United Kingdom"
"7622201695521","United Kingdom"
"7622202018701","United Kingdom"
"7622210249661","United Kingdom"
"7622210578464","United Kingdom"
"7622210580092","United Kingdom"
"7622210584724","United Kingdom"
"7622210740427","United Kingdom"
"7622300315269","United Kingdom"
"7622300315283","United Kingdom"
"8000320010088","United Kingdom"
"8000320010095","United Kingdom"
"8000320010118","United Kingdom"
"8000380153442","United Kingdom"
"8000430132267","United Kingdom"
"8000430135268","United Kingdom"
"8000430138719","United Kingdom"
"8000500032237","United Kingdom"
"8000500227848","United Kingdom"
"8000500309469","United Kingdom"
"8000500359556","United Kingdom"
"8000500359815","United Kingdom"
"8000500359884","United Kingdom"
"8000500416938","United Kingdom"
"8000500426494","United Kingdom"
"8001060000261","United Kingdom"
"8001060000926","United Kingdom"
"8001060000933","United Kingdom"
"8001060375109","United Kingdom"
"8001250009999","United Kingdom"
"8001250120076","United Kingdom"
"8001250120120","United Kingdom"
"8001250120342","United Kingdom"
"8001250120410","United Kingdom"
"8001585008155","United Kingdom"
"8001665705073","United Kingdom"
"8002210112445","United Kingdom"
"8002210500204","United Kingdom"
"8004030026018","United Kingdom"
"80042532","United Kingdom"
"80042563","United Kingdom"
"80050278","United Kingdom"
"8005110000775","United Kingdom"
"8005110001673","United Kingdom"
"8005110004674","United Kingdom"
"8005110060007","United Kingdom"
"8005110171710","United Kingdom"
"8005110413520","United Kingdom"
"8005110517006","United Kingdom"
"8005110518003","United Kingdom"
"8005110519000","United Kingdom"
"8005110551215","United Kingdom"
"8005110630408","United Kingdom"
"80052760","United Kingdom"
"8008343200660","United Kingdom"
"8008343201179","United Kingdom"
"8008698002070","United Kingdom"
"8008698005576","United Kingdom"
"8008698007303","United Kingdom"
"80176800","United Kingdom"
"80177616","United Kingdom"
"80751151","United Kingdom"
"80761761","United Kingdom"
"8076800195057","United Kingdom"
"8076800376999","United Kingdom"
"8076802085981","United Kingdom"
"8076809513753","United Kingdom"
"8076809521581","United Kingdom"
"8076809523509","United Kingdom"
"8076809523547","United Kingdom"
"8076809523738","United Kingdom"
"8076809529419","United Kingdom"
"8076809545440","United Kingdom"
"8076809572897","United Kingdom"
"8076809574082","United Kingdom"
"8402001010873","United Kingdom"
"8410076481597","United Kingdom"
"8410076482495","United Kingdom"
"8410076600479","United Kingdom"
"8410076600790","United Kingdom"
"8410076600837","United Kingdom"
"8410076801180","United Kingdom"
"8410076801197","United Kingdom"
"8410076801203","United Kingdom"
"8410076900302","United Kingdom"
"8410076901002","United Kingdom"
"8410076901019","United Kingdom"
"8410076901026","United Kingdom"
"8410076901033","United Kingdom"
"8410076901125","United Kingdom"
"8422174010029","United Kingdom"
"8445290345608","United Kingdom"
"8445291301948","United Kingdom"
"8711327370708","United Kingdom"
"8711327373105","United Kingdom"
"8711327609082","United Kingdom"
"8712566134144","United Kingdom"
"8712566479665","United Kingdom"
"8715000998630","United Kingdom"
"8715035110106","United Kingdom"
"8715035110502","United Kingdom"
"8715035110809","United Kingdom"
"8715035130104","United Kingdom"
"8715035130302","United Kingdom"
"8715035150300","United Kingdom"
"8715035210301","United Kingdom"
"8715700407760","United Kingdom"
"8715700423951","United Kingdom"
"87157215","United Kingdom"
"87157239","United Kingdom"
"8717677339914","United Kingdom"
"8718114724485","United Kingdom"
"8718868006004","United Kingdom"
"8719200204768","United Kingdom"
"8719200237902","United Kingdom"
"8719200252332","United Kingdom"
"8719200255333","United Kingdom"
"8719200269743","United Kingdom"
"8719200269828","United Kingdom"
"8719200269934","United Kingdom"
"8719200274365","United Kingdom"
"8719200276581","United Kingdom"
"8719979201470","United Kingdom"
"8720182592446","United Kingdom"
"8721800400884","United Kingdom"
"8722700479475","United Kingdom"
"8801073110502","United Kingdom"
"8852018101017","United Kingdom"
"8853662056005","United Kingdom"
"8853662056012","United Kingdom"
"8853662056029","United Kingdom"
"8853662056661","United Kingdom"
"8901063092853","United Kingdom"
"8901063162914","United Kingdom"
"8901719135217","United Kingdom"
"8906010502294","United Kingdom"
"90162602","United Kingdom"
"90162800","United Kingdom"
"9322969000015","United Kingdom"
"9352042000298","United Kingdom"
"00001526","United States"
"00001977","United States"
"00038317","United States"
"0009800895007","United States"
"0009800895250","United States"
"0011210008328","United States"
"0012000028496","United States"
"0012970425035","United States"
"0013000001243","United States"
"0013000004640","United States"
"0013000006057","United States"
"0013000052528","United States"
"0013409451328","United States"
"0013409918104","United States"
"0013562000043","United States"
"0013764027039","United States"
"0013764027053","United States"
"0013764027121","United States"
"0013764027138","United States"
"0013764027220","United States"
"0013764027282","United States"
"0013764027756","United States"
"0013764028012","United States"
"0013764028029","United States"
"0013764028036","United States"
"0013764028074","United States"
"0013764028104","United States"
"0013764028142","United States"
"0013764028234","United States"
"0014100074670","United States"
"0014100075233","United States"
"0014100085478","United States"
"0014100085980","United States"
"0014113912549","United States"
"0015000047757","United States"
"0016000122543","United States"
"0016000124790","United States"
"0016000125063","United States"
"0016000147652","United States"
"0016000168756","United States"
"0016000169685","United States"
"0016000170032","United States"
"0016000264601","United States"
"0016000264694","United States"
"0016000275157","United States"
"0016000275263","United States"
"0016000275492","United States"
"0016000435094","United States"
"0016000437791","United States"
"0016000439627","United States"
"0016000439894","United States"
"0016000442825","United States"
"0016000468634","United States"
"0016000487598","United States"
"0016000487727","United States"
"0016000487949","United States"
"0016000507661","United States"
"0016229001711","United States"
"0016229901141","United States"
"0017077102322","United States"
"0018627116011","United States"
"0020685000294","United States"
"0020685000645","United States"
"0021000010615","United States"
"0021000026326","United States"
"0021000026494","United States"
"0021000612239","United States"
"0021000658930","United States"
"0021908120232","United States"
"0021908133218","United States"
"0022000159335","United States"
"0022592007014","United States"
"0024000001645","United States"
"0024000011859","United States"
"0024000163022","United States"
"0024100106851","United States"
"0024100122035","United States"
"0024463061095","United States"
"0024463061163","United States"
"0025293001497","United States"
"0025293600232","United States"
"0027331000325","United States"
"0027400103070","United States"
"0028000708801","United States"
"0028400040112","United States"
"0028400064088","United States"
"0028400070980","United States"
"0028400090858","United States"
"0028400090896","United States"
"0028400147392","United States"
"0028400147408","United States"
"0028400147415","United States"
"0028400183826","United States"
"0028400199148","United States"
"0028400247245","United States"
"0028400314015","United States"
"0028400516310","United States"
"0028400516464","United States"
"0028400517737","United States"
"0028400564632","United States"
"0028400589291","United States"
"0028400705769","United States"
"0029000076501","United States"
"0030000010204","United States"
"0030000010402","United States"
"0030000011805","United States"
"0030000012000","United States"
"0030000169001","United States"
"0030000169018","United States"
"0030000169100","United States"
"0030000169476","United States"
"0030000436073","United States"
"0030000567319","United States"
"0030000572429","United States"
"0030100100577","United States"
"0031146150601","United States"
"0031200029829","United States"
"0033617007032","United States"
"0033617322616","United States"
"0033617340610","United States"
"0033776011000","United States"
"0033776011710","United States"
"0034000052004","United States"
"0034000400126","United States"
"0034360005986","United States"
"0034360006143","United States"
"0034361235375","United States"
"0034361325250","United States"
"0034361451683","United States"
"0034361482953","United States"
"0034361485756","United States"
"0034361588136","United States"
"0034361602030","United States"
"0034361690334","United States"
"0034361704642","United States"
"0034361729218","United States"
"0034361824364","United States"
"0034361953637","United States"
"0034361974212","United States"
"0034500144490","United States"
"0034856008187","United States"
"0036632002822","United States"
"0036632019448","United States"
"0036632020192","United States"
"0036632024268","United States"
"0036632039200","United States"
"0037466016450","United States"
"0037466017631","United States"
"0037466042695","United States"
"0037600106252","United States"
"0037600106740","United States"
"0037600110754","United States"
"0037600223324","United States"
"0037600223348","United States"
"0038000138430","United States"
"0038000138577","United States"
"0038000198410","United States"
"0039000045049","United States"
"0039047001152","United States"
"0039047001404","United States"
"0039400018803","United States"
"0039978001733","United States"
"0039978011039","United States"
"0039978011732","United States"
"0039978033758","United States"
"0039978049520","United States"
"0039978501035","United States"
"0040600022651","United States"
"0040822011143","United States"
"0041143029060","United States"
"0041143128701","United States"
"0041192102110","United States"
"0041192102394","United States"
"0041390001055","United States"
"00414234","United States"
"0041500000251","United States"
"0041500007007","United States"
"0041500805023","United States"
"0041500888125","United States"
"0041508800129","United States"
"0041570052785","United States"
"0041570054161","United States"
"0041570054420","United States"
"0041570056189","United States"
"0041570056707","United States"
"0041570130766","United States"
"0041757025397","United States"
"0041789001215","United States"
"0041789002113","United States"
"0041789002120","United States"
"0041790001600","United States"
"0042272005826","United States"
"00427920","United States"
"0044000000578","United States"
"0044000004637","United States"
"0044000028282","United States"
"0044000031114","United States"
"0044000031138","United States"
"0044000031930","United States"
"0044000042417","United States"
"0044000044718","United States"
"0044000045463","United States"
"0044000047764","United States"
"0044000050986","United States"
"0044000051013","United States"
"0044000051693","United States"
"0044000060237","United States"
"0044000069193","United States"
"0044000069216","United States"
"0044000069223","United States"
"0044000069230","United States"
"0044100156182","United States"
"0045300005492","United States"
"0047495013054","United States"
"0047495112900","United States"
"0047495610048","United States"
"0048000002457","United States"
"0048000002488","United States"
"0048001213388","United States"
"0048001354500","United States"
"0048121102081","United States"
"0048121276201","United States"
"0048121277079","United States"
"0049000040869","United States"
"0049000042566","United States"
"0049508001409","United States"
"0049508006923","United States"
"0049508250302","United States"
"0049733091015","United States"
"0049733123457","United States"
"0050000010110","United States"
"0051000000118","United States"
"0051000012517","United States"
"0051000012616","United States"
"0051000012920","United States"
"0051500017005","United States"
"0051500053300","United States"
"0051500068243","United States"
"0051500240946","United States"
"0051500241776","United States"
"0051500243213","United States"
"0051500245408","United States"
"0051500255162","United States"
"0051500255377","United States"
"0051500255650","United States"
"0051500720011","United States"
"0051500902882","United States"
"0052159000011","United States"
"0052159532505","United States"
"0055653670247","United States"
"00559027","United States"
"0055991040160","United States"
"0058449770206","United States"
"0058449770213","United States"
"0058449770565","United States"
"0058449890072","United States"
"0059290573220","United States"
"00595834","United States"
"0060885000670","United States"
"0061232201047","United States"
"00614207","United States"
"0070177075101","United States"
"0070303022160","United States"
"0070662010037","United States"
"0070847012474","United States"
"0070970474088","United States"
"0071100005516","United States"
"0071146002456","United States"
"0071146003019","United States"
"0071146008274","United States"
"0071464022853","United States"
"0072250011372","United States"
"0072250020749","United States"
"0072250020756","United States"
"0072250037068","United States"
"0072250037129","United States"
"0072250049191","United States"
"0072945601345","United States"
"0072945601369","United States"
"0072945612419","United States"
"0072945715882","United States"
"0073130001322","United States"
"0073132031112","United States"
"0073410013854","United States"
"0073410955970","United States"
"0073410956052","United States"
"0073416000148","United States"
"0073420000110","United States"
"0073420016142","United States"
"0073420516208","United States"
"0073420516406","United States"
"0073420524203","United States"
"0073420524401","United States"
"0073435000044","United States"
"0073472001202","United States"
"0073472001233","United States"
"0073731001219","United States"
"0073731004159","United States"
"0073731071076","United States"
"0073731071090","United States"
"0073731071199","United States"
"0074305066054","United States"
"0074822610631","United States"
"0078354303559","United States"
"0078355550006","United States"
"00787178","United States"
"0078742016856","United States"
"0078742351865","United States"
"0078895126396","United States"
"0078895300017","United States"
"0078895300024","United States"
"00818148","United States"
"0082592660152","United States"
"0082592720153","United States"
"0084000901024","United States"
"0084380957246","United States"
"0084380957444","United States"
"0084380957840","United States"
"0088702015607","United States"
"0088702024982","United States"
"0089094026219","United States"
"00957328","United States"
"0096619016280","United States"
"0096619032938","United States"
"0096619034444","United States"
"0096619066254","United States"
"0096619067077","United States"
"0096619067237","United States"
"0096619104574","United States"
"0096619107698","United States"
"0096619114016","United States"
"0096619142453","United States"
"0096619160754","United States"
"0096619194261","United States"
"0096619196470","United States"
"0096619215607","United States"
"0096619215690","United States"
"0096619217939","United States"
"0096619222490","United States"
"0096619225798","United States"
"0096619237494","United States"
"0096619274857","United States"
"0096619313945","United States"
"0096619313952","United States"
"0096619331161","United States"
"0096619332731","United States"
"0096619332748","United States"
"0096619336753","United States"
"0096619362851","United States"
"0096619381555","United States"
"0096619422487","United States"
"0096619440498","United States"
"0096619483556","United States"
"0096619488827","United States"
"0096619508211","United States"
"0096619508228","United States"
"0096619516698","United States"
"0096619533008","United States"
"0096619533602","United States"
"0096619545346","United States"
"0096619555505","United States"
"0096619615162","United States"
"0096619656493","United States"
"0096619676811","United States"
"0096619679133","United States"
"0096619710553","United States"
"0096619756803","United States"
"0096619782581","United States"
"0096619846016","United States"
"0096619859696","United States"
"0096619885718","United States"
"0096619885725","United States"
"0096619916245","United States"
"0096619928927","United States"
"0096619937325","United States"
"0096619977819","United States"
"0096619983582","United States"
"0097339000030","United States"
"0097339000054","United States"
"0098308243236","United States"
"01115215","United States"
"01208500","United States"
"0123456789012","United States"
"01312403","United States"
"01346604","United States"
"01364008","United States"
"01771879","United States"
"0180999001001","United States"
"0190646630089","United States"
"0190646641016","United States"
"0190912100865","United States"
"0193908005175","United States"
"0193968409326","United States"
"0196633918901","United States"
"0196633982797","United States"
"02289805","United States"
"02289902","United States"
"03403112","United States"
"03424005","United States"
"03431209","United States"
"04904403","United States"
"04913207","United States"
"04965802","United States"
"0602652170300","United States"
"0602652171826","United States"
"0602652171864","United States"
"0602652171994","United States"
"0602652176517","United States"
"0602652203015","United States"
"0602652419294","United States"
"0602652419300","United States"
"0605870000152","United States"
"06104696","United States"
"0612322000202","United States"
"0626027811025","United States"
"0633148100624","United States"
"0643843714477","United States"
"0643843714507","United States"
"0643843715344","United States"
"0643843715351","United States"
"0643843718581","United States"
"0675625371189","United States"
"0687456211091","United States"
"0687456213057","United States"
"0687456213064","United States"
"0687456221045","United States"
"0687456221052","United States"
"0687456225432","United States"
"0689544072102","United States"
"0689544080008","United States"
"0689544080206","United States"
"0689544083009","United States"
"0689544083016","United States"
"0689544083023","United States"
"0705599011610","United States"
"0705599011627","United States"
"0705599019630","United States"
"0708163118388","United States"
"0708163118531","United States"
"0708163120589","United States"
"0708163260933","United States"
"0708747151930","United States"
"0708953628134","United States"
"0709586514856","United States"
"0711575102005","United States"
"0715756100019","United States"
"0715756200023","United States"
"0716270001660","United States"
"0722252100900","United States"
"0722252101204","United States"
"0722252702067","United States"
"0731216103987","United States"
"07342646","United States"
"0737539191205","United States"
"0744473912353","United States"
"0747479000079","United States"
"0747479000413","United States"
"0747479001052","United States"
"0747599607219","United States"
"0748404287947","United States"
"0748404420238","United States"
"0748927059113","United States"
"0748927065404","United States"
"0749826126487","United States"
"0753656701271","United States"
"0767707001067","United States"
"0767707001678","United States"
"0775075110298","United States"
"0782733000020","United States"
"07831504","United States"
"0810019600302","United States"
"0810032300463","United States"
"0810075553161","United States"
"0810091780947","United States"
"0810167392029","United States"
"0810589030295","United States"
"0810589032312","United States"
"0810607020710","United States"
"0811130033727","United States"
"0811130033734","United States"
"0811130034083","United States"
"0811620020169","United States"
"0811620020633","United States"
"0811620020657","United States"
"0811620021951","United States"
"0811620021968","United States"
"0811620021982","United States"
"0811620022118","United States"
"0811620022194","United States"
"0813636023356","United States"
"0813694026719","United States"
"0815074020003","United States"
"0815074022809","United States"
"0815074022915","United States"
"0815099020309","United States"
"0815099020446","United States"
"0815099021641","United States"
"0815099021726","United States"
"0818290015150","United States"
"0818290017710","United States"
"0818290017734","United States"
"0818290018571","United States"
"0818780011938","United States"
"0819562022791","United States"
"0829515300579","United States"
"0829696000534","United States"
"0829696000800","United States"
"0829696001029","United States"
"0830028000832","United States"
"0839138003023","United States"
"0839138007007","United States"
"0840229305933","United States"
"0842515009464","United States"
"0846548085273","United States"
"0846548085280","United States"
"0846548087635","United States"
"0850000429093","United States"
"0850000429116","United States"
"0850000547568","United States"
"0850004554005","United States"
"0850004554012","United States"
"0850004554029","United States"
"0850004554869","United States"
"0850004639856","United States"
"0850017468993","United States"
"0850019568240","United States"
"0850031719248","United States"
"0850031990005","United States"
"0850034219356","United States"
"0850036699187","United States"
"0850045947576","United States"
"0850251004001","United States"
"0850251004018","United States"
"0850251004643","United States"
"0850251004940","United States"
"0850791002000","United States"
"0850791002352","United States"
"0851371007026","United States"
"0851562007040","United States"
"0851769007003","United States"
"0851769007010","United States"
"0851770003179","United States"
"0851770003254","United States"
"0851770003926","United States"
"0851770007566","United States"
"0851770008297","United States"
"0851770008631","United States"
"0851770008785","United States"
"0852909003305","United States"
"0852909003428","United States"
"0853016002076","United States"
"0853358000495","United States"
"0854837006151","United States"
"0855140002168","United States"
"0855140002175","United States"
"0855140002663","United States"
"0855188003004","United States"
"0855469006557","United States"
"0855569003029","United States"
"0855712008017","United States"
"0856069005124","United States"
"0856069005131","United States"
"0856069005193","United States"
"0856069005209","United States"
"0856069005742","United States"
"0856069005957","United States"
"0856088003736","United States"
"0856088003750","United States"
"0856088003965","United States"
"0856312002757","United States"
"0856312002771","United States"
"0856312002795","United States"
"0856416000710","United States"
"0856461008662","United States"
"0856584004183","United States"
"0856584004763","United States"
"0857111004232","United States"
"0857273008666","United States"
"0857484006611","United States"
"0857549004248","United States"
"0857777004195","United States"
"0857777004232","United States"
"0858030008417","United States"
"0859146006175","United States"
"0859146006243","United States"
"0859922007396","United States"
"0859977005279","United States"
"0860002992570","United States"
"0860479001522","United States"
"0861029000118","United States"
"0863699000108","United States"
"0879890001950","United States"
"0879890002995","United States"
"0884912004710","United States"
"0884912004727","United States"
"0884912126016","United States"
"0884912126115","United States"
"0884912180599","United States"
"0888849000005","United States"
"0888849000012","United States"
"0889392000313","United States"
"0889392021394","United States"
"0890000001004","United States"
"0894697002184","United States"
"0894700010014","United States"
"0894700010021","United States"
"0894700010045","United States"
"0894700010052","United States"
"0894700010069","United States"
"0894700010137","United States"
"0894700010144","United States"
"0894700010267","United States"
"0894700010434","United States"
"0897580000106","United States"
"0897922002171","United States"
"0898248001077","United States"
"0898248001411","United States"
"0898248001428","United States"
"0898999000022","United States"
"0898999010007","United States"
"0898999011288","United States"
"09141209","United States"
"10614594","United States"
"11117780","United States"
"11212111","United States"
"1234567890128","United States"
"12562213","United States"
"13356194","United States"
"20000691","United States"
"20004217","United States"
"20004330","United States"
"20005559","United States"
"20005573","United States"
"20005832","United States"
"20048402","United States"
"20083786","United States"
"20084035","United States"
"20166076","United States"
"20203450","United States"
"20310936","United States"
"20333737","United States"
"20357146","United States"
"20362041","United States"
"20399412","United States"
"20403027","United States"
"20470197","United States"
"20481957","United States"
"20525750","United States"
"20621483","United States"
"20836573","United States"
"3017620425035","United States"
"3017760306492","United States"
"3019081239879","United States"
"3023290009055","United States"
"3033491451683","United States"
"3033491917066","United States"
"3036811460259","United States"
"3038350013804","United States"
"3038350014603","United States"
"3068110801235","United States"
"3068320130040","United States"
"3076820002064","United States"
"3161711000622","United States"
"3165440006702","United States"
"3168930007340","United States"
"3173281446595","United States"
"3175680011480","United States"
"3175681072916","United States"
"3175681134904","United States"
"3178530409673","United States"
"3180054547007","United States"
"3228850006035","United States"
"3228857001491","United States"
"3245550078674","United States"
"3245550078704","United States"
"3256221848854","United States"
"3256540000698","United States"
"3263670166316","United States"
"3270190136880","United States"
"3270190174349","United States"
"3270190174356","United States"
"3273220085523","United States"
"3274080005003","United States"
"3280220872015","United States"
"3297760097051","United States"
"3330720280015","United States"
"3347761000670","United States"
"3392780007001","United States"
"3449865367250","United States"
"3451790988677","United States"
"3497911123350","United States"
"3523680488359","United States"
"3560070854998","United States"
"3560070894772","United States"
"3560071170318","United States"
"3564700005262","United States"
"3564700007280","United States"
"3564700633656","United States"
"3564700737927","United States"
"3564700738009","United States"
"3564709191836","United States"
"3608580823452","United States"
"3609200010726","United States"
"3664346304863","United States"
"3700864005209","United States"
"3859888858336","United States"
"4000539142628","United States"
"4008713756661","United States"
"4014400926279","United States"
"4032277012819","United States"
"4056489166856","United States"
"4056489255499","United States"
"4056489810612","United States"
"4056489822561","United States"
"4061459332896","United States"
"4067796002003","United States"
"4067796063332","United States"
"4067796194807","United States"
"4099100003864","United States"
"4099100008654","United States"
"4099100042955","United States"
"4099100117288","United States"
"4099100150889","United States"
"4099100195774","United States"
"4099100207149","United States"
"4099100253092","United States"
"42104964","United States"
"42105220","United States"
"4897036692455","United States"
"5000112519945","United States"
"5000147030125","United States"
"5000168036670","United States"
"5000183501108","United States"
"5000232024602","United States"
"5000354800931","United States"
"5000436734345","United States"
"5010029000023","United States"
"5010029219494","United States"
"5010044002316","United States"
"5010044006529","United States"
"5010251720072","United States"
"5011835102390","United States"
"5013665117537","United States"
"50184453","United States"
"5018735224924","United States"
"5021185201223","United States"
"5022019310203","United States"
"5023528000036","United States"
"5025125000006","United States"
"5025125000129","United States"
"5035660138782","United States"
"5036589255550","United States"
"5053990161669","United States"
"5053990175888","United States"
"5057545744468","United States"
"5057545918777","United States"
"5057545928783","United States"
"5059319024479","United States"
"5060198820052","United States"
"5060360507538","United States"
"5060384263076","United States"
"5060770730281","United States"
"5410093179616","United States"
"5449000000439","United States"
"5449000000996","United States"
"5449000036872","United States"
"5449000046413","United States"
"5449000054227","United States"
"5449000061515","United States"
"5449000132277","United States"
"5449000147417","United States"
"5449000206770","United States"
"5449000214799","United States"
"5601312109020","United States"
"5601312876243","United States"
"5900012000232","United States"
"5900085011180","United States"
"5900749610339","United States"
"5901588018195","United States"
"6111018903161","United States"
"6111024001288","United States"
"6111024004746","United States"
"6111029000118","United States"
"6111031005064","United States"
"6111032001003","United States"
"6111032002208","United States"
"6111035000027","United States"
"6111035000058","United States"
"6111035000430","United States"
"6111035001383","United States"
"6111035001635","United States"
"6111035001673","United States"
"6111035002175","United States"
"6111035003004","United States"
"6111035003035","United States"
"6111099000278","United States"
"6111099000582","United States"
"6111099005396","United States"
"6111101001361","United States"
"6111162000716","United States"
"6111162000839","United States"
"6111180000231","United States"
"6111180000392","United States"
"6111184001562","United States"
"6111184004129","United States"
"6111184004730","United States"
"6111203001467","United States"
"6111203006653","United States"
"6111242100206","United States"
"6111242100305","United States"
"6111242100817","United States"
"6111242100930","United States"
"6111242100992","United States"
"6111242101180","United States"
"6111242102002","United States"
"6111242102781","United States"
"6111242103528","United States"
"6111242103702","United States"
"6111242106949","United States"
"6111242680647","United States"
"6111243860376","United States"
"6111246721261","United States"
"6111246721278","United States"
"6111246722039","United States"
"6111250477567","United States"
"6111251420166","United States"
"6111252421568","United States"
"6111252860077","United States"
"6111259341197","United States"
"6111259347861","United States"
"6111266962187","United States"
"6111270630379","United States"
"6111271520044","United States"
"6111271800054","United States"
"6191509900664","United States"
"6191509900671","United States"
"6191509900688","United States"
"6191509900862","United States"
"6191509905058","United States"
"6194001800722","United States"
"6923818881323","United States"
"7394376620157","United States"
"7501000111800","United States"
"7501030467090","United States"
"7610900299072","United States"
"7614500010617","United States"
"7614500035788","United States"
"7622202019265","United States"
"7622202225512","United States"
"7622202257421","United States"
"7622210021502","United States"
"7622210249661","United States"
"7622210449283","United States"
"7622210450098","United States"
"7622210601988","United States"
"7622210625243","United States"
"7622300845759","United States"
"7898024394181","United States"
"8000320010118","United States"
"8000500310427","United States"
"8005110413520","United States"
"80052760","United States"
"8008343200059","United States"
"80177616","United States"
"8076800195019","United States"
"8076800195057","United States"
"8076809513753","United States"
"8076809523509","United States"
"8402001010200","United States"
"8402001010873","United States"
"8402001026379","United States"
"8402001028823","United States"
"8410076471604","United States"
"8410076601445","United States"
"8410109000078","United States"
"8410109050509","United States"
"8410285127347","United States"
"8410376042511","United States"
"8410748301000","United States"
"8425197712024","United States"
"8480000866882","United States"
"8595564522645","United States"
"8695077006196","United States"
"8697439301925","United States"
"8710637105390","United States"
"8715700124834","United States"
"8715700407760","United States"
"8801069402451","United States"
"8801073110502","United States"
"8801073113893","United States"
"8801073115514","United States"
"8850389100684","United States"
"8850389111352","United States"
"8851613101378","United States"
"8851613101385","United States"
"8901058017670","United States"
"8901063012868","United States"
"8901063367173","United States"
"8901262010016","United States"
"8901491101844","United States"
"8901719117183","United States"
"8901719125348","United States"
"8901764042270","United States"
"8902080003075","United States"
"8906010500863","United States"
"8906010501242","United States"
"8906010502119","United States"
"8906035030055","United States"
"8996001414002","United States"
"90162602","United States"
"9310653102626","United States"
"9556041780629","United States"
"96119341","United States"
